{
  "type": "FeatureCollection",
  "features": [
    {
      "type": "Feature",
      "geometry": {
        "type": "Point",
        "coordinates": [
          -129.1453,
          44.2452
        ]
      },
      "properties": {
        "EventID": "us6000tzka",
        "Magnitude": 3.2,
        "MagnitudeGroup": "2.5 to <4.5",
        "Place": "off the coast of Oregon",
        "TimeUTC": "2026-10-04T18:56:14Z",
        "EventTime": 1791140174005,
        "DayUTC": "2026-10-04",
        "Depth_km": 10,
        "Longitude": -129.1453,
        "Latitude": 44.2452,
        "ReviewStatus": "reviewed",
        "MagnitudeType": "ml",
        "USGS_URL": "https://earthquake.usgs.gov/earthquakes/eventpage/us6000tzka",
        "Source": "USGS Earthquake Hazards Program",
        "SnapshotUTC": "2026-10-04T19:51:31Z"
      }
    },
    {
      "type": "Feature",
      "geometry": {
        "type": "Point",
        "coordinates": [
          36.1523,
          37.7789
        ]
      },
      "properties": {
        "EventID": "us6000tzjy",
        "Magnitude": 4.2,
        "MagnitudeGroup": "2.5 to <4.5",
        "Place": "21 km E of Feke, Turkey",
        "TimeUTC": "2026-10-04T17:28:13Z",
        "EventTime": 1791134893722,
        "DayUTC": "2026-10-04",
        "Depth_km": 11.956,
        "Longitude": 36.1523,
        "Latitude": 37.7789,
        "ReviewStatus": "reviewed",
        "MagnitudeType": "mwr",
        "USGS_URL": "https://earthquake.usgs.gov/earthquakes/eventpage/us6000tzjy",
        "Source": "USGS Earthquake Hazards Program",
        "SnapshotUTC": "2026-10-04T19:51:31Z"
      }
    },
    {
      "type": "Feature",
      "geometry": {
        "type": "Point",
        "coordinates": [
          104.7108,
          28.5785
        ]
      },
      "properties": {
        "EventID": "us6000tzjw",
        "Magnitude": 4.4,
        "MagnitudeGroup": "2.5 to <4.5",
        "Place": "13 km N of Xunchang, China",
        "TimeUTC": "2026-10-04T17:19:53Z",
        "EventTime": 1791134393148,
        "DayUTC": "2026-10-04",
        "Depth_km": 10,
        "Longitude": 104.7108,
        "Latitude": 28.5785,
        "ReviewStatus": "reviewed",
        "MagnitudeType": "mb",
        "USGS_URL": "https://earthquake.usgs.gov/earthquakes/eventpage/us6000tzjw",
        "Source": "USGS Earthquake Hazards Program",
        "SnapshotUTC": "2026-10-04T19:51:31Z"
      }
    },
    {
      "type": "Feature",
      "geometry": {
        "type": "Point",
        "coordinates": [
          -117.7635,
          38.2097
        ]
      },
      "properties": {
        "EventID": "nn00925269",
        "Magnitude": 2.52,
        "MagnitudeGroup": "2.5 to <4.5",
        "Place": "36 km ESE of Mina, Nevada",
        "TimeUTC": "2026-10-04T16:47:25Z",
        "EventTime": 1791132445790,
        "DayUTC": "2026-10-04",
        "Depth_km": 4.1361,
        "Longitude": -117.7635,
        "Latitude": 38.2097,
        "ReviewStatus": "automatic",
        "MagnitudeType": "ml",
        "USGS_URL": "https://earthquake.usgs.gov/earthquakes/eventpage/nn00925269",
        "Source": "USGS Earthquake Hazards Program",
        "SnapshotUTC": "2026-10-04T19:51:31Z"
      }
    },
    {
      "type": "Feature",
      "geometry": {
        "type": "Point",
        "coordinates": [
          -137.235,
          58.51
        ]
      },
      "properties": {
        "EventID": "aka2026trbbuc",
        "Magnitude": 3,
        "MagnitudeGroup": "2.5 to <4.5",
        "Place": "62 km WNW of Elfin Cove, Alaska",
        "TimeUTC": "2026-10-04T16:30:36Z",
        "EventTime": 1791131436607,
        "DayUTC": "2026-10-04",
        "Depth_km": 5,
        "Longitude": -137.235,
        "Latitude": 58.51,
        "ReviewStatus": "automatic",
        "MagnitudeType": "ml",
        "USGS_URL": "https://earthquake.usgs.gov/earthquakes/eventpage/aka2026trbbuc",
        "Source": "USGS Earthquake Hazards Program",
        "SnapshotUTC": "2026-10-04T19:51:31Z"
      }
    },
    {
      "type": "Feature",
      "geometry": {
        "type": "Point",
        "coordinates": [
          36.1388,
          37.7748
        ]
      },
      "properties": {
        "EventID": "us6000tzjn",
        "Magnitude": 4.3,
        "MagnitudeGroup": "2.5 to <4.5",
        "Place": "20 km ESE of Feke, Turkey",
        "TimeUTC": "2026-10-04T16:00:26Z",
        "EventTime": 1791129626211,
        "DayUTC": "2026-10-04",
        "Depth_km": 10,
        "Longitude": 36.1388,
        "Latitude": 37.7748,
        "ReviewStatus": "reviewed",
        "MagnitudeType": "mb",
        "USGS_URL": "https://earthquake.usgs.gov/earthquakes/eventpage/us6000tzjn",
        "Source": "USGS Earthquake Hazards Program",
        "SnapshotUTC": "2026-10-04T19:51:31Z"
      }
    },
    {
      "type": "Feature",
      "geometry": {
        "type": "Point",
        "coordinates": [
          -158.759,
          55.418
        ]
      },
      "properties": {
        "EventID": "aka2026tqyehr",
        "Magnitude": 2.5,
        "MagnitudeGroup": "2.5 to <4.5",
        "Place": "60 km SSE of Perryville, Alaska",
        "TimeUTC": "2026-10-04T15:03:30Z",
        "EventTime": 1791126210731,
        "DayUTC": "2026-10-04",
        "Depth_km": 27.6,
        "Longitude": -158.759,
        "Latitude": 55.418,
        "ReviewStatus": "automatic",
        "MagnitudeType": "ml",
        "USGS_URL": "https://earthquake.usgs.gov/earthquakes/eventpage/aka2026tqyehr",
        "Source": "USGS Earthquake Hazards Program",
        "SnapshotUTC": "2026-10-04T19:51:31Z"
      }
    },
    {
      "type": "Feature",
      "geometry": {
        "type": "Point",
        "coordinates": [
          118.8554,
          -9.8792
        ]
      },
      "properties": {
        "EventID": "us6000tzjg",
        "Magnitude": 4.2,
        "MagnitudeGroup": "2.5 to <4.5",
        "Place": "65 km SW of Tambolaka, Indonesia",
        "TimeUTC": "2026-10-04T14:59:44Z",
        "EventTime": 1791125984179,
        "DayUTC": "2026-10-04",
        "Depth_km": 25.554,
        "Longitude": 118.8554,
        "Latitude": -9.8792,
        "ReviewStatus": "reviewed",
        "MagnitudeType": "mb",
        "USGS_URL": "https://earthquake.usgs.gov/earthquakes/eventpage/us6000tzjg",
        "Source": "USGS Earthquake Hazards Program",
        "SnapshotUTC": "2026-10-04T19:51:31Z"
      }
    },
    {
      "type": "Feature",
      "geometry": {
        "type": "Point",
        "coordinates": [
          -104.6295,
          32.5442
        ]
      },
      "properties": {
        "EventID": "us6000tzj9",
        "Magnitude": 2.9,
        "MagnitudeGroup": "2.5 to <4.5",
        "Place": "31 km SSE of Hope, New Mexico",
        "TimeUTC": "2026-10-04T14:09:56Z",
        "EventTime": 1791122996506,
        "DayUTC": "2026-10-04",
        "Depth_km": 5,
        "Longitude": -104.6295,
        "Latitude": 32.5442,
        "ReviewStatus": "reviewed",
        "MagnitudeType": "ml",
        "USGS_URL": "https://earthquake.usgs.gov/earthquakes/eventpage/us6000tzj9",
        "Source": "USGS Earthquake Hazards Program",
        "SnapshotUTC": "2026-10-04T19:51:31Z"
      }
    },
    {
      "type": "Feature",
      "geometry": {
        "type": "Point",
        "coordinates": [
          -82.7171,
          5.3695
        ]
      },
      "properties": {
        "EventID": "us6000tzj8",
        "Magnitude": 5,
        "MagnitudeGroup": "4.5 to <6",
        "Place": "295 km S of Burica, Panama",
        "TimeUTC": "2026-10-04T14:06:10Z",
        "EventTime": 1791122770385,
        "DayUTC": "2026-10-04",
        "Depth_km": 10,
        "Longitude": -82.7171,
        "Latitude": 5.3695,
        "ReviewStatus": "reviewed",
        "MagnitudeType": "mww",
        "USGS_URL": "https://earthquake.usgs.gov/earthquakes/eventpage/us6000tzj8",
        "Source": "USGS Earthquake Hazards Program",
        "SnapshotUTC": "2026-10-04T19:51:31Z"
      }
    },
    {
      "type": "Feature",
      "geometry": {
        "type": "Point",
        "coordinates": [
          -155.084,
          57.033
        ]
      },
      "properties": {
        "EventID": "aka2026tqvifo",
        "Magnitude": 3.4,
        "MagnitudeGroup": "2.5 to <4.5",
        "Place": "56 km W of Akhiok, Alaska",
        "TimeUTC": "2026-10-04T13:38:07Z",
        "EventTime": 1791121087206,
        "DayUTC": "2026-10-04",
        "Depth_km": 65.3,
        "Longitude": -155.084,
        "Latitude": 57.033,
        "ReviewStatus": "automatic",
        "MagnitudeType": "ml",
        "USGS_URL": "https://earthquake.usgs.gov/earthquakes/eventpage/aka2026tqvifo",
        "Source": "USGS Earthquake Hazards Program",
        "SnapshotUTC": "2026-10-04T19:51:31Z"
      }
    },
    {
      "type": "Feature",
      "geometry": {
        "type": "Point",
        "coordinates": [
          -151.695,
          60.301
        ]
      },
      "properties": {
        "EventID": "aka2026tquwqe",
        "Magnitude": 2.6,
        "MagnitudeGroup": "2.5 to <4.5",
        "Place": "18 km WNW of Clam Gulch, Alaska",
        "TimeUTC": "2026-10-04T13:24:48Z",
        "EventTime": 1791120288891,
        "DayUTC": "2026-10-04",
        "Depth_km": 70.4,
        "Longitude": -151.695,
        "Latitude": 60.301,
        "ReviewStatus": "automatic",
        "MagnitudeType": "ml",
        "USGS_URL": "https://earthquake.usgs.gov/earthquakes/eventpage/aka2026tquwqe",
        "Source": "USGS Earthquake Hazards Program",
        "SnapshotUTC": "2026-10-04T19:51:31Z"
      }
    },
    {
      "type": "Feature",
      "geometry": {
        "type": "Point",
        "coordinates": [
          -150.666,
          60.381
        ]
      },
      "properties": {
        "EventID": "aka2026tqtplt",
        "Magnitude": 3.4,
        "MagnitudeGroup": "2.5 to <4.5",
        "Place": "14 km SSE of Funny River, Alaska",
        "TimeUTC": "2026-10-04T12:46:30Z",
        "EventTime": 1791117990522,
        "DayUTC": "2026-10-04",
        "Depth_km": 68.2,
        "Longitude": -150.666,
        "Latitude": 60.381,
        "ReviewStatus": "automatic",
        "MagnitudeType": "ml",
        "USGS_URL": "https://earthquake.usgs.gov/earthquakes/eventpage/aka2026tqtplt",
        "Source": "USGS Earthquake Hazards Program",
        "SnapshotUTC": "2026-10-04T19:51:31Z"
      }
    },
    {
      "type": "Feature",
      "geometry": {
        "type": "Point",
        "coordinates": [
          112.6395,
          -9.2014
        ]
      },
      "properties": {
        "EventID": "us6000tziz",
        "Magnitude": 4.6,
        "MagnitudeGroup": "4.5 to <6",
        "Place": "110 km S of Dampit, Indonesia",
        "TimeUTC": "2026-10-04T12:36:47Z",
        "EventTime": 1791117407744,
        "DayUTC": "2026-10-04",
        "Depth_km": 52.773,
        "Longitude": 112.6395,
        "Latitude": -9.2014,
        "ReviewStatus": "reviewed",
        "MagnitudeType": "mb",
        "USGS_URL": "https://earthquake.usgs.gov/earthquakes/eventpage/us6000tziz",
        "Source": "USGS Earthquake Hazards Program",
        "SnapshotUTC": "2026-10-04T19:51:31Z"
      }
    },
    {
      "type": "Feature",
      "geometry": {
        "type": "Point",
        "coordinates": [
          -117.2305,
          31.8803333333333
        ]
      },
      "properties": {
        "EventID": "ci41342975",
        "Magnitude": 2.7,
        "MagnitudeGroup": "2.5 to <4.5",
        "Place": "48 km SW of Primo Tapia, B.C., MX",
        "TimeUTC": "2026-10-04T12:18:15Z",
        "EventTime": 1791116295060,
        "DayUTC": "2026-10-04",
        "Depth_km": 16.02,
        "Longitude": -117.2305,
        "Latitude": 31.8803333333333,
        "ReviewStatus": "reviewed",
        "MagnitudeType": "ml",
        "USGS_URL": "https://earthquake.usgs.gov/earthquakes/eventpage/ci41342975",
        "Source": "USGS Earthquake Hazards Program",
        "SnapshotUTC": "2026-10-04T19:51:31Z"
      }
    },
    {
      "type": "Feature",
      "geometry": {
        "type": "Point",
        "coordinates": [
          -67.5431,
          -21.4303
        ]
      },
      "properties": {
        "EventID": "us6000tzis",
        "Magnitude": 4.2,
        "MagnitudeGroup": "2.5 to <4.5",
        "Place": "77 km ESE of Ollag\u00fce, Chile",
        "TimeUTC": "2026-10-04T12:07:53Z",
        "EventTime": 1791115673879,
        "DayUTC": "2026-10-04",
        "Depth_km": 169.095,
        "Longitude": -67.5431,
        "Latitude": -21.4303,
        "ReviewStatus": "reviewed",
        "MagnitudeType": "mb",
        "USGS_URL": "https://earthquake.usgs.gov/earthquakes/eventpage/us6000tzis",
        "Source": "USGS Earthquake Hazards Program",
        "SnapshotUTC": "2026-10-04T19:51:31Z"
      }
    },
    {
      "type": "Feature",
      "geometry": {
        "type": "Point",
        "coordinates": [
          36.1272,
          37.7292
        ]
      },
      "properties": {
        "EventID": "us6000tzip",
        "Magnitude": 5,
        "MagnitudeGroup": "4.5 to <6",
        "Place": "21 km ESE of Feke, Turkey",
        "TimeUTC": "2026-10-04T11:43:23Z",
        "EventTime": 1791114203167,
        "DayUTC": "2026-10-04",
        "Depth_km": 10,
        "Longitude": 36.1272,
        "Latitude": 37.7292,
        "ReviewStatus": "reviewed",
        "MagnitudeType": "mww",
        "USGS_URL": "https://earthquake.usgs.gov/earthquakes/eventpage/us6000tzip",
        "Source": "USGS Earthquake Hazards Program",
        "SnapshotUTC": "2026-10-04T19:51:31Z"
      }
    },
    {
      "type": "Feature",
      "geometry": {
        "type": "Point",
        "coordinates": [
          36.1685,
          37.7757
        ]
      },
      "properties": {
        "EventID": "us6000tzil",
        "Magnitude": 4.7,
        "MagnitudeGroup": "4.5 to <6",
        "Place": "22 km E of Feke, Turkey",
        "TimeUTC": "2026-10-04T11:36:26Z",
        "EventTime": 1791113786451,
        "DayUTC": "2026-10-04",
        "Depth_km": 10,
        "Longitude": 36.1685,
        "Latitude": 37.7757,
        "ReviewStatus": "reviewed",
        "MagnitudeType": "mww",
        "USGS_URL": "https://earthquake.usgs.gov/earthquakes/eventpage/us6000tzil",
        "Source": "USGS Earthquake Hazards Program",
        "SnapshotUTC": "2026-10-04T19:51:31Z"
      }
    },
    {
      "type": "Feature",
      "geometry": {
        "type": "Point",
        "coordinates": [
          36.1749,
          37.8028
        ]
      },
      "properties": {
        "EventID": "us6000tzif",
        "Magnitude": 4.7,
        "MagnitudeGroup": "4.5 to <6",
        "Place": "21 km SSE of Saimbeyli, Turkey",
        "TimeUTC": "2026-10-04T11:19:26Z",
        "EventTime": 1791112766314,
        "DayUTC": "2026-10-04",
        "Depth_km": 10,
        "Longitude": 36.1749,
        "Latitude": 37.8028,
        "ReviewStatus": "reviewed",
        "MagnitudeType": "mww",
        "USGS_URL": "https://earthquake.usgs.gov/earthquakes/eventpage/us6000tzif",
        "Source": "USGS Earthquake Hazards Program",
        "SnapshotUTC": "2026-10-04T19:51:31Z"
      }
    },
    {
      "type": "Feature",
      "geometry": {
        "type": "Point",
        "coordinates": [
          144.6734,
          22.8286
        ]
      },
      "properties": {
        "EventID": "us6000tzid",
        "Magnitude": 5.5,
        "MagnitudeGroup": "4.5 to <6",
        "Place": "Volcano Islands, Japan region",
        "TimeUTC": "2026-10-04T11:12:48Z",
        "EventTime": 1791112368270,
        "DayUTC": "2026-10-04",
        "Depth_km": 10,
        "Longitude": 144.6734,
        "Latitude": 22.8286,
        "ReviewStatus": "reviewed",
        "MagnitudeType": "mb",
        "USGS_URL": "https://earthquake.usgs.gov/earthquakes/eventpage/us6000tzid",
        "Source": "USGS Earthquake Hazards Program",
        "SnapshotUTC": "2026-10-04T19:51:31Z"
      }
    },
    {
      "type": "Feature",
      "geometry": {
        "type": "Point",
        "coordinates": [
          151.4257,
          -5.0439
        ]
      },
      "properties": {
        "EventID": "us6000tzic",
        "Magnitude": 4.6,
        "MagnitudeGroup": "4.5 to <6",
        "Place": "121 km SW of Kokopo, Papua New Guinea",
        "TimeUTC": "2026-10-04T11:09:47Z",
        "EventTime": 1791112187398,
        "DayUTC": "2026-10-04",
        "Depth_km": 162.143,
        "Longitude": 151.4257,
        "Latitude": -5.0439,
        "ReviewStatus": "reviewed",
        "MagnitudeType": "mb",
        "USGS_URL": "https://earthquake.usgs.gov/earthquakes/eventpage/us6000tzic",
        "Source": "USGS Earthquake Hazards Program",
        "SnapshotUTC": "2026-10-04T19:51:31Z"
      }
    },
    {
      "type": "Feature",
      "geometry": {
        "type": "Point",
        "coordinates": [
          120.5325,
          -8.2236
        ]
      },
      "properties": {
        "EventID": "us6000tzi8",
        "Magnitude": 4.8,
        "MagnitudeGroup": "4.5 to <6",
        "Place": "43 km N of Ruteng, Indonesia",
        "TimeUTC": "2026-10-04T10:52:27Z",
        "EventTime": 1791111147344,
        "DayUTC": "2026-10-04",
        "Depth_km": 10,
        "Longitude": 120.5325,
        "Latitude": -8.2236,
        "ReviewStatus": "reviewed",
        "MagnitudeType": "mb",
        "USGS_URL": "https://earthquake.usgs.gov/earthquakes/eventpage/us6000tzi8",
        "Source": "USGS Earthquake Hazards Program",
        "SnapshotUTC": "2026-10-04T19:51:31Z"
      }
    },
    {
      "type": "Feature",
      "geometry": {
        "type": "Point",
        "coordinates": [
          120.4532,
          -8.2698
        ]
      },
      "properties": {
        "EventID": "us6000tzi5",
        "Magnitude": 5,
        "MagnitudeGroup": "4.5 to <6",
        "Place": "37 km N of Ruteng, Indonesia",
        "TimeUTC": "2026-10-04T10:13:07Z",
        "EventTime": 1791108787298,
        "DayUTC": "2026-10-04",
        "Depth_km": 10,
        "Longitude": 120.4532,
        "Latitude": -8.2698,
        "ReviewStatus": "reviewed",
        "MagnitudeType": "mb",
        "USGS_URL": "https://earthquake.usgs.gov/earthquakes/eventpage/us6000tzi5",
        "Source": "USGS Earthquake Hazards Program",
        "SnapshotUTC": "2026-10-04T19:51:31Z"
      }
    },
    {
      "type": "Feature",
      "geometry": {
        "type": "Point",
        "coordinates": [
          -157.345,
          67.4
        ]
      },
      "properties": {
        "EventID": "aka2026tqmmzk",
        "Magnitude": 2.9,
        "MagnitudeGroup": "2.5 to <4.5",
        "Place": "41 km NNE of Ambler, Alaska",
        "TimeUTC": "2026-10-04T09:13:45Z",
        "EventTime": 1791105225974,
        "DayUTC": "2026-10-04",
        "Depth_km": 0.8,
        "Longitude": -157.345,
        "Latitude": 67.4,
        "ReviewStatus": "automatic",
        "MagnitudeType": "ml",
        "USGS_URL": "https://earthquake.usgs.gov/earthquakes/eventpage/aka2026tqmmzk",
        "Source": "USGS Earthquake Hazards Program",
        "SnapshotUTC": "2026-10-04T19:51:31Z"
      }
    },
    {
      "type": "Feature",
      "geometry": {
        "type": "Point",
        "coordinates": [
          -68.4311,
          18.5571
        ]
      },
      "properties": {
        "EventID": "pr2026277001",
        "Magnitude": 3.99,
        "MagnitudeGroup": "2.5 to <4.5",
        "Place": "3 km SW of Punta Cana, Dominican Republic",
        "TimeUTC": "2026-10-04T08:59:26Z",
        "EventTime": 1791104366420,
        "DayUTC": "2026-10-04",
        "Depth_km": 141,
        "Longitude": -68.4311,
        "Latitude": 18.5571,
        "ReviewStatus": "reviewed",
        "MagnitudeType": "md",
        "USGS_URL": "https://earthquake.usgs.gov/earthquakes/eventpage/pr2026277001",
        "Source": "USGS Earthquake Hazards Program",
        "SnapshotUTC": "2026-10-04T19:51:31Z"
      }
    },
    {
      "type": "Feature",
      "geometry": {
        "type": "Point",
        "coordinates": [
          -80.326,
          -3.0707
        ]
      },
      "properties": {
        "EventID": "us6000tzhy",
        "Magnitude": 4.3,
        "MagnitudeGroup": "2.5 to <4.5",
        "Place": "42 km WNW of Puerto Bol\u00edvar, Ecuador",
        "TimeUTC": "2026-10-04T08:57:21Z",
        "EventTime": 1791104241555,
        "DayUTC": "2026-10-04",
        "Depth_km": 42.93,
        "Longitude": -80.326,
        "Latitude": -3.0707,
        "ReviewStatus": "reviewed",
        "MagnitudeType": "mb",
        "USGS_URL": "https://earthquake.usgs.gov/earthquakes/eventpage/us6000tzhy",
        "Source": "USGS Earthquake Hazards Program",
        "SnapshotUTC": "2026-10-04T19:51:31Z"
      }
    },
    {
      "type": "Feature",
      "geometry": {
        "type": "Point",
        "coordinates": [
          -64.924,
          18.9618333333333
        ]
      },
      "properties": {
        "EventID": "pr71535688",
        "Magnitude": 3.01,
        "MagnitudeGroup": "2.5 to <4.5",
        "Place": "68 km N of Charlotte Amalie, U.S. Virgin Islands",
        "TimeUTC": "2026-10-04T08:20:24Z",
        "EventTime": 1791102024570,
        "DayUTC": "2026-10-04",
        "Depth_km": 21.74,
        "Longitude": -64.924,
        "Latitude": 18.9618333333333,
        "ReviewStatus": "reviewed",
        "MagnitudeType": "md",
        "USGS_URL": "https://earthquake.usgs.gov/earthquakes/eventpage/pr71535688",
        "Source": "USGS Earthquake Hazards Program",
        "SnapshotUTC": "2026-10-04T19:51:31Z"
      }
    },
    {
      "type": "Feature",
      "geometry": {
        "type": "Point",
        "coordinates": [
          -64.5201666666667,
          19.0931666666667
        ]
      },
      "properties": {
        "EventID": "pr71535683",
        "Magnitude": 3.38,
        "MagnitudeGroup": "2.5 to <4.5",
        "Place": "89 km NNE of Cruz Bay, U.S. Virgin Islands",
        "TimeUTC": "2026-10-04T08:11:21Z",
        "EventTime": 1791101481000,
        "DayUTC": "2026-10-04",
        "Depth_km": 9.46,
        "Longitude": -64.5201666666667,
        "Latitude": 19.0931666666667,
        "ReviewStatus": "reviewed",
        "MagnitudeType": "md",
        "USGS_URL": "https://earthquake.usgs.gov/earthquakes/eventpage/pr71535683",
        "Source": "USGS Earthquake Hazards Program",
        "SnapshotUTC": "2026-10-04T19:51:31Z"
      }
    },
    {
      "type": "Feature",
      "geometry": {
        "type": "Point",
        "coordinates": [
          93.7503,
          21.3382
        ]
      },
      "properties": {
        "EventID": "us6000tzh0",
        "Magnitude": 4.6,
        "MagnitudeGroup": "4.5 to <6",
        "Place": "121 km WNW of Chauk, Burma (Myanmar)",
        "TimeUTC": "2026-10-04T05:55:06Z",
        "EventTime": 1791093306861,
        "DayUTC": "2026-10-04",
        "Depth_km": 58.258,
        "Longitude": 93.7503,
        "Latitude": 21.3382,
        "ReviewStatus": "reviewed",
        "MagnitudeType": "mb",
        "USGS_URL": "https://earthquake.usgs.gov/earthquakes/eventpage/us6000tzh0",
        "Source": "USGS Earthquake Hazards Program",
        "SnapshotUTC": "2026-10-04T19:51:31Z"
      }
    },
    {
      "type": "Feature",
      "geometry": {
        "type": "Point",
        "coordinates": [
          -151.258,
          62.045
        ]
      },
      "properties": {
        "EventID": "aka2026tqdcgd",
        "Magnitude": 2.6,
        "MagnitudeGroup": "2.5 to <4.5",
        "Place": "9 km NE of Skwentna, Alaska",
        "TimeUTC": "2026-10-04T04:31:28Z",
        "EventTime": 1791088288295,
        "DayUTC": "2026-10-04",
        "Depth_km": 90.1,
        "Longitude": -151.258,
        "Latitude": 62.045,
        "ReviewStatus": "automatic",
        "MagnitudeType": "ml",
        "USGS_URL": "https://earthquake.usgs.gov/earthquakes/eventpage/aka2026tqdcgd",
        "Source": "USGS Earthquake Hazards Program",
        "SnapshotUTC": "2026-10-04T19:51:31Z"
      }
    },
    {
      "type": "Feature",
      "geometry": {
        "type": "Point",
        "coordinates": [
          -66.9531666666667,
          17.9581666666667
        ]
      },
      "properties": {
        "EventID": "pr71535643",
        "Magnitude": 2.51,
        "MagnitudeGroup": "2.5 to <4.5",
        "Place": "5 km WSW of Gu\u00e1nica, Puerto Rico",
        "TimeUTC": "2026-10-04T03:14:44Z",
        "EventTime": 1791083684990,
        "DayUTC": "2026-10-04",
        "Depth_km": 7.6,
        "Longitude": -66.9531666666667,
        "Latitude": 17.9581666666667,
        "ReviewStatus": "reviewed",
        "MagnitudeType": "md",
        "USGS_URL": "https://earthquake.usgs.gov/earthquakes/eventpage/pr71535643",
        "Source": "USGS Earthquake Hazards Program",
        "SnapshotUTC": "2026-10-04T19:51:31Z"
      }
    },
    {
      "type": "Feature",
      "geometry": {
        "type": "Point",
        "coordinates": [
          -64.4615,
          18.816
        ]
      },
      "properties": {
        "EventID": "pr71535638",
        "Magnitude": 3.25,
        "MagnitudeGroup": "2.5 to <4.5",
        "Place": "64 km NNE of Cruz Bay, U.S. Virgin Islands",
        "TimeUTC": "2026-10-04T03:10:56Z",
        "EventTime": 1791083456550,
        "DayUTC": "2026-10-04",
        "Depth_km": 16.89,
        "Longitude": -64.4615,
        "Latitude": 18.816,
        "ReviewStatus": "reviewed",
        "MagnitudeType": "md",
        "USGS_URL": "https://earthquake.usgs.gov/earthquakes/eventpage/pr71535638",
        "Source": "USGS Earthquake Hazards Program",
        "SnapshotUTC": "2026-10-04T19:51:31Z"
      }
    },
    {
      "type": "Feature",
      "geometry": {
        "type": "Point",
        "coordinates": [
          -64.487,
          18.8438333333333
        ]
      },
      "properties": {
        "EventID": "pr71535613",
        "Magnitude": 3.33,
        "MagnitudeGroup": "2.5 to <4.5",
        "Place": "65 km NNE of Cruz Bay, U.S. Virgin Islands",
        "TimeUTC": "2026-10-04T03:08:37Z",
        "EventTime": 1791083317010,
        "DayUTC": "2026-10-04",
        "Depth_km": 9.64,
        "Longitude": -64.487,
        "Latitude": 18.8438333333333,
        "ReviewStatus": "reviewed",
        "MagnitudeType": "md",
        "USGS_URL": "https://earthquake.usgs.gov/earthquakes/eventpage/pr71535613",
        "Source": "USGS Earthquake Hazards Program",
        "SnapshotUTC": "2026-10-04T19:51:31Z"
      }
    },
    {
      "type": "Feature",
      "geometry": {
        "type": "Point",
        "coordinates": [
          -149.233,
          62.032
        ]
      },
      "properties": {
        "EventID": "aka2026tpxzfg",
        "Magnitude": 3.5,
        "MagnitudeGroup": "2.5 to <4.5",
        "Place": "32 km N of Fishhook, Alaska",
        "TimeUTC": "2026-10-04T01:58:07Z",
        "EventTime": 1791079087580,
        "DayUTC": "2026-10-04",
        "Depth_km": 18.7,
        "Longitude": -149.233,
        "Latitude": 62.032,
        "ReviewStatus": "reviewed",
        "MagnitudeType": "ml",
        "USGS_URL": "https://earthquake.usgs.gov/earthquakes/eventpage/aka2026tpxzfg",
        "Source": "USGS Earthquake Hazards Program",
        "SnapshotUTC": "2026-10-04T19:51:31Z"
      }
    },
    {
      "type": "Feature",
      "geometry": {
        "type": "Point",
        "coordinates": [
          -23.3522,
          -58.1594
        ]
      },
      "properties": {
        "EventID": "us6000tzg0",
        "Magnitude": 4.9,
        "MagnitudeGroup": "4.5 to <6",
        "Place": "South Sandwich Islands region",
        "TimeUTC": "2026-10-04T01:47:52Z",
        "EventTime": 1791078472030,
        "DayUTC": "2026-10-04",
        "Depth_km": 10,
        "Longitude": -23.3522,
        "Latitude": -58.1594,
        "ReviewStatus": "reviewed",
        "MagnitudeType": "mb",
        "USGS_URL": "https://earthquake.usgs.gov/earthquakes/eventpage/us6000tzg0",
        "Source": "USGS Earthquake Hazards Program",
        "SnapshotUTC": "2026-10-04T19:51:31Z"
      }
    },
    {
      "type": "Feature",
      "geometry": {
        "type": "Point",
        "coordinates": [
          147.1353,
          -6.5916
        ]
      },
      "properties": {
        "EventID": "us6000tzfv",
        "Magnitude": 4.9,
        "MagnitudeGroup": "4.5 to <6",
        "Place": "21 km NE of Lae, Papua New Guinea",
        "TimeUTC": "2026-10-04T01:38:46Z",
        "EventTime": 1791077926078,
        "DayUTC": "2026-10-04",
        "Depth_km": 94.221,
        "Longitude": 147.1353,
        "Latitude": -6.5916,
        "ReviewStatus": "reviewed",
        "MagnitudeType": "mb",
        "USGS_URL": "https://earthquake.usgs.gov/earthquakes/eventpage/us6000tzfv",
        "Source": "USGS Earthquake Hazards Program",
        "SnapshotUTC": "2026-10-04T19:51:31Z"
      }
    },
    {
      "type": "Feature",
      "geometry": {
        "type": "Point",
        "coordinates": [
          24.8055,
          35.2454
        ]
      },
      "properties": {
        "EventID": "us6000tzfr",
        "Magnitude": 4.3,
        "MagnitudeGroup": "2.5 to <4.5",
        "Place": "5 km SSW of Zonian\u00e1, Greece",
        "TimeUTC": "2026-10-04T00:48:41Z",
        "EventTime": 1791074921995,
        "DayUTC": "2026-10-04",
        "Depth_km": 10,
        "Longitude": 24.8055,
        "Latitude": 35.2454,
        "ReviewStatus": "reviewed",
        "MagnitudeType": "mb",
        "USGS_URL": "https://earthquake.usgs.gov/earthquakes/eventpage/us6000tzfr",
        "Source": "USGS Earthquake Hazards Program",
        "SnapshotUTC": "2026-10-04T19:51:31Z"
      }
    },
    {
      "type": "Feature",
      "geometry": {
        "type": "Point",
        "coordinates": [
          95.1622,
          4.8247
        ]
      },
      "properties": {
        "EventID": "us6000tzfg",
        "Magnitude": 5.3,
        "MagnitudeGroup": "4.5 to <6",
        "Place": "81 km SSW of Banda Aceh, Indonesia",
        "TimeUTC": "2026-10-03T23:37:34Z",
        "EventTime": 1791070654235,
        "DayUTC": "2026-10-03",
        "Depth_km": 56.274,
        "Longitude": 95.1622,
        "Latitude": 4.8247,
        "ReviewStatus": "reviewed",
        "MagnitudeType": "mww",
        "USGS_URL": "https://earthquake.usgs.gov/earthquakes/eventpage/us6000tzfg",
        "Source": "USGS Earthquake Hazards Program",
        "SnapshotUTC": "2026-10-04T19:51:31Z"
      }
    },
    {
      "type": "Feature",
      "geometry": {
        "type": "Point",
        "coordinates": [
          122.9296,
          3.5895
        ]
      },
      "properties": {
        "EventID": "us6000tzf7",
        "Magnitude": 4.5,
        "MagnitudeGroup": "4.5 to <6",
        "Place": "293 km SSE of Tabiauan, Philippines",
        "TimeUTC": "2026-10-03T23:14:35Z",
        "EventTime": 1791069275782,
        "DayUTC": "2026-10-03",
        "Depth_km": 575.042,
        "Longitude": 122.9296,
        "Latitude": 3.5895,
        "ReviewStatus": "reviewed",
        "MagnitudeType": "mb",
        "USGS_URL": "https://earthquake.usgs.gov/earthquakes/eventpage/us6000tzf7",
        "Source": "USGS Earthquake Hazards Program",
        "SnapshotUTC": "2026-10-04T19:51:31Z"
      }
    },
    {
      "type": "Feature",
      "geometry": {
        "type": "Point",
        "coordinates": [
          118.9078,
          -9.5672
        ]
      },
      "properties": {
        "EventID": "us6000tzer",
        "Magnitude": 5.9,
        "MagnitudeGroup": "4.5 to <6",
        "Place": "39 km WSW of Tambolaka, Indonesia",
        "TimeUTC": "2026-10-03T22:55:55Z",
        "EventTime": 1791068155358,
        "DayUTC": "2026-10-03",
        "Depth_km": 45.951,
        "Longitude": 118.9078,
        "Latitude": -9.5672,
        "ReviewStatus": "reviewed",
        "MagnitudeType": "mww",
        "USGS_URL": "https://earthquake.usgs.gov/earthquakes/eventpage/us6000tzer",
        "Source": "USGS Earthquake Hazards Program",
        "SnapshotUTC": "2026-10-04T19:51:31Z"
      }
    },
    {
      "type": "Feature",
      "geometry": {
        "type": "Point",
        "coordinates": [
          -157.05,
          54.71
        ]
      },
      "properties": {
        "EventID": "aka2026tprqrm",
        "Magnitude": 3.1,
        "MagnitudeGroup": "2.5 to <4.5",
        "Place": "188 km SE of Perryville, Alaska",
        "TimeUTC": "2026-10-03T22:48:05Z",
        "EventTime": 1791067685739,
        "DayUTC": "2026-10-03",
        "Depth_km": 5,
        "Longitude": -157.05,
        "Latitude": 54.71,
        "ReviewStatus": "automatic",
        "MagnitudeType": "ml",
        "USGS_URL": "https://earthquake.usgs.gov/earthquakes/eventpage/aka2026tprqrm",
        "Source": "USGS Earthquake Hazards Program",
        "SnapshotUTC": "2026-10-04T19:51:31Z"
      }
    },
    {
      "type": "Feature",
      "geometry": {
        "type": "Point",
        "coordinates": [
          142.8123,
          29.053
        ]
      },
      "properties": {
        "EventID": "us6000tzen",
        "Magnitude": 4.3,
        "MagnitudeGroup": "2.5 to <4.5",
        "Place": "Izu Islands, Japan region",
        "TimeUTC": "2026-10-03T22:27:23Z",
        "EventTime": 1791066443407,
        "DayUTC": "2026-10-03",
        "Depth_km": 10,
        "Longitude": 142.8123,
        "Latitude": 29.053,
        "ReviewStatus": "reviewed",
        "MagnitudeType": "mb",
        "USGS_URL": "https://earthquake.usgs.gov/earthquakes/eventpage/us6000tzen",
        "Source": "USGS Earthquake Hazards Program",
        "SnapshotUTC": "2026-10-04T19:51:31Z"
      }
    },
    {
      "type": "Feature",
      "geometry": {
        "type": "Point",
        "coordinates": [
          -173.6127,
          51.7225
        ]
      },
      "properties": {
        "EventID": "us6000tzfa",
        "Magnitude": 3.5,
        "MagnitudeGroup": "2.5 to <4.5",
        "Place": "66 km SE of Atka, Alaska",
        "TimeUTC": "2026-10-03T21:25:25Z",
        "EventTime": 1791062725062,
        "DayUTC": "2026-10-03",
        "Depth_km": 35,
        "Longitude": -173.6127,
        "Latitude": 51.7225,
        "ReviewStatus": "reviewed",
        "MagnitudeType": "ml",
        "USGS_URL": "https://earthquake.usgs.gov/earthquakes/eventpage/us6000tzfa",
        "Source": "USGS Earthquake Hazards Program",
        "SnapshotUTC": "2026-10-04T19:51:31Z"
      }
    },
    {
      "type": "Feature",
      "geometry": {
        "type": "Point",
        "coordinates": [
          -155.258,
          65.778
        ]
      },
      "properties": {
        "EventID": "aka2026tponmw",
        "Magnitude": 2.7,
        "MagnitudeGroup": "2.5 to <4.5",
        "Place": "53 km E of Huslia, Alaska",
        "TimeUTC": "2026-10-03T21:14:38Z",
        "EventTime": 1791062078922,
        "DayUTC": "2026-10-03",
        "Depth_km": 5.2,
        "Longitude": -155.258,
        "Latitude": 65.778,
        "ReviewStatus": "automatic",
        "MagnitudeType": "ml",
        "USGS_URL": "https://earthquake.usgs.gov/earthquakes/eventpage/aka2026tponmw",
        "Source": "USGS Earthquake Hazards Program",
        "SnapshotUTC": "2026-10-04T19:51:31Z"
      }
    },
    {
      "type": "Feature",
      "geometry": {
        "type": "Point",
        "coordinates": [
          -158.022,
          55.976
        ]
      },
      "properties": {
        "EventID": "aka2026tpogqq",
        "Magnitude": 2.5,
        "MagnitudeGroup": "2.5 to <4.5",
        "Place": "42 km SSE of Chignik, Alaska",
        "TimeUTC": "2026-10-03T21:06:45Z",
        "EventTime": 1791061605650,
        "DayUTC": "2026-10-03",
        "Depth_km": 49.8,
        "Longitude": -158.022,
        "Latitude": 55.976,
        "ReviewStatus": "automatic",
        "MagnitudeType": "ml",
        "USGS_URL": "https://earthquake.usgs.gov/earthquakes/eventpage/aka2026tpogqq",
        "Source": "USGS Earthquake Hazards Program",
        "SnapshotUTC": "2026-10-04T19:51:31Z"
      }
    },
    {
      "type": "Feature",
      "geometry": {
        "type": "Point",
        "coordinates": [
          -93.3523,
          14.1052
        ]
      },
      "properties": {
        "EventID": "us6000tze6",
        "Magnitude": 4.5,
        "MagnitudeGroup": "4.5 to <6",
        "Place": "121 km SW of Puerto Madero, Mexico",
        "TimeUTC": "2026-10-03T20:33:45Z",
        "EventTime": 1791059625577,
        "DayUTC": "2026-10-03",
        "Depth_km": 10,
        "Longitude": -93.3523,
        "Latitude": 14.1052,
        "ReviewStatus": "reviewed",
        "MagnitudeType": "mb",
        "USGS_URL": "https://earthquake.usgs.gov/earthquakes/eventpage/us6000tze6",
        "Source": "USGS Earthquake Hazards Program",
        "SnapshotUTC": "2026-10-04T19:51:31Z"
      }
    },
    {
      "type": "Feature",
      "geometry": {
        "type": "Point",
        "coordinates": [
          159.8296,
          51.5457
        ]
      },
      "properties": {
        "EventID": "us6000tze2",
        "Magnitude": 5.1,
        "MagnitudeGroup": "4.5 to <6",
        "Place": "182 km SSE of Vilyuchinsk, Russia",
        "TimeUTC": "2026-10-03T20:00:44Z",
        "EventTime": 1791057644104,
        "DayUTC": "2026-10-03",
        "Depth_km": 10,
        "Longitude": 159.8296,
        "Latitude": 51.5457,
        "ReviewStatus": "reviewed",
        "MagnitudeType": "mb",
        "USGS_URL": "https://earthquake.usgs.gov/earthquakes/eventpage/us6000tze2",
        "Source": "USGS Earthquake Hazards Program",
        "SnapshotUTC": "2026-10-04T19:51:31Z"
      }
    },
    {
      "type": "Feature",
      "geometry": {
        "type": "Point",
        "coordinates": [
          159.9887,
          51.4038
        ]
      },
      "properties": {
        "EventID": "us6000tzdz",
        "Magnitude": 4.4,
        "MagnitudeGroup": "2.5 to <4.5",
        "Place": "201 km SSE of Vilyuchinsk, Russia",
        "TimeUTC": "2026-10-03T19:30:56Z",
        "EventTime": 1791055856985,
        "DayUTC": "2026-10-03",
        "Depth_km": 10,
        "Longitude": 159.9887,
        "Latitude": 51.4038,
        "ReviewStatus": "reviewed",
        "MagnitudeType": "mb",
        "USGS_URL": "https://earthquake.usgs.gov/earthquakes/eventpage/us6000tzdz",
        "Source": "USGS Earthquake Hazards Program",
        "SnapshotUTC": "2026-10-04T19:51:31Z"
      }
    },
    {
      "type": "Feature",
      "geometry": {
        "type": "Point",
        "coordinates": [
          93.3991,
          20.6061
        ]
      },
      "properties": {
        "EventID": "us6000tzdp",
        "Magnitude": 4.9,
        "MagnitudeGroup": "4.5 to <6",
        "Place": "72 km NE of Sittwe, Burma (Myanmar)",
        "TimeUTC": "2026-10-03T18:12:46Z",
        "EventTime": 1791051166916,
        "DayUTC": "2026-10-03",
        "Depth_km": 35,
        "Longitude": 93.3991,
        "Latitude": 20.6061,
        "ReviewStatus": "reviewed",
        "MagnitudeType": "mb",
        "USGS_URL": "https://earthquake.usgs.gov/earthquakes/eventpage/us6000tzdp",
        "Source": "USGS Earthquake Hazards Program",
        "SnapshotUTC": "2026-10-04T19:51:31Z"
      }
    },
    {
      "type": "Feature",
      "geometry": {
        "type": "Point",
        "coordinates": [
          147.1678,
          -6.0496
        ]
      },
      "properties": {
        "EventID": "us6000tzdj",
        "Magnitude": 4.6,
        "MagnitudeGroup": "4.5 to <6",
        "Place": "76 km NNE of Lae, Papua New Guinea",
        "TimeUTC": "2026-10-03T17:24:12Z",
        "EventTime": 1791048252545,
        "DayUTC": "2026-10-03",
        "Depth_km": 81.86,
        "Longitude": 147.1678,
        "Latitude": -6.0496,
        "ReviewStatus": "reviewed",
        "MagnitudeType": "mb",
        "USGS_URL": "https://earthquake.usgs.gov/earthquakes/eventpage/us6000tzdj",
        "Source": "USGS Earthquake Hazards Program",
        "SnapshotUTC": "2026-10-04T19:51:31Z"
      }
    },
    {
      "type": "Feature",
      "geometry": {
        "type": "Point",
        "coordinates": [
          -154.672,
          57.876
        ]
      },
      "properties": {
        "EventID": "aka2026tpgsir",
        "Magnitude": 2.8,
        "MagnitudeGroup": "2.5 to <4.5",
        "Place": "36 km NNW of Karluk, Alaska",
        "TimeUTC": "2026-10-03T17:20:28Z",
        "EventTime": 1791048028442,
        "DayUTC": "2026-10-03",
        "Depth_km": 68.4,
        "Longitude": -154.672,
        "Latitude": 57.876,
        "ReviewStatus": "automatic",
        "MagnitudeType": "ml",
        "USGS_URL": "https://earthquake.usgs.gov/earthquakes/eventpage/aka2026tpgsir",
        "Source": "USGS Earthquake Hazards Program",
        "SnapshotUTC": "2026-10-04T19:51:31Z"
      }
    },
    {
      "type": "Feature",
      "geometry": {
        "type": "Point",
        "coordinates": [
          -175.2905,
          51.6964
        ]
      },
      "properties": {
        "EventID": "us6000tzda",
        "Magnitude": 4.1,
        "MagnitudeGroup": "2.5 to <4.5",
        "Place": "93 km SW of Atka, Alaska",
        "TimeUTC": "2026-10-03T16:06:51Z",
        "EventTime": 1791043611093,
        "DayUTC": "2026-10-03",
        "Depth_km": 50.31,
        "Longitude": -175.2905,
        "Latitude": 51.6964,
        "ReviewStatus": "reviewed",
        "MagnitudeType": "mb",
        "USGS_URL": "https://earthquake.usgs.gov/earthquakes/eventpage/us6000tzda",
        "Source": "USGS Earthquake Hazards Program",
        "SnapshotUTC": "2026-10-04T19:51:31Z"
      }
    },
    {
      "type": "Feature",
      "geometry": {
        "type": "Point",
        "coordinates": [
          -64.1651666666667,
          18.3371666666667
        ]
      },
      "properties": {
        "EventID": "pr71535538",
        "Magnitude": 3.26,
        "MagnitudeGroup": "2.5 to <4.5",
        "Place": "66 km E of Cruz Bay, U.S. Virgin Islands",
        "TimeUTC": "2026-10-03T16:03:54Z",
        "EventTime": 1791043434350,
        "DayUTC": "2026-10-03",
        "Depth_km": 81.22,
        "Longitude": -64.1651666666667,
        "Latitude": 18.3371666666667,
        "ReviewStatus": "reviewed",
        "MagnitudeType": "md",
        "USGS_URL": "https://earthquake.usgs.gov/earthquakes/eventpage/pr71535538",
        "Source": "USGS Earthquake Hazards Program",
        "SnapshotUTC": "2026-10-04T19:51:31Z"
      }
    },
    {
      "type": "Feature",
      "geometry": {
        "type": "Point",
        "coordinates": [
          -68.9783,
          19.3481
        ]
      },
      "properties": {
        "EventID": "pr2026276001",
        "Magnitude": 3.71,
        "MagnitudeGroup": "2.5 to <4.5",
        "Place": "40 km ENE of Saman\u00e1, Dominican Republic",
        "TimeUTC": "2026-10-03T15:03:20Z",
        "EventTime": 1791039800910,
        "DayUTC": "2026-10-03",
        "Depth_km": 41,
        "Longitude": -68.9783,
        "Latitude": 19.3481,
        "ReviewStatus": "reviewed",
        "MagnitudeType": "md",
        "USGS_URL": "https://earthquake.usgs.gov/earthquakes/eventpage/pr2026276001",
        "Source": "USGS Earthquake Hazards Program",
        "SnapshotUTC": "2026-10-04T19:51:31Z"
      }
    },
    {
      "type": "Feature",
      "geometry": {
        "type": "Point",
        "coordinates": [
          130.1704,
          -6.4633
        ]
      },
      "properties": {
        "EventID": "us6000tzcv",
        "Magnitude": 4.4,
        "MagnitudeGroup": "2.5 to <4.5",
        "Place": "Banda Sea",
        "TimeUTC": "2026-10-03T14:49:40Z",
        "EventTime": 1791038980402,
        "DayUTC": "2026-10-03",
        "Depth_km": 140.138,
        "Longitude": 130.1704,
        "Latitude": -6.4633,
        "ReviewStatus": "reviewed",
        "MagnitudeType": "mb",
        "USGS_URL": "https://earthquake.usgs.gov/earthquakes/eventpage/us6000tzcv",
        "Source": "USGS Earthquake Hazards Program",
        "SnapshotUTC": "2026-10-04T19:51:31Z"
      }
    },
    {
      "type": "Feature",
      "geometry": {
        "type": "Point",
        "coordinates": [
          -116.0575,
          38.1089
        ]
      },
      "properties": {
        "EventID": "nn00925220",
        "Magnitude": 2.65,
        "MagnitudeGroup": "2.5 to <4.5",
        "Place": "58 km NNW of Rachel, Nevada",
        "TimeUTC": "2026-10-03T13:58:29Z",
        "EventTime": 1791035909036,
        "DayUTC": "2026-10-03",
        "Depth_km": 0.0718,
        "Longitude": -116.0575,
        "Latitude": 38.1089,
        "ReviewStatus": "automatic",
        "MagnitudeType": "ml",
        "USGS_URL": "https://earthquake.usgs.gov/earthquakes/eventpage/nn00925220",
        "Source": "USGS Earthquake Hazards Program",
        "SnapshotUTC": "2026-10-04T19:51:31Z"
      }
    },
    {
      "type": "Feature",
      "geometry": {
        "type": "Point",
        "coordinates": [
          -115.3046,
          38.9639
        ]
      },
      "properties": {
        "EventID": "us6000tzcn",
        "Magnitude": 3.3,
        "MagnitudeGroup": "2.5 to <4.5",
        "Place": "21 km WNW of Preston, Nevada",
        "TimeUTC": "2026-10-03T13:58:12Z",
        "EventTime": 1791035892786,
        "DayUTC": "2026-10-03",
        "Depth_km": 5,
        "Longitude": -115.3046,
        "Latitude": 38.9639,
        "ReviewStatus": "reviewed",
        "MagnitudeType": "ml",
        "USGS_URL": "https://earthquake.usgs.gov/earthquakes/eventpage/us6000tzcn",
        "Source": "USGS Earthquake Hazards Program",
        "SnapshotUTC": "2026-10-04T19:51:31Z"
      }
    },
    {
      "type": "Feature",
      "geometry": {
        "type": "Point",
        "coordinates": [
          -179.4827,
          -27.4948
        ]
      },
      "properties": {
        "EventID": "us6000tzcm",
        "Magnitude": 4.5,
        "MagnitudeGroup": "4.5 to <6",
        "Place": "Kermadec Islands region",
        "TimeUTC": "2026-10-03T13:51:11Z",
        "EventTime": 1791035471299,
        "DayUTC": "2026-10-03",
        "Depth_km": 453.487,
        "Longitude": -179.4827,
        "Latitude": -27.4948,
        "ReviewStatus": "reviewed",
        "MagnitudeType": "mb",
        "USGS_URL": "https://earthquake.usgs.gov/earthquakes/eventpage/us6000tzcm",
        "Source": "USGS Earthquake Hazards Program",
        "SnapshotUTC": "2026-10-04T19:51:31Z"
      }
    },
    {
      "type": "Feature",
      "geometry": {
        "type": "Point",
        "coordinates": [
          -67.386,
          18.4551666666667
        ]
      },
      "properties": {
        "EventID": "pr71535513",
        "Magnitude": 2.9,
        "MagnitudeGroup": "2.5 to <4.5",
        "Place": "19 km NW of Rinc\u00f3n, Puerto Rico",
        "TimeUTC": "2026-10-03T13:33:34Z",
        "EventTime": 1791034414930,
        "DayUTC": "2026-10-03",
        "Depth_km": 7.43,
        "Longitude": -67.386,
        "Latitude": 18.4551666666667,
        "ReviewStatus": "reviewed",
        "MagnitudeType": "md",
        "USGS_URL": "https://earthquake.usgs.gov/earthquakes/eventpage/pr71535513",
        "Source": "USGS Earthquake Hazards Program",
        "SnapshotUTC": "2026-10-04T19:51:31Z"
      }
    },
    {
      "type": "Feature",
      "geometry": {
        "type": "Point",
        "coordinates": [
          148.3446,
          -5.6287
        ]
      },
      "properties": {
        "EventID": "us6000tzc5",
        "Magnitude": 4.4,
        "MagnitudeGroup": "2.5 to <4.5",
        "Place": "116 km NNE of Finschhafen, Papua New Guinea",
        "TimeUTC": "2026-10-03T11:05:45Z",
        "EventTime": 1791025545564,
        "DayUTC": "2026-10-03",
        "Depth_km": 232.07,
        "Longitude": 148.3446,
        "Latitude": -5.6287,
        "ReviewStatus": "reviewed",
        "MagnitudeType": "mb",
        "USGS_URL": "https://earthquake.usgs.gov/earthquakes/eventpage/us6000tzc5",
        "Source": "USGS Earthquake Hazards Program",
        "SnapshotUTC": "2026-10-04T19:51:31Z"
      }
    },
    {
      "type": "Feature",
      "geometry": {
        "type": "Point",
        "coordinates": [
          -67.3978,
          18.4461
        ]
      },
      "properties": {
        "EventID": "pr2026276000",
        "Magnitude": 3.85,
        "MagnitudeGroup": "2.5 to <4.5",
        "Place": "19 km NW of Rinc\u00f3n, Puerto Rico",
        "TimeUTC": "2026-10-03T10:35:38Z",
        "EventTime": 1791023738360,
        "DayUTC": "2026-10-03",
        "Depth_km": 6,
        "Longitude": -67.3978,
        "Latitude": 18.4461,
        "ReviewStatus": "reviewed",
        "MagnitudeType": "md",
        "USGS_URL": "https://earthquake.usgs.gov/earthquakes/eventpage/pr2026276000",
        "Source": "USGS Earthquake Hazards Program",
        "SnapshotUTC": "2026-10-04T19:51:31Z"
      }
    },
    {
      "type": "Feature",
      "geometry": {
        "type": "Point",
        "coordinates": [
          -156.29,
          56.299
        ]
      },
      "properties": {
        "EventID": "aka2026toserr",
        "Magnitude": 3.2,
        "MagnitudeGroup": "2.5 to <4.5",
        "Place": "130 km E of Chignik, Alaska",
        "TimeUTC": "2026-10-03T10:04:47Z",
        "EventTime": 1791021887331,
        "DayUTC": "2026-10-03",
        "Depth_km": 63.9,
        "Longitude": -156.29,
        "Latitude": 56.299,
        "ReviewStatus": "automatic",
        "MagnitudeType": "ml",
        "USGS_URL": "https://earthquake.usgs.gov/earthquakes/eventpage/aka2026toserr",
        "Source": "USGS Earthquake Hazards Program",
        "SnapshotUTC": "2026-10-04T19:51:31Z"
      }
    },
    {
      "type": "Feature",
      "geometry": {
        "type": "Point",
        "coordinates": [
          160.6848,
          51.9144
        ]
      },
      "properties": {
        "EventID": "us6000tzbz",
        "Magnitude": 4.2,
        "MagnitudeGroup": "2.5 to <4.5",
        "Place": "189 km SE of Petropavlovsk-Kamchatsky, Russia",
        "TimeUTC": "2026-10-03T10:02:57Z",
        "EventTime": 1791021777391,
        "DayUTC": "2026-10-03",
        "Depth_km": 10,
        "Longitude": 160.6848,
        "Latitude": 51.9144,
        "ReviewStatus": "reviewed",
        "MagnitudeType": "mb",
        "USGS_URL": "https://earthquake.usgs.gov/earthquakes/eventpage/us6000tzbz",
        "Source": "USGS Earthquake Hazards Program",
        "SnapshotUTC": "2026-10-04T19:51:31Z"
      }
    },
    {
      "type": "Feature",
      "geometry": {
        "type": "Point",
        "coordinates": [
          -87.2,
          11.5447
        ]
      },
      "properties": {
        "EventID": "us6000tzbr",
        "Magnitude": 4.4,
        "MagnitudeGroup": "2.5 to <4.5",
        "Place": "79 km WSW of Masachapa, Nicaragua",
        "TimeUTC": "2026-10-03T09:37:30Z",
        "EventTime": 1791020250841,
        "DayUTC": "2026-10-03",
        "Depth_km": 37.535,
        "Longitude": -87.2,
        "Latitude": 11.5447,
        "ReviewStatus": "reviewed",
        "MagnitudeType": "mb",
        "USGS_URL": "https://earthquake.usgs.gov/earthquakes/eventpage/us6000tzbr",
        "Source": "USGS Earthquake Hazards Program",
        "SnapshotUTC": "2026-10-04T19:51:31Z"
      }
    },
    {
      "type": "Feature",
      "geometry": {
        "type": "Point",
        "coordinates": [
          -65.1896666666667,
          19.0191666666667
        ]
      },
      "properties": {
        "EventID": "pr71535478",
        "Magnitude": 2.99,
        "MagnitudeGroup": "2.5 to <4.5",
        "Place": "79 km NNW of Charlotte Amalie, U.S. Virgin Islands",
        "TimeUTC": "2026-10-03T09:18:44Z",
        "EventTime": 1791019124600,
        "DayUTC": "2026-10-03",
        "Depth_km": 21.19,
        "Longitude": -65.1896666666667,
        "Latitude": 19.0191666666667,
        "ReviewStatus": "reviewed",
        "MagnitudeType": "md",
        "USGS_URL": "https://earthquake.usgs.gov/earthquakes/eventpage/pr71535478",
        "Source": "USGS Earthquake Hazards Program",
        "SnapshotUTC": "2026-10-04T19:51:31Z"
      }
    },
    {
      "type": "Feature",
      "geometry": {
        "type": "Point",
        "coordinates": [
          -149.2204,
          56.0389
        ]
      },
      "properties": {
        "EventID": "us6000tzbe",
        "Magnitude": 3,
        "MagnitudeGroup": "2.5 to <4.5",
        "Place": "256 km SE of Chiniak, Alaska",
        "TimeUTC": "2026-10-03T07:12:22Z",
        "EventTime": 1791011542596,
        "DayUTC": "2026-10-03",
        "Depth_km": 10,
        "Longitude": -149.2204,
        "Latitude": 56.0389,
        "ReviewStatus": "reviewed",
        "MagnitudeType": "ml",
        "USGS_URL": "https://earthquake.usgs.gov/earthquakes/eventpage/us6000tzbe",
        "Source": "USGS Earthquake Hazards Program",
        "SnapshotUTC": "2026-10-04T19:51:31Z"
      }
    },
    {
      "type": "Feature",
      "geometry": {
        "type": "Point",
        "coordinates": [
          -120.082664489746,
          38.8911666870117
        ]
      },
      "properties": {
        "EventID": "nc75443306",
        "Magnitude": 2.91,
        "MagnitudeGroup": "2.5 to <4.5",
        "Place": "10 km WSW of South Lake Tahoe, CA",
        "TimeUTC": "2026-10-03T06:58:44Z",
        "EventTime": 1791010724070,
        "DayUTC": "2026-10-03",
        "Depth_km": 7.05000019073486,
        "Longitude": -120.082664489746,
        "Latitude": 38.8911666870117,
        "ReviewStatus": "automatic",
        "MagnitudeType": "md",
        "USGS_URL": "https://earthquake.usgs.gov/earthquakes/eventpage/nc75443306",
        "Source": "USGS Earthquake Hazards Program",
        "SnapshotUTC": "2026-10-04T19:51:31Z"
      }
    },
    {
      "type": "Feature",
      "geometry": {
        "type": "Point",
        "coordinates": [
          130.6125,
          29.221
        ]
      },
      "properties": {
        "EventID": "us6000tzb5",
        "Magnitude": 4.8,
        "MagnitudeGroup": "4.5 to <6",
        "Place": "112 km S of Koshima, Japan",
        "TimeUTC": "2026-10-03T06:05:21Z",
        "EventTime": 1791007521157,
        "DayUTC": "2026-10-03",
        "Depth_km": 37.466,
        "Longitude": 130.6125,
        "Latitude": 29.221,
        "ReviewStatus": "reviewed",
        "MagnitudeType": "mb",
        "USGS_URL": "https://earthquake.usgs.gov/earthquakes/eventpage/us6000tzb5",
        "Source": "USGS Earthquake Hazards Program",
        "SnapshotUTC": "2026-10-04T19:51:31Z"
      }
    },
    {
      "type": "Feature",
      "geometry": {
        "type": "Point",
        "coordinates": [
          -66.3335,
          18.3593333333333
        ]
      },
      "properties": {
        "EventID": "pr71535448",
        "Magnitude": 3.41,
        "MagnitudeGroup": "2.5 to <4.5",
        "Place": "2 km NW of Corozal, Puerto Rico",
        "TimeUTC": "2026-10-03T05:38:48Z",
        "EventTime": 1791005928420,
        "DayUTC": "2026-10-03",
        "Depth_km": 110.82,
        "Longitude": -66.3335,
        "Latitude": 18.3593333333333,
        "ReviewStatus": "reviewed",
        "MagnitudeType": "md",
        "USGS_URL": "https://earthquake.usgs.gov/earthquakes/eventpage/pr71535448",
        "Source": "USGS Earthquake Hazards Program",
        "SnapshotUTC": "2026-10-04T19:51:31Z"
      }
    },
    {
      "type": "Feature",
      "geometry": {
        "type": "Point",
        "coordinates": [
          -156.407,
          56.759
        ]
      },
      "properties": {
        "EventID": "aka2026tojacd",
        "Magnitude": 2.5,
        "MagnitudeGroup": "2.5 to <4.5",
        "Place": "103 km SE of Ugashik, Alaska",
        "TimeUTC": "2026-10-03T05:29:35Z",
        "EventTime": 1791005375339,
        "DayUTC": "2026-10-03",
        "Depth_km": 5,
        "Longitude": -156.407,
        "Latitude": 56.759,
        "ReviewStatus": "automatic",
        "MagnitudeType": "ml",
        "USGS_URL": "https://earthquake.usgs.gov/earthquakes/eventpage/aka2026tojacd",
        "Source": "USGS Earthquake Hazards Program",
        "SnapshotUTC": "2026-10-04T19:51:31Z"
      }
    },
    {
      "type": "Feature",
      "geometry": {
        "type": "Point",
        "coordinates": [
          76.922,
          19.3072
        ]
      },
      "properties": {
        "EventID": "us6000tzax",
        "Magnitude": 4.2,
        "MagnitudeGroup": "2.5 to <4.5",
        "Place": "16 km ENE of Parbhani, India",
        "TimeUTC": "2026-10-03T04:13:31Z",
        "EventTime": 1791000811661,
        "DayUTC": "2026-10-03",
        "Depth_km": 16.033,
        "Longitude": 76.922,
        "Latitude": 19.3072,
        "ReviewStatus": "reviewed",
        "MagnitudeType": "mb",
        "USGS_URL": "https://earthquake.usgs.gov/earthquakes/eventpage/us6000tzax",
        "Source": "USGS Earthquake Hazards Program",
        "SnapshotUTC": "2026-10-04T19:51:31Z"
      }
    },
    {
      "type": "Feature",
      "geometry": {
        "type": "Point",
        "coordinates": [
          160.4217,
          52.0836
        ]
      },
      "properties": {
        "EventID": "us6000tzal",
        "Magnitude": 5,
        "MagnitudeGroup": "4.5 to <6",
        "Place": "163 km SE of Petropavlovsk-Kamchatsky, Russia",
        "TimeUTC": "2026-10-03T02:59:06Z",
        "EventTime": 1790996346296,
        "DayUTC": "2026-10-03",
        "Depth_km": 10,
        "Longitude": 160.4217,
        "Latitude": 52.0836,
        "ReviewStatus": "reviewed",
        "MagnitudeType": "mb",
        "USGS_URL": "https://earthquake.usgs.gov/earthquakes/eventpage/us6000tzal",
        "Source": "USGS Earthquake Hazards Program",
        "SnapshotUTC": "2026-10-04T19:51:31Z"
      }
    },
    {
      "type": "Feature",
      "geometry": {
        "type": "Point",
        "coordinates": [
          -176.6858,
          51.5689
        ]
      },
      "properties": {
        "EventID": "us6000tza4",
        "Magnitude": 4.1,
        "MagnitudeGroup": "2.5 to <4.5",
        "Place": "34 km S of Adak, Alaska",
        "TimeUTC": "2026-10-03T01:03:12Z",
        "EventTime": 1790989392099,
        "DayUTC": "2026-10-03",
        "Depth_km": 49.148,
        "Longitude": -176.6858,
        "Latitude": 51.5689,
        "ReviewStatus": "reviewed",
        "MagnitudeType": "mb",
        "USGS_URL": "https://earthquake.usgs.gov/earthquakes/eventpage/us6000tza4",
        "Source": "USGS Earthquake Hazards Program",
        "SnapshotUTC": "2026-10-04T19:51:31Z"
      }
    },
    {
      "type": "Feature",
      "geometry": {
        "type": "Point",
        "coordinates": [
          158.1531,
          53.1493
        ]
      },
      "properties": {
        "EventID": "us6000tz9z",
        "Magnitude": 4.4,
        "MagnitudeGroup": "2.5 to <4.5",
        "Place": "15 km WSW of Yelizovo, Russia",
        "TimeUTC": "2026-10-03T00:21:01Z",
        "EventTime": 1790986861071,
        "DayUTC": "2026-10-03",
        "Depth_km": 98.544,
        "Longitude": 158.1531,
        "Latitude": 53.1493,
        "ReviewStatus": "reviewed",
        "MagnitudeType": "mb",
        "USGS_URL": "https://earthquake.usgs.gov/earthquakes/eventpage/us6000tz9z",
        "Source": "USGS Earthquake Hazards Program",
        "SnapshotUTC": "2026-10-04T19:51:31Z"
      }
    },
    {
      "type": "Feature",
      "geometry": {
        "type": "Point",
        "coordinates": [
          130.6093,
          31.2953
        ]
      },
      "properties": {
        "EventID": "us6000tz9w",
        "Magnitude": 4.5,
        "MagnitudeGroup": "4.5 to <6",
        "Place": "7 km NNW of Ibusuki, Japan",
        "TimeUTC": "2026-10-03T00:11:38Z",
        "EventTime": 1790986298239,
        "DayUTC": "2026-10-03",
        "Depth_km": 126.853,
        "Longitude": 130.6093,
        "Latitude": 31.2953,
        "ReviewStatus": "reviewed",
        "MagnitudeType": "mb",
        "USGS_URL": "https://earthquake.usgs.gov/earthquakes/eventpage/us6000tz9w",
        "Source": "USGS Earthquake Hazards Program",
        "SnapshotUTC": "2026-10-04T19:51:31Z"
      }
    },
    {
      "type": "Feature",
      "geometry": {
        "type": "Point",
        "coordinates": [
          159.2731,
          51.9749
        ]
      },
      "properties": {
        "EventID": "us6000tz9v",
        "Magnitude": 4.8,
        "MagnitudeGroup": "4.5 to <6",
        "Place": "121 km SSE of Vilyuchinsk, Russia",
        "TimeUTC": "2026-10-03T00:01:38Z",
        "EventTime": 1790985698784,
        "DayUTC": "2026-10-03",
        "Depth_km": 38.69,
        "Longitude": 159.2731,
        "Latitude": 51.9749,
        "ReviewStatus": "reviewed",
        "MagnitudeType": "mb",
        "USGS_URL": "https://earthquake.usgs.gov/earthquakes/eventpage/us6000tz9v",
        "Source": "USGS Earthquake Hazards Program",
        "SnapshotUTC": "2026-10-04T19:51:31Z"
      }
    },
    {
      "type": "Feature",
      "geometry": {
        "type": "Point",
        "coordinates": [
          159.7182,
          51.5846
        ]
      },
      "properties": {
        "EventID": "us6000tz9t",
        "Magnitude": 4.6,
        "MagnitudeGroup": "4.5 to <6",
        "Place": "174 km SSE of Vilyuchinsk, Russia",
        "TimeUTC": "2026-10-02T23:59:26Z",
        "EventTime": 1790985566824,
        "DayUTC": "2026-10-02",
        "Depth_km": 10,
        "Longitude": 159.7182,
        "Latitude": 51.5846,
        "ReviewStatus": "reviewed",
        "MagnitudeType": "mb",
        "USGS_URL": "https://earthquake.usgs.gov/earthquakes/eventpage/us6000tz9t",
        "Source": "USGS Earthquake Hazards Program",
        "SnapshotUTC": "2026-10-04T19:51:31Z"
      }
    },
    {
      "type": "Feature",
      "geometry": {
        "type": "Point",
        "coordinates": [
          159.4679,
          51.7161
        ]
      },
      "properties": {
        "EventID": "us6000tz9s",
        "Magnitude": 4.7,
        "MagnitudeGroup": "4.5 to <6",
        "Place": "153 km SSE of Vilyuchinsk, Russia",
        "TimeUTC": "2026-10-02T23:54:13Z",
        "EventTime": 1790985253503,
        "DayUTC": "2026-10-02",
        "Depth_km": 35,
        "Longitude": 159.4679,
        "Latitude": 51.7161,
        "ReviewStatus": "reviewed",
        "MagnitudeType": "mb",
        "USGS_URL": "https://earthquake.usgs.gov/earthquakes/eventpage/us6000tz9s",
        "Source": "USGS Earthquake Hazards Program",
        "SnapshotUTC": "2026-10-04T19:51:31Z"
      }
    },
    {
      "type": "Feature",
      "geometry": {
        "type": "Point",
        "coordinates": [
          -116.9235,
          -49.3851
        ]
      },
      "properties": {
        "EventID": "us6000tzit",
        "Magnitude": 4.6,
        "MagnitudeGroup": "4.5 to <6",
        "Place": "southern East Pacific Rise",
        "TimeUTC": "2026-10-02T22:38:53Z",
        "EventTime": 1790980733650,
        "DayUTC": "2026-10-02",
        "Depth_km": 10,
        "Longitude": -116.9235,
        "Latitude": -49.3851,
        "ReviewStatus": "reviewed",
        "MagnitudeType": "mb",
        "USGS_URL": "https://earthquake.usgs.gov/earthquakes/eventpage/us6000tzit",
        "Source": "USGS Earthquake Hazards Program",
        "SnapshotUTC": "2026-10-04T19:51:31Z"
      }
    },
    {
      "type": "Feature",
      "geometry": {
        "type": "Point",
        "coordinates": [
          157.5867,
          52.7302
        ]
      },
      "properties": {
        "EventID": "us6000tz8q",
        "Magnitude": 4.4,
        "MagnitudeGroup": "2.5 to <4.5",
        "Place": "52 km WSW of Paratunka, Russia",
        "TimeUTC": "2026-10-02T21:05:06Z",
        "EventTime": 1790975106532,
        "DayUTC": "2026-10-02",
        "Depth_km": 93.182,
        "Longitude": 157.5867,
        "Latitude": 52.7302,
        "ReviewStatus": "reviewed",
        "MagnitudeType": "mb",
        "USGS_URL": "https://earthquake.usgs.gov/earthquakes/eventpage/us6000tz8q",
        "Source": "USGS Earthquake Hazards Program",
        "SnapshotUTC": "2026-10-04T19:51:31Z"
      }
    },
    {
      "type": "Feature",
      "geometry": {
        "type": "Point",
        "coordinates": [
          159.8843,
          51.6886
        ]
      },
      "properties": {
        "EventID": "us6000tz8l",
        "Magnitude": 5,
        "MagnitudeGroup": "4.5 to <6",
        "Place": "171 km SE of Vilyuchinsk, Russia",
        "TimeUTC": "2026-10-02T20:54:15Z",
        "EventTime": 1790974455391,
        "DayUTC": "2026-10-02",
        "Depth_km": 30.93,
        "Longitude": 159.8843,
        "Latitude": 51.6886,
        "ReviewStatus": "reviewed",
        "MagnitudeType": "mb",
        "USGS_URL": "https://earthquake.usgs.gov/earthquakes/eventpage/us6000tz8l",
        "Source": "USGS Earthquake Hazards Program",
        "SnapshotUTC": "2026-10-04T19:51:31Z"
      }
    },
    {
      "type": "Feature",
      "geometry": {
        "type": "Point",
        "coordinates": [
          158.2168,
          52.4691
        ]
      },
      "properties": {
        "EventID": "us6000tzd5",
        "Magnitude": 4.7,
        "MagnitudeGroup": "4.5 to <6",
        "Place": "52 km SSW of Vilyuchinsk, Russia",
        "TimeUTC": "2026-10-02T20:38:21Z",
        "EventTime": 1790973501109,
        "DayUTC": "2026-10-02",
        "Depth_km": 89.108,
        "Longitude": 158.2168,
        "Latitude": 52.4691,
        "ReviewStatus": "reviewed",
        "MagnitudeType": "mb",
        "USGS_URL": "https://earthquake.usgs.gov/earthquakes/eventpage/us6000tzd5",
        "Source": "USGS Earthquake Hazards Program",
        "SnapshotUTC": "2026-10-04T19:51:31Z"
      }
    },
    {
      "type": "Feature",
      "geometry": {
        "type": "Point",
        "coordinates": [
          158.0496,
          52.5605
        ]
      },
      "properties": {
        "EventID": "us6000tz8g",
        "Magnitude": 4.6,
        "MagnitudeGroup": "4.5 to <6",
        "Place": "46 km SSW of Paratunka, Russia",
        "TimeUTC": "2026-10-02T20:37:48Z",
        "EventTime": 1790973468318,
        "DayUTC": "2026-10-02",
        "Depth_km": 74.647,
        "Longitude": 158.0496,
        "Latitude": 52.5605,
        "ReviewStatus": "reviewed",
        "MagnitudeType": "mb",
        "USGS_URL": "https://earthquake.usgs.gov/earthquakes/eventpage/us6000tz8g",
        "Source": "USGS Earthquake Hazards Program",
        "SnapshotUTC": "2026-10-04T19:51:31Z"
      }
    },
    {
      "type": "Feature",
      "geometry": {
        "type": "Point",
        "coordinates": [
          142.8232,
          40.0341
        ]
      },
      "properties": {
        "EventID": "us6000tz8f",
        "Magnitude": 4.5,
        "MagnitudeGroup": "4.5 to <6",
        "Place": "86 km E of Noda, Japan",
        "TimeUTC": "2026-10-02T20:34:56Z",
        "EventTime": 1790973296862,
        "DayUTC": "2026-10-02",
        "Depth_km": 49.952,
        "Longitude": 142.8232,
        "Latitude": 40.0341,
        "ReviewStatus": "reviewed",
        "MagnitudeType": "mb",
        "USGS_URL": "https://earthquake.usgs.gov/earthquakes/eventpage/us6000tz8f",
        "Source": "USGS Earthquake Hazards Program",
        "SnapshotUTC": "2026-10-04T19:51:31Z"
      }
    },
    {
      "type": "Feature",
      "geometry": {
        "type": "Point",
        "coordinates": [
          159.665,
          51.3149
        ]
      },
      "properties": {
        "EventID": "us6000tz8c",
        "Magnitude": 5.1,
        "MagnitudeGroup": "4.5 to <6",
        "Place": "199 km SSE of Vilyuchinsk, Russia",
        "TimeUTC": "2026-10-02T20:27:27Z",
        "EventTime": 1790972847120,
        "DayUTC": "2026-10-02",
        "Depth_km": 10,
        "Longitude": 159.665,
        "Latitude": 51.3149,
        "ReviewStatus": "reviewed",
        "MagnitudeType": "mb",
        "USGS_URL": "https://earthquake.usgs.gov/earthquakes/eventpage/us6000tz8c",
        "Source": "USGS Earthquake Hazards Program",
        "SnapshotUTC": "2026-10-04T19:51:31Z"
      }
    },
    {
      "type": "Feature",
      "geometry": {
        "type": "Point",
        "coordinates": [
          152.8363,
          -4.565
        ]
      },
      "properties": {
        "EventID": "us6000tz8b",
        "Magnitude": 4.6,
        "MagnitudeGroup": "4.5 to <6",
        "Place": "67 km ESE of Kokopo, Papua New Guinea",
        "TimeUTC": "2026-10-02T20:26:02Z",
        "EventTime": 1790972762878,
        "DayUTC": "2026-10-02",
        "Depth_km": 86.736,
        "Longitude": 152.8363,
        "Latitude": -4.565,
        "ReviewStatus": "reviewed",
        "MagnitudeType": "mb",
        "USGS_URL": "https://earthquake.usgs.gov/earthquakes/eventpage/us6000tz8b",
        "Source": "USGS Earthquake Hazards Program",
        "SnapshotUTC": "2026-10-04T19:51:31Z"
      }
    },
    {
      "type": "Feature",
      "geometry": {
        "type": "Point",
        "coordinates": [
          159.3971,
          51.862
        ]
      },
      "properties": {
        "EventID": "us6000tz8a",
        "Magnitude": 4.9,
        "MagnitudeGroup": "4.5 to <6",
        "Place": "136 km SSE of Vilyuchinsk, Russia",
        "TimeUTC": "2026-10-02T20:25:29Z",
        "EventTime": 1790972729894,
        "DayUTC": "2026-10-02",
        "Depth_km": 38.829,
        "Longitude": 159.3971,
        "Latitude": 51.862,
        "ReviewStatus": "reviewed",
        "MagnitudeType": "mb",
        "USGS_URL": "https://earthquake.usgs.gov/earthquakes/eventpage/us6000tz8a",
        "Source": "USGS Earthquake Hazards Program",
        "SnapshotUTC": "2026-10-04T19:51:31Z"
      }
    },
    {
      "type": "Feature",
      "geometry": {
        "type": "Point",
        "coordinates": [
          -179.9859,
          -30.3739
        ]
      },
      "properties": {
        "EventID": "us6000tz7t",
        "Magnitude": 4.4,
        "MagnitudeGroup": "2.5 to <4.5",
        "Place": "Kermadec Islands region",
        "TimeUTC": "2026-10-02T19:43:20Z",
        "EventTime": 1790970200760,
        "DayUTC": "2026-10-02",
        "Depth_km": 431.395,
        "Longitude": -179.9859,
        "Latitude": -30.3739,
        "ReviewStatus": "reviewed",
        "MagnitudeType": "mb",
        "USGS_URL": "https://earthquake.usgs.gov/earthquakes/eventpage/us6000tz7t",
        "Source": "USGS Earthquake Hazards Program",
        "SnapshotUTC": "2026-10-04T19:51:31Z"
      }
    },
    {
      "type": "Feature",
      "geometry": {
        "type": "Point",
        "coordinates": [
          159.8307,
          51.5775
        ]
      },
      "properties": {
        "EventID": "us6000tz7b",
        "Magnitude": 5,
        "MagnitudeGroup": "4.5 to <6",
        "Place": "179 km SSE of Vilyuchinsk, Russia",
        "TimeUTC": "2026-10-02T18:25:20Z",
        "EventTime": 1790965520940,
        "DayUTC": "2026-10-02",
        "Depth_km": 10,
        "Longitude": 159.8307,
        "Latitude": 51.5775,
        "ReviewStatus": "reviewed",
        "MagnitudeType": "mb",
        "USGS_URL": "https://earthquake.usgs.gov/earthquakes/eventpage/us6000tz7b",
        "Source": "USGS Earthquake Hazards Program",
        "SnapshotUTC": "2026-10-04T19:51:31Z"
      }
    },
    {
      "type": "Feature",
      "geometry": {
        "type": "Point",
        "coordinates": [
          -155.279,
          19.4155
        ]
      },
      "properties": {
        "EventID": "hv75048472",
        "Magnitude": 3.49,
        "MagnitudeGroup": "2.5 to <4.5",
        "Place": "5 km WSW of Volcano, Hawaii",
        "TimeUTC": "2026-10-02T17:55:58Z",
        "EventTime": 1790963758410,
        "DayUTC": "2026-10-02",
        "Depth_km": 0.3,
        "Longitude": -155.279,
        "Latitude": 19.4155,
        "ReviewStatus": "reviewed",
        "MagnitudeType": "ml",
        "USGS_URL": "https://earthquake.usgs.gov/earthquakes/eventpage/hv75048472",
        "Source": "USGS Earthquake Hazards Program",
        "SnapshotUTC": "2026-10-04T19:51:31Z"
      }
    },
    {
      "type": "Feature",
      "geometry": {
        "type": "Point",
        "coordinates": [
          -71.7075,
          -32.773
        ]
      },
      "properties": {
        "EventID": "us6000tz75",
        "Magnitude": 4.3,
        "MagnitudeGroup": "2.5 to <4.5",
        "Place": "30 km NNW of Valpara\u00edso, Chile",
        "TimeUTC": "2026-10-02T17:28:18Z",
        "EventTime": 1790962098887,
        "DayUTC": "2026-10-02",
        "Depth_km": 32.14,
        "Longitude": -71.7075,
        "Latitude": -32.773,
        "ReviewStatus": "reviewed",
        "MagnitudeType": "mwr",
        "USGS_URL": "https://earthquake.usgs.gov/earthquakes/eventpage/us6000tz75",
        "Source": "USGS Earthquake Hazards Program",
        "SnapshotUTC": "2026-10-04T19:51:31Z"
      }
    },
    {
      "type": "Feature",
      "geometry": {
        "type": "Point",
        "coordinates": [
          145.7778,
          -38.3513
        ]
      },
      "properties": {
        "EventID": "us6000tzaj",
        "Magnitude": 3.2,
        "MagnitudeGroup": "2.5 to <4.5",
        "Place": "9 km ESE of Nyora, Australia",
        "TimeUTC": "2026-10-02T16:56:33Z",
        "EventTime": 1790960193706,
        "DayUTC": "2026-10-02",
        "Depth_km": 9.973,
        "Longitude": 145.7778,
        "Latitude": -38.3513,
        "ReviewStatus": "reviewed",
        "MagnitudeType": "ml",
        "USGS_URL": "https://earthquake.usgs.gov/earthquakes/eventpage/us6000tzaj",
        "Source": "USGS Earthquake Hazards Program",
        "SnapshotUTC": "2026-10-04T19:51:31Z"
      }
    },
    {
      "type": "Feature",
      "geometry": {
        "type": "Point",
        "coordinates": [
          94.5469,
          23.1453
        ]
      },
      "properties": {
        "EventID": "us6000tz6z",
        "Magnitude": 4.5,
        "MagnitudeGroup": "4.5 to <6",
        "Place": "56 km SSE of Mawlaik, Burma (Myanmar)",
        "TimeUTC": "2026-10-02T16:55:33Z",
        "EventTime": 1790960133449,
        "DayUTC": "2026-10-02",
        "Depth_km": 103.866,
        "Longitude": 94.5469,
        "Latitude": 23.1453,
        "ReviewStatus": "reviewed",
        "MagnitudeType": "mb",
        "USGS_URL": "https://earthquake.usgs.gov/earthquakes/eventpage/us6000tz6z",
        "Source": "USGS Earthquake Hazards Program",
        "SnapshotUTC": "2026-10-04T19:51:31Z"
      }
    },
    {
      "type": "Feature",
      "geometry": {
        "type": "Point",
        "coordinates": [
          159.7398,
          51.6873
        ]
      },
      "properties": {
        "EventID": "us6000tz62",
        "Magnitude": 5.8,
        "MagnitudeGroup": "4.5 to <6",
        "Place": "165 km SSE of Vilyuchinsk, Russia",
        "TimeUTC": "2026-10-02T16:34:41Z",
        "EventTime": 1790958881010,
        "DayUTC": "2026-10-02",
        "Depth_km": 29.477,
        "Longitude": 159.7398,
        "Latitude": 51.6873,
        "ReviewStatus": "reviewed",
        "MagnitudeType": "mww",
        "USGS_URL": "https://earthquake.usgs.gov/earthquakes/eventpage/us6000tz62",
        "Source": "USGS Earthquake Hazards Program",
        "SnapshotUTC": "2026-10-04T19:51:31Z"
      }
    },
    {
      "type": "Feature",
      "geometry": {
        "type": "Point",
        "coordinates": [
          -62.4223,
          10.3698
        ]
      },
      "properties": {
        "EventID": "us6000tz5h",
        "Magnitude": 5,
        "MagnitudeGroup": "4.5 to <6",
        "Place": "26 km SSW of G\u00fciria, Venezuela",
        "TimeUTC": "2026-10-02T16:31:25Z",
        "EventTime": 1790958685762,
        "DayUTC": "2026-10-02",
        "Depth_km": 9.763,
        "Longitude": -62.4223,
        "Latitude": 10.3698,
        "ReviewStatus": "reviewed",
        "MagnitudeType": "mb",
        "USGS_URL": "https://earthquake.usgs.gov/earthquakes/eventpage/us6000tz5h",
        "Source": "USGS Earthquake Hazards Program",
        "SnapshotUTC": "2026-10-04T19:51:31Z"
      }
    },
    {
      "type": "Feature",
      "geometry": {
        "type": "Point",
        "coordinates": [
          158.9242,
          53.0163
        ]
      },
      "properties": {
        "EventID": "us6000tz20",
        "Magnitude": 4.6,
        "MagnitudeGroup": "4.5 to <6",
        "Place": "20 km ESE of Petropavlovsk-Kamchatsky, Russia",
        "TimeUTC": "2026-10-02T16:02:10Z",
        "EventTime": 1790956930426,
        "DayUTC": "2026-10-02",
        "Depth_km": 99.084,
        "Longitude": 158.9242,
        "Latitude": 53.0163,
        "ReviewStatus": "reviewed",
        "MagnitudeType": "mb",
        "USGS_URL": "https://earthquake.usgs.gov/earthquakes/eventpage/us6000tz20",
        "Source": "USGS Earthquake Hazards Program",
        "SnapshotUTC": "2026-10-04T19:51:31Z"
      }
    },
    {
      "type": "Feature",
      "geometry": {
        "type": "Point",
        "coordinates": [
          145.8401,
          -38.3802
        ]
      },
      "properties": {
        "EventID": "us6000tz1y",
        "Magnitude": 4.7,
        "MagnitudeGroup": "4.5 to <6",
        "Place": "5 km NNE of Korumburra, Australia",
        "TimeUTC": "2026-10-02T16:01:39Z",
        "EventTime": 1790956899581,
        "DayUTC": "2026-10-02",
        "Depth_km": 10,
        "Longitude": 145.8401,
        "Latitude": -38.3802,
        "ReviewStatus": "reviewed",
        "MagnitudeType": "mb",
        "USGS_URL": "https://earthquake.usgs.gov/earthquakes/eventpage/us6000tz1y",
        "Source": "USGS Earthquake Hazards Program",
        "SnapshotUTC": "2026-10-04T19:51:31Z"
      }
    },
    {
      "type": "Feature",
      "geometry": {
        "type": "Point",
        "coordinates": [
          21.8509,
          38.1524
        ]
      },
      "properties": {
        "EventID": "us6000tz1r",
        "Magnitude": 4.5,
        "MagnitudeGroup": "4.5 to <6",
        "Place": "7 km NE of Chalandr\u00edtsa, Greece",
        "TimeUTC": "2026-10-02T15:26:42Z",
        "EventTime": 1790954802710,
        "DayUTC": "2026-10-02",
        "Depth_km": 10,
        "Longitude": 21.8509,
        "Latitude": 38.1524,
        "ReviewStatus": "reviewed",
        "MagnitudeType": "mb",
        "USGS_URL": "https://earthquake.usgs.gov/earthquakes/eventpage/us6000tz1r",
        "Source": "USGS Earthquake Hazards Program",
        "SnapshotUTC": "2026-10-04T19:51:31Z"
      }
    },
    {
      "type": "Feature",
      "geometry": {
        "type": "Point",
        "coordinates": [
          119.4593,
          14.571
        ]
      },
      "properties": {
        "EventID": "us6000tz1q",
        "Magnitude": 4.8,
        "MagnitudeGroup": "4.5 to <6",
        "Place": "78 km WSW of San Nicolas, Philippines",
        "TimeUTC": "2026-10-02T15:10:19Z",
        "EventTime": 1790953819729,
        "DayUTC": "2026-10-02",
        "Depth_km": 10,
        "Longitude": 119.4593,
        "Latitude": 14.571,
        "ReviewStatus": "reviewed",
        "MagnitudeType": "mb",
        "USGS_URL": "https://earthquake.usgs.gov/earthquakes/eventpage/us6000tz1q",
        "Source": "USGS Earthquake Hazards Program",
        "SnapshotUTC": "2026-10-04T19:51:31Z"
      }
    },
    {
      "type": "Feature",
      "geometry": {
        "type": "Point",
        "coordinates": [
          -150.553,
          63.275
        ]
      },
      "properties": {
        "EventID": "aka2026tnfazg",
        "Magnitude": 2.5,
        "MagnitudeGroup": "2.5 to <4.5",
        "Place": "65 km ESE of Denali National Park, Alaska",
        "TimeUTC": "2026-10-02T14:31:03Z",
        "EventTime": 1790951463936,
        "DayUTC": "2026-10-02",
        "Depth_km": 135,
        "Longitude": -150.553,
        "Latitude": 63.275,
        "ReviewStatus": "automatic",
        "MagnitudeType": "ml",
        "USGS_URL": "https://earthquake.usgs.gov/earthquakes/eventpage/aka2026tnfazg",
        "Source": "USGS Earthquake Hazards Program",
        "SnapshotUTC": "2026-10-04T19:51:31Z"
      }
    },
    {
      "type": "Feature",
      "geometry": {
        "type": "Point",
        "coordinates": [
          174.2598,
          -39.1598
        ]
      },
      "properties": {
        "EventID": "us6000tz1c",
        "Magnitude": 5,
        "MagnitudeGroup": "4.5 to <6",
        "Place": "6 km E of Inglewood, New Zealand",
        "TimeUTC": "2026-10-02T13:57:15Z",
        "EventTime": 1790949435838,
        "DayUTC": "2026-10-02",
        "Depth_km": 10,
        "Longitude": 174.2598,
        "Latitude": -39.1598,
        "ReviewStatus": "reviewed",
        "MagnitudeType": "mb",
        "USGS_URL": "https://earthquake.usgs.gov/earthquakes/eventpage/us6000tz1c",
        "Source": "USGS Earthquake Hazards Program",
        "SnapshotUTC": "2026-10-04T19:51:31Z"
      }
    },
    {
      "type": "Feature",
      "geometry": {
        "type": "Point",
        "coordinates": [
          -67.9175,
          18.954
        ]
      },
      "properties": {
        "EventID": "pr71535348",
        "Magnitude": 3.28,
        "MagnitudeGroup": "2.5 to <4.5",
        "Place": "65 km NE of Punta Cana, Dominican Republic",
        "TimeUTC": "2026-10-02T13:29:01Z",
        "EventTime": 1790947741410,
        "DayUTC": "2026-10-02",
        "Depth_km": 31.57,
        "Longitude": -67.9175,
        "Latitude": 18.954,
        "ReviewStatus": "reviewed",
        "MagnitudeType": "md",
        "USGS_URL": "https://earthquake.usgs.gov/earthquakes/eventpage/pr71535348",
        "Source": "USGS Earthquake Hazards Program",
        "SnapshotUTC": "2026-10-04T19:51:31Z"
      }
    },
    {
      "type": "Feature",
      "geometry": {
        "type": "Point",
        "coordinates": [
          -67.8431,
          18.8971
        ]
      },
      "properties": {
        "EventID": "pr2026275000",
        "Magnitude": 2.96,
        "MagnitudeGroup": "2.5 to <4.5",
        "Place": "68 km ENE of Punta Cana, Dominican Republic",
        "TimeUTC": "2026-10-02T12:07:39Z",
        "EventTime": 1790942859250,
        "DayUTC": "2026-10-02",
        "Depth_km": 5,
        "Longitude": -67.8431,
        "Latitude": 18.8971,
        "ReviewStatus": "reviewed",
        "MagnitudeType": "ml",
        "USGS_URL": "https://earthquake.usgs.gov/earthquakes/eventpage/pr2026275000",
        "Source": "USGS Earthquake Hazards Program",
        "SnapshotUTC": "2026-10-04T19:51:31Z"
      }
    },
    {
      "type": "Feature",
      "geometry": {
        "type": "Point",
        "coordinates": [
          -67.9471666666667,
          19
        ]
      },
      "properties": {
        "EventID": "pr71535328",
        "Magnitude": 3.13,
        "MagnitudeGroup": "2.5 to <4.5",
        "Place": "66 km NE of Punta Cana, Dominican Republic",
        "TimeUTC": "2026-10-02T12:06:12Z",
        "EventTime": 1790942772440,
        "DayUTC": "2026-10-02",
        "Depth_km": 7.94,
        "Longitude": -67.9471666666667,
        "Latitude": 19,
        "ReviewStatus": "reviewed",
        "MagnitudeType": "md",
        "USGS_URL": "https://earthquake.usgs.gov/earthquakes/eventpage/pr71535328",
        "Source": "USGS Earthquake Hazards Program",
        "SnapshotUTC": "2026-10-04T19:51:31Z"
      }
    },
    {
      "type": "Feature",
      "geometry": {
        "type": "Point",
        "coordinates": [
          -90.9832,
          14.4208
        ]
      },
      "properties": {
        "EventID": "us6000tz0z",
        "Magnitude": 4.2,
        "MagnitudeGroup": "2.5 to <4.5",
        "Place": "9 km SSW of Yepocapa, Guatemala",
        "TimeUTC": "2026-10-02T11:35:16Z",
        "EventTime": 1790940916003,
        "DayUTC": "2026-10-02",
        "Depth_km": 115.214,
        "Longitude": -90.9832,
        "Latitude": 14.4208,
        "ReviewStatus": "reviewed",
        "MagnitudeType": "mb",
        "USGS_URL": "https://earthquake.usgs.gov/earthquakes/eventpage/us6000tz0z",
        "Source": "USGS Earthquake Hazards Program",
        "SnapshotUTC": "2026-10-04T19:51:31Z"
      }
    },
    {
      "type": "Feature",
      "geometry": {
        "type": "Point",
        "coordinates": [
          155.0136,
          -6.6368
        ]
      },
      "properties": {
        "EventID": "us6000tz0x",
        "Magnitude": 5,
        "MagnitudeGroup": "4.5 to <6",
        "Place": "63 km SW of Panguna, Papua New Guinea",
        "TimeUTC": "2026-10-02T11:14:14Z",
        "EventTime": 1790939654383,
        "DayUTC": "2026-10-02",
        "Depth_km": 38.25,
        "Longitude": 155.0136,
        "Latitude": -6.6368,
        "ReviewStatus": "reviewed",
        "MagnitudeType": "mb",
        "USGS_URL": "https://earthquake.usgs.gov/earthquakes/eventpage/us6000tz0x",
        "Source": "USGS Earthquake Hazards Program",
        "SnapshotUTC": "2026-10-04T19:51:31Z"
      }
    },
    {
      "type": "Feature",
      "geometry": {
        "type": "Point",
        "coordinates": [
          -120.080666666667,
          38.8935
        ]
      },
      "properties": {
        "EventID": "nc75442791",
        "Magnitude": 3.27,
        "MagnitudeGroup": "2.5 to <4.5",
        "Place": "9 km WSW of South Lake Tahoe, CA",
        "TimeUTC": "2026-10-02T10:00:11Z",
        "EventTime": 1790935211180,
        "DayUTC": "2026-10-02",
        "Depth_km": 10.9,
        "Longitude": -120.080666666667,
        "Latitude": 38.8935,
        "ReviewStatus": "reviewed",
        "MagnitudeType": "mw",
        "USGS_URL": "https://earthquake.usgs.gov/earthquakes/eventpage/nc75442791",
        "Source": "USGS Earthquake Hazards Program",
        "SnapshotUTC": "2026-10-04T19:51:31Z"
      }
    },
    {
      "type": "Feature",
      "geometry": {
        "type": "Point",
        "coordinates": [
          -156.499,
          56.4
        ]
      },
      "properties": {
        "EventID": "aka2026tmvtvv",
        "Magnitude": 2.6,
        "MagnitudeGroup": "2.5 to <4.5",
        "Place": "118 km E of Chignik, Alaska",
        "TimeUTC": "2026-10-02T09:52:57Z",
        "EventTime": 1790934777586,
        "DayUTC": "2026-10-02",
        "Depth_km": 18.2,
        "Longitude": -156.499,
        "Latitude": 56.4,
        "ReviewStatus": "automatic",
        "MagnitudeType": "ml",
        "USGS_URL": "https://earthquake.usgs.gov/earthquakes/eventpage/aka2026tmvtvv",
        "Source": "USGS Earthquake Hazards Program",
        "SnapshotUTC": "2026-10-04T19:51:31Z"
      }
    },
    {
      "type": "Feature",
      "geometry": {
        "type": "Point",
        "coordinates": [
          -104.215,
          31.635
        ]
      },
      "properties": {
        "EventID": "tx2026tjshuj",
        "Magnitude": 2.7,
        "MagnitudeGroup": "2.5 to <4.5",
        "Place": "53 km NW of Toyah, Texas",
        "TimeUTC": "2026-10-02T09:43:16Z",
        "EventTime": 1790934196734,
        "DayUTC": "2026-10-02",
        "Depth_km": 5.2667,
        "Longitude": -104.215,
        "Latitude": 31.635,
        "ReviewStatus": "reviewed",
        "MagnitudeType": "ml",
        "USGS_URL": "https://earthquake.usgs.gov/earthquakes/eventpage/tx2026tjshuj",
        "Source": "USGS Earthquake Hazards Program",
        "SnapshotUTC": "2026-10-04T19:51:31Z"
      }
    },
    {
      "type": "Feature",
      "geometry": {
        "type": "Point",
        "coordinates": [
          -115.2897,
          38.9073
        ]
      },
      "properties": {
        "EventID": "nn00925155",
        "Magnitude": 2.97,
        "MagnitudeGroup": "2.5 to <4.5",
        "Place": "19 km W of Preston, Nevada",
        "TimeUTC": "2026-10-02T09:13:41Z",
        "EventTime": 1790932421051,
        "DayUTC": "2026-10-02",
        "Depth_km": 3.4406,
        "Longitude": -115.2897,
        "Latitude": 38.9073,
        "ReviewStatus": "reviewed",
        "MagnitudeType": "ml",
        "USGS_URL": "https://earthquake.usgs.gov/earthquakes/eventpage/nn00925155",
        "Source": "USGS Earthquake Hazards Program",
        "SnapshotUTC": "2026-10-04T19:51:31Z"
      }
    },
    {
      "type": "Feature",
      "geometry": {
        "type": "Point",
        "coordinates": [
          -104.3753,
          18.7561
        ]
      },
      "properties": {
        "EventID": "us6000tyzx",
        "Magnitude": 4.8,
        "MagnitudeGroup": "4.5 to <6",
        "Place": "35 km SSW of El Colomo, Mexico",
        "TimeUTC": "2026-10-02T06:53:35Z",
        "EventTime": 1790924015007,
        "DayUTC": "2026-10-02",
        "Depth_km": 23.972,
        "Longitude": -104.3753,
        "Latitude": 18.7561,
        "ReviewStatus": "reviewed",
        "MagnitudeType": "mww",
        "USGS_URL": "https://earthquake.usgs.gov/earthquakes/eventpage/us6000tyzx",
        "Source": "USGS Earthquake Hazards Program",
        "SnapshotUTC": "2026-10-04T19:51:31Z"
      }
    },
    {
      "type": "Feature",
      "geometry": {
        "type": "Point",
        "coordinates": [
          121.0985,
          -7.9511
        ]
      },
      "properties": {
        "EventID": "us6000tyzy",
        "Magnitude": 4.5,
        "MagnitudeGroup": "4.5 to <6",
        "Place": "101 km NE of Ruteng, Indonesia",
        "TimeUTC": "2026-10-02T06:48:06Z",
        "EventTime": 1790923686954,
        "DayUTC": "2026-10-02",
        "Depth_km": 10,
        "Longitude": 121.0985,
        "Latitude": -7.9511,
        "ReviewStatus": "reviewed",
        "MagnitudeType": "mb",
        "USGS_URL": "https://earthquake.usgs.gov/earthquakes/eventpage/us6000tyzy",
        "Source": "USGS Earthquake Hazards Program",
        "SnapshotUTC": "2026-10-04T19:51:31Z"
      }
    },
    {
      "type": "Feature",
      "geometry": {
        "type": "Point",
        "coordinates": [
          -175.993,
          51.328
        ]
      },
      "properties": {
        "EventID": "aka2026tmocjx",
        "Magnitude": 4,
        "MagnitudeGroup": "2.5 to <4.5",
        "Place": "75 km SE of Adak, Alaska",
        "TimeUTC": "2026-10-02T06:02:57Z",
        "EventTime": 1790920977320,
        "DayUTC": "2026-10-02",
        "Depth_km": 17.3,
        "Longitude": -175.993,
        "Latitude": 51.328,
        "ReviewStatus": "reviewed",
        "MagnitudeType": "ml",
        "USGS_URL": "https://earthquake.usgs.gov/earthquakes/eventpage/aka2026tmocjx",
        "Source": "USGS Earthquake Hazards Program",
        "SnapshotUTC": "2026-10-04T19:51:31Z"
      }
    },
    {
      "type": "Feature",
      "geometry": {
        "type": "Point",
        "coordinates": [
          126.4944,
          2.5781
        ]
      },
      "properties": {
        "EventID": "us6000tyzt",
        "Magnitude": 4.8,
        "MagnitudeGroup": "4.5 to <6",
        "Place": "192 km WNW of Tobelo, Indonesia",
        "TimeUTC": "2026-10-02T05:38:55Z",
        "EventTime": 1790919535084,
        "DayUTC": "2026-10-02",
        "Depth_km": 10,
        "Longitude": 126.4944,
        "Latitude": 2.5781,
        "ReviewStatus": "reviewed",
        "MagnitudeType": "mb",
        "USGS_URL": "https://earthquake.usgs.gov/earthquakes/eventpage/us6000tyzt",
        "Source": "USGS Earthquake Hazards Program",
        "SnapshotUTC": "2026-10-04T19:51:31Z"
      }
    },
    {
      "type": "Feature",
      "geometry": {
        "type": "Point",
        "coordinates": [
          158.0215,
          -8.9326
        ]
      },
      "properties": {
        "EventID": "us6000tyzl",
        "Magnitude": 5.1,
        "MagnitudeGroup": "4.5 to <6",
        "Place": "159 km SE of Gizo, Solomon Islands",
        "TimeUTC": "2026-10-02T04:44:53Z",
        "EventTime": 1790916293423,
        "DayUTC": "2026-10-02",
        "Depth_km": 10,
        "Longitude": 158.0215,
        "Latitude": -8.9326,
        "ReviewStatus": "reviewed",
        "MagnitudeType": "mb",
        "USGS_URL": "https://earthquake.usgs.gov/earthquakes/eventpage/us6000tyzl",
        "Source": "USGS Earthquake Hazards Program",
        "SnapshotUTC": "2026-10-04T19:51:31Z"
      }
    },
    {
      "type": "Feature",
      "geometry": {
        "type": "Point",
        "coordinates": [
          178.6446,
          -24.7752
        ]
      },
      "properties": {
        "EventID": "us6000tyzi",
        "Magnitude": 5,
        "MagnitudeGroup": "4.5 to <6",
        "Place": "south of the Fiji Islands",
        "TimeUTC": "2026-10-02T04:27:05Z",
        "EventTime": 1790915225754,
        "DayUTC": "2026-10-02",
        "Depth_km": 557.245,
        "Longitude": 178.6446,
        "Latitude": -24.7752,
        "ReviewStatus": "reviewed",
        "MagnitudeType": "mb",
        "USGS_URL": "https://earthquake.usgs.gov/earthquakes/eventpage/us6000tyzi",
        "Source": "USGS Earthquake Hazards Program",
        "SnapshotUTC": "2026-10-04T19:51:31Z"
      }
    },
    {
      "type": "Feature",
      "geometry": {
        "type": "Point",
        "coordinates": [
          155.6075,
          -7.1852
        ]
      },
      "properties": {
        "EventID": "us6000tyzg",
        "Magnitude": 4.9,
        "MagnitudeGroup": "4.5 to <6",
        "Place": "97 km S of Panguna, Papua New Guinea",
        "TimeUTC": "2026-10-02T04:10:58Z",
        "EventTime": 1790914258487,
        "DayUTC": "2026-10-02",
        "Depth_km": 35,
        "Longitude": 155.6075,
        "Latitude": -7.1852,
        "ReviewStatus": "reviewed",
        "MagnitudeType": "mb",
        "USGS_URL": "https://earthquake.usgs.gov/earthquakes/eventpage/us6000tyzg",
        "Source": "USGS Earthquake Hazards Program",
        "SnapshotUTC": "2026-10-04T19:51:31Z"
      }
    },
    {
      "type": "Feature",
      "geometry": {
        "type": "Point",
        "coordinates": [
          165.794,
          -11.1735
        ]
      },
      "properties": {
        "EventID": "us6000tzim",
        "Magnitude": 4.7,
        "MagnitudeGroup": "4.5 to <6",
        "Place": "49 km S of Lata, Solomon Islands",
        "TimeUTC": "2026-10-02T02:02:34Z",
        "EventTime": 1790906554584,
        "DayUTC": "2026-10-02",
        "Depth_km": 10,
        "Longitude": 165.794,
        "Latitude": -11.1735,
        "ReviewStatus": "reviewed",
        "MagnitudeType": "mb",
        "USGS_URL": "https://earthquake.usgs.gov/earthquakes/eventpage/us6000tzim",
        "Source": "USGS Earthquake Hazards Program",
        "SnapshotUTC": "2026-10-04T19:51:31Z"
      }
    },
    {
      "type": "Feature",
      "geometry": {
        "type": "Point",
        "coordinates": [
          139.7487,
          36.0904
        ]
      },
      "properties": {
        "EventID": "us6000tyxk",
        "Magnitude": 4.5,
        "MagnitudeGroup": "4.5 to <6",
        "Place": "2 km NE of Satte, Japan",
        "TimeUTC": "2026-10-01T21:01:41Z",
        "EventTime": 1790888501707,
        "DayUTC": "2026-10-01",
        "Depth_km": 65.032,
        "Longitude": 139.7487,
        "Latitude": 36.0904,
        "ReviewStatus": "reviewed",
        "MagnitudeType": "mb",
        "USGS_URL": "https://earthquake.usgs.gov/earthquakes/eventpage/us6000tyxk",
        "Source": "USGS Earthquake Hazards Program",
        "SnapshotUTC": "2026-10-04T19:51:31Z"
      }
    },
    {
      "type": "Feature",
      "geometry": {
        "type": "Point",
        "coordinates": [
          167.0918,
          -11.6728
        ]
      },
      "properties": {
        "EventID": "us6000tyx0",
        "Magnitude": 5.1,
        "MagnitudeGroup": "4.5 to <6",
        "Place": "176 km SE of Lata, Solomon Islands",
        "TimeUTC": "2026-10-01T20:00:34Z",
        "EventTime": 1790884834322,
        "DayUTC": "2026-10-01",
        "Depth_km": 10,
        "Longitude": 167.0918,
        "Latitude": -11.6728,
        "ReviewStatus": "reviewed",
        "MagnitudeType": "mb",
        "USGS_URL": "https://earthquake.usgs.gov/earthquakes/eventpage/us6000tyx0",
        "Source": "USGS Earthquake Hazards Program",
        "SnapshotUTC": "2026-10-04T19:51:31Z"
      }
    },
    {
      "type": "Feature",
      "geometry": {
        "type": "Point",
        "coordinates": [
          166.961,
          -11.7706
        ]
      },
      "properties": {
        "EventID": "us6000tywu",
        "Magnitude": 5.1,
        "MagnitudeGroup": "4.5 to <6",
        "Place": "171 km SE of Lata, Solomon Islands",
        "TimeUTC": "2026-10-01T19:38:01Z",
        "EventTime": 1790883481795,
        "DayUTC": "2026-10-01",
        "Depth_km": 10,
        "Longitude": 166.961,
        "Latitude": -11.7706,
        "ReviewStatus": "reviewed",
        "MagnitudeType": "mww",
        "USGS_URL": "https://earthquake.usgs.gov/earthquakes/eventpage/us6000tywu",
        "Source": "USGS Earthquake Hazards Program",
        "SnapshotUTC": "2026-10-04T19:51:31Z"
      }
    },
    {
      "type": "Feature",
      "geometry": {
        "type": "Point",
        "coordinates": [
          -152.559,
          59.977
        ]
      },
      "properties": {
        "EventID": "aka2026tlsylt",
        "Magnitude": 2.6,
        "MagnitudeGroup": "2.5 to <4.5",
        "Place": "46 km W of Happy Valley, Alaska",
        "TimeUTC": "2026-10-01T19:28:58Z",
        "EventTime": 1790882938587,
        "DayUTC": "2026-10-01",
        "Depth_km": 100.3,
        "Longitude": -152.559,
        "Latitude": 59.977,
        "ReviewStatus": "automatic",
        "MagnitudeType": "ml",
        "USGS_URL": "https://earthquake.usgs.gov/earthquakes/eventpage/aka2026tlsylt",
        "Source": "USGS Earthquake Hazards Program",
        "SnapshotUTC": "2026-10-04T19:51:31Z"
      }
    },
    {
      "type": "Feature",
      "geometry": {
        "type": "Point",
        "coordinates": [
          -177.6908,
          -21.2549
        ]
      },
      "properties": {
        "EventID": "us6000tywh",
        "Magnitude": 4.3,
        "MagnitudeGroup": "2.5 to <4.5",
        "Place": "248 km W of Houma, Tonga",
        "TimeUTC": "2026-10-01T18:54:52Z",
        "EventTime": 1790880892633,
        "DayUTC": "2026-10-01",
        "Depth_km": 433.822,
        "Longitude": -177.6908,
        "Latitude": -21.2549,
        "ReviewStatus": "reviewed",
        "MagnitudeType": "mb",
        "USGS_URL": "https://earthquake.usgs.gov/earthquakes/eventpage/us6000tywh",
        "Source": "USGS Earthquake Hazards Program",
        "SnapshotUTC": "2026-10-04T19:51:31Z"
      }
    },
    {
      "type": "Feature",
      "geometry": {
        "type": "Point",
        "coordinates": [
          -104.549,
          31.697
        ]
      },
      "properties": {
        "EventID": "tx2026tiooka",
        "Magnitude": 3.1,
        "MagnitudeGroup": "2.5 to <4.5",
        "Place": "55 km SSW of Whites City, New Mexico",
        "TimeUTC": "2026-10-01T18:47:10Z",
        "EventTime": 1790880430018,
        "DayUTC": "2026-10-01",
        "Depth_km": 4.7284,
        "Longitude": -104.549,
        "Latitude": 31.697,
        "ReviewStatus": "reviewed",
        "MagnitudeType": "ml",
        "USGS_URL": "https://earthquake.usgs.gov/earthquakes/eventpage/tx2026tiooka",
        "Source": "USGS Earthquake Hazards Program",
        "SnapshotUTC": "2026-10-04T19:51:31Z"
      }
    },
    {
      "type": "Feature",
      "geometry": {
        "type": "Point",
        "coordinates": [
          120.9009,
          -7.9896
        ]
      },
      "properties": {
        "EventID": "us6000tyw9",
        "Magnitude": 4.6,
        "MagnitudeGroup": "4.5 to <6",
        "Place": "83 km NE of Ruteng, Indonesia",
        "TimeUTC": "2026-10-01T17:37:11Z",
        "EventTime": 1790876231734,
        "DayUTC": "2026-10-01",
        "Depth_km": 10,
        "Longitude": 120.9009,
        "Latitude": -7.9896,
        "ReviewStatus": "reviewed",
        "MagnitudeType": "mb",
        "USGS_URL": "https://earthquake.usgs.gov/earthquakes/eventpage/us6000tyw9",
        "Source": "USGS Earthquake Hazards Program",
        "SnapshotUTC": "2026-10-04T19:51:31Z"
      }
    },
    {
      "type": "Feature",
      "geometry": {
        "type": "Point",
        "coordinates": [
          143.1734,
          39.8778
        ]
      },
      "properties": {
        "EventID": "us6000tyw6",
        "Magnitude": 5.1,
        "MagnitudeGroup": "4.5 to <6",
        "Place": "108 km ENE of Miyako, Japan",
        "TimeUTC": "2026-10-01T17:17:20Z",
        "EventTime": 1790875040097,
        "DayUTC": "2026-10-01",
        "Depth_km": 35,
        "Longitude": 143.1734,
        "Latitude": 39.8778,
        "ReviewStatus": "reviewed",
        "MagnitudeType": "mww",
        "USGS_URL": "https://earthquake.usgs.gov/earthquakes/eventpage/us6000tyw6",
        "Source": "USGS Earthquake Hazards Program",
        "SnapshotUTC": "2026-10-04T19:51:31Z"
      }
    },
    {
      "type": "Feature",
      "geometry": {
        "type": "Point",
        "coordinates": [
          138.9179,
          -1.9255
        ]
      },
      "properties": {
        "EventID": "us6000tyw4",
        "Magnitude": 4.3,
        "MagnitudeGroup": "2.5 to <4.5",
        "Place": "204 km WNW of Abepura, Indonesia",
        "TimeUTC": "2026-10-01T17:09:38Z",
        "EventTime": 1790874578469,
        "DayUTC": "2026-10-01",
        "Depth_km": 10,
        "Longitude": 138.9179,
        "Latitude": -1.9255,
        "ReviewStatus": "reviewed",
        "MagnitudeType": "mb",
        "USGS_URL": "https://earthquake.usgs.gov/earthquakes/eventpage/us6000tyw4",
        "Source": "USGS Earthquake Hazards Program",
        "SnapshotUTC": "2026-10-04T19:51:31Z"
      }
    },
    {
      "type": "Feature",
      "geometry": {
        "type": "Point",
        "coordinates": [
          71.5499,
          36.4688
        ]
      },
      "properties": {
        "EventID": "us6000tyvs",
        "Magnitude": 4.2,
        "MagnitudeGroup": "2.5 to <4.5",
        "Place": "23 km S of Ashk\u0101sham, Afghanistan",
        "TimeUTC": "2026-10-01T16:02:08Z",
        "EventTime": 1790870528161,
        "DayUTC": "2026-10-01",
        "Depth_km": 105.107,
        "Longitude": 71.5499,
        "Latitude": 36.4688,
        "ReviewStatus": "reviewed",
        "MagnitudeType": "mb",
        "USGS_URL": "https://earthquake.usgs.gov/earthquakes/eventpage/us6000tyvs",
        "Source": "USGS Earthquake Hazards Program",
        "SnapshotUTC": "2026-10-04T19:51:31Z"
      }
    },
    {
      "type": "Feature",
      "geometry": {
        "type": "Point",
        "coordinates": [
          -150.994,
          58.977
        ]
      },
      "properties": {
        "EventID": "aka2026tlkkpe",
        "Magnitude": 3,
        "MagnitudeGroup": "2.5 to <4.5",
        "Place": "63 km SE of Port Graham, Alaska",
        "TimeUTC": "2026-10-01T15:13:16Z",
        "EventTime": 1790867596780,
        "DayUTC": "2026-10-01",
        "Depth_km": 54.5,
        "Longitude": -150.994,
        "Latitude": 58.977,
        "ReviewStatus": "automatic",
        "MagnitudeType": "ml",
        "USGS_URL": "https://earthquake.usgs.gov/earthquakes/eventpage/aka2026tlkkpe",
        "Source": "USGS Earthquake Hazards Program",
        "SnapshotUTC": "2026-10-04T19:51:31Z"
      }
    },
    {
      "type": "Feature",
      "geometry": {
        "type": "Point",
        "coordinates": [
          -163.7238,
          53.7226
        ]
      },
      "properties": {
        "EventID": "us6000tyuf",
        "Magnitude": 4.8,
        "MagnitudeGroup": "4.5 to <6",
        "Place": "127 km S of False Pass, Alaska",
        "TimeUTC": "2026-10-01T14:46:19Z",
        "EventTime": 1790865979877,
        "DayUTC": "2026-10-01",
        "Depth_km": 35,
        "Longitude": -163.7238,
        "Latitude": 53.7226,
        "ReviewStatus": "reviewed",
        "MagnitudeType": "mb",
        "USGS_URL": "https://earthquake.usgs.gov/earthquakes/eventpage/us6000tyuf",
        "Source": "USGS Earthquake Hazards Program",
        "SnapshotUTC": "2026-10-04T19:51:31Z"
      }
    },
    {
      "type": "Feature",
      "geometry": {
        "type": "Point",
        "coordinates": [
          120.9136,
          -7.0805
        ]
      },
      "properties": {
        "EventID": "us6000tyua",
        "Magnitude": 5,
        "MagnitudeGroup": "4.5 to <6",
        "Place": "176 km NNE of Ruteng, Indonesia",
        "TimeUTC": "2026-10-01T14:19:59Z",
        "EventTime": 1790864399078,
        "DayUTC": "2026-10-01",
        "Depth_km": 10,
        "Longitude": 120.9136,
        "Latitude": -7.0805,
        "ReviewStatus": "reviewed",
        "MagnitudeType": "mb",
        "USGS_URL": "https://earthquake.usgs.gov/earthquakes/eventpage/us6000tyua",
        "Source": "USGS Earthquake Hazards Program",
        "SnapshotUTC": "2026-10-04T19:51:31Z"
      }
    },
    {
      "type": "Feature",
      "geometry": {
        "type": "Point",
        "coordinates": [
          138.9249,
          -2.0857
        ]
      },
      "properties": {
        "EventID": "us6000tyu2",
        "Magnitude": 4.4,
        "MagnitudeGroup": "2.5 to <4.5",
        "Place": "198 km WNW of Abepura, Indonesia",
        "TimeUTC": "2026-10-01T13:31:15Z",
        "EventTime": 1790861475432,
        "DayUTC": "2026-10-01",
        "Depth_km": 10,
        "Longitude": 138.9249,
        "Latitude": -2.0857,
        "ReviewStatus": "reviewed",
        "MagnitudeType": "mb",
        "USGS_URL": "https://earthquake.usgs.gov/earthquakes/eventpage/us6000tyu2",
        "Source": "USGS Earthquake Hazards Program",
        "SnapshotUTC": "2026-10-04T19:51:31Z"
      }
    },
    {
      "type": "Feature",
      "geometry": {
        "type": "Point",
        "coordinates": [
          23.3018,
          38.3117
        ]
      },
      "properties": {
        "EventID": "us6000tytw",
        "Magnitude": 4.2,
        "MagnitudeGroup": "2.5 to <4.5",
        "Place": "2 km SW of Th\u00edvai, Greece",
        "TimeUTC": "2026-10-01T13:03:03Z",
        "EventTime": 1790859783246,
        "DayUTC": "2026-10-01",
        "Depth_km": 10,
        "Longitude": 23.3018,
        "Latitude": 38.3117,
        "ReviewStatus": "reviewed",
        "MagnitudeType": "mb",
        "USGS_URL": "https://earthquake.usgs.gov/earthquakes/eventpage/us6000tytw",
        "Source": "USGS Earthquake Hazards Program",
        "SnapshotUTC": "2026-10-04T19:51:31Z"
      }
    },
    {
      "type": "Feature",
      "geometry": {
        "type": "Point",
        "coordinates": [
          149.0324,
          44.6606
        ]
      },
      "properties": {
        "EventID": "us6000tytv",
        "Magnitude": 4.3,
        "MagnitudeGroup": "2.5 to <4.5",
        "Place": "110 km SE of Kuril\u2019sk, Russia",
        "TimeUTC": "2026-10-01T13:00:35Z",
        "EventTime": 1790859635477,
        "DayUTC": "2026-10-01",
        "Depth_km": 57.373,
        "Longitude": 149.0324,
        "Latitude": 44.6606,
        "ReviewStatus": "reviewed",
        "MagnitudeType": "mb",
        "USGS_URL": "https://earthquake.usgs.gov/earthquakes/eventpage/us6000tytv",
        "Source": "USGS Earthquake Hazards Program",
        "SnapshotUTC": "2026-10-04T19:51:31Z"
      }
    },
    {
      "type": "Feature",
      "geometry": {
        "type": "Point",
        "coordinates": [
          -156.443,
          58.221
        ]
      },
      "properties": {
        "EventID": "aka2026tlezlc",
        "Magnitude": 2.9,
        "MagnitudeGroup": "2.5 to <4.5",
        "Place": "53 km SSE of King Salmon, Alaska",
        "TimeUTC": "2026-10-01T12:29:59Z",
        "EventTime": 1790857799518,
        "DayUTC": "2026-10-01",
        "Depth_km": 0,
        "Longitude": -156.443,
        "Latitude": 58.221,
        "ReviewStatus": "automatic",
        "MagnitudeType": "ml",
        "USGS_URL": "https://earthquake.usgs.gov/earthquakes/eventpage/aka2026tlezlc",
        "Source": "USGS Earthquake Hazards Program",
        "SnapshotUTC": "2026-10-04T19:51:31Z"
      }
    },
    {
      "type": "Feature",
      "geometry": {
        "type": "Point",
        "coordinates": [
          140.5507,
          35.7025
        ]
      },
      "properties": {
        "EventID": "us6000tytg",
        "Magnitude": 5.3,
        "MagnitudeGroup": "4.5 to <6",
        "Place": "0 km NNE of Y\u014dkaichiba, Japan",
        "TimeUTC": "2026-10-01T12:27:11Z",
        "EventTime": 1790857631864,
        "DayUTC": "2026-10-01",
        "Depth_km": 41.649,
        "Longitude": 140.5507,
        "Latitude": 35.7025,
        "ReviewStatus": "reviewed",
        "MagnitudeType": "mww",
        "USGS_URL": "https://earthquake.usgs.gov/earthquakes/eventpage/us6000tytg",
        "Source": "USGS Earthquake Hazards Program",
        "SnapshotUTC": "2026-10-04T19:51:31Z"
      }
    },
    {
      "type": "Feature",
      "geometry": {
        "type": "Point",
        "coordinates": [
          -109.870333333333,
          41.5615
        ]
      },
      "properties": {
        "EventID": "uu80158331",
        "Magnitude": 2.84,
        "MagnitudeGroup": "2.5 to <4.5",
        "Place": "2 km NNW of Little America, Wyoming",
        "TimeUTC": "2026-10-01T12:26:37Z",
        "EventTime": 1790857597780,
        "DayUTC": "2026-10-01",
        "Depth_km": -3.19,
        "Longitude": -109.870333333333,
        "Latitude": 41.5615,
        "ReviewStatus": "reviewed",
        "MagnitudeType": "ml",
        "USGS_URL": "https://earthquake.usgs.gov/earthquakes/eventpage/uu80158331",
        "Source": "USGS Earthquake Hazards Program",
        "SnapshotUTC": "2026-10-04T19:51:31Z"
      }
    },
    {
      "type": "Feature",
      "geometry": {
        "type": "Point",
        "coordinates": [
          -150.575,
          63.244
        ]
      },
      "properties": {
        "EventID": "aka2026tlelut",
        "Magnitude": 2.9,
        "MagnitudeGroup": "2.5 to <4.5",
        "Place": "66 km ESE of Denali National Park, Alaska",
        "TimeUTC": "2026-10-01T12:14:15Z",
        "EventTime": 1790856855424,
        "DayUTC": "2026-10-01",
        "Depth_km": 131.3,
        "Longitude": -150.575,
        "Latitude": 63.244,
        "ReviewStatus": "automatic",
        "MagnitudeType": "ml",
        "USGS_URL": "https://earthquake.usgs.gov/earthquakes/eventpage/aka2026tlelut",
        "Source": "USGS Earthquake Hazards Program",
        "SnapshotUTC": "2026-10-04T19:51:31Z"
      }
    },
    {
      "type": "Feature",
      "geometry": {
        "type": "Point",
        "coordinates": [
          -151.996,
          61.836
        ]
      },
      "properties": {
        "EventID": "aka2026tlapkt",
        "Magnitude": 3.2,
        "MagnitudeGroup": "2.5 to <4.5",
        "Place": "35 km WSW of Skwentna, Alaska",
        "TimeUTC": "2026-10-01T10:18:48Z",
        "EventTime": 1790849928924,
        "DayUTC": "2026-10-01",
        "Depth_km": 115.6,
        "Longitude": -151.996,
        "Latitude": 61.836,
        "ReviewStatus": "automatic",
        "MagnitudeType": "ml",
        "USGS_URL": "https://earthquake.usgs.gov/earthquakes/eventpage/aka2026tlapkt",
        "Source": "USGS Earthquake Hazards Program",
        "SnapshotUTC": "2026-10-04T19:51:31Z"
      }
    },
    {
      "type": "Feature",
      "geometry": {
        "type": "Point",
        "coordinates": [
          -41.428,
          31.0444
        ]
      },
      "properties": {
        "EventID": "us6000tysi",
        "Magnitude": 4.7,
        "MagnitudeGroup": "4.5 to <6",
        "Place": "northern Mid-Atlantic Ridge",
        "TimeUTC": "2026-10-01T10:03:15Z",
        "EventTime": 1790848995128,
        "DayUTC": "2026-10-01",
        "Depth_km": 10,
        "Longitude": -41.428,
        "Latitude": 31.0444,
        "ReviewStatus": "reviewed",
        "MagnitudeType": "mb",
        "USGS_URL": "https://earthquake.usgs.gov/earthquakes/eventpage/us6000tysi",
        "Source": "USGS Earthquake Hazards Program",
        "SnapshotUTC": "2026-10-04T19:51:31Z"
      }
    },
    {
      "type": "Feature",
      "geometry": {
        "type": "Point",
        "coordinates": [
          -155.268325805664,
          19.4208335876465
        ]
      },
      "properties": {
        "EventID": "hv75046927",
        "Magnitude": 2.55,
        "MagnitudeGroup": "2.5 to <4.5",
        "Place": "4 km SW of Volcano, Hawaii",
        "TimeUTC": "2026-10-01T09:55:50Z",
        "EventTime": 1790848550020,
        "DayUTC": "2026-10-01",
        "Depth_km": 0.400000005960464,
        "Longitude": -155.268325805664,
        "Latitude": 19.4208335876465,
        "ReviewStatus": "automatic",
        "MagnitudeType": "ml",
        "USGS_URL": "https://earthquake.usgs.gov/earthquakes/eventpage/hv75046927",
        "Source": "USGS Earthquake Hazards Program",
        "SnapshotUTC": "2026-10-04T19:51:31Z"
      }
    },
    {
      "type": "Feature",
      "geometry": {
        "type": "Point",
        "coordinates": [
          -149.372,
          62.728
        ]
      },
      "properties": {
        "EventID": "aka2026tkytvy",
        "Magnitude": 2.6,
        "MagnitudeGroup": "2.5 to <4.5",
        "Place": "48 km NE of Chase, Alaska",
        "TimeUTC": "2026-10-01T09:23:37Z",
        "EventTime": 1790846617666,
        "DayUTC": "2026-10-01",
        "Depth_km": 66.1,
        "Longitude": -149.372,
        "Latitude": 62.728,
        "ReviewStatus": "automatic",
        "MagnitudeType": "ml",
        "USGS_URL": "https://earthquake.usgs.gov/earthquakes/eventpage/aka2026tkytvy",
        "Source": "USGS Earthquake Hazards Program",
        "SnapshotUTC": "2026-10-04T19:51:31Z"
      }
    },
    {
      "type": "Feature",
      "geometry": {
        "type": "Point",
        "coordinates": [
          -66.6538333333333,
          18.6055
        ]
      },
      "properties": {
        "EventID": "pr71535278",
        "Magnitude": 2.78,
        "MagnitudeGroup": "2.5 to <4.5",
        "Place": "16 km NNE of Arecibo, Puerto Rico",
        "TimeUTC": "2026-10-01T08:45:58Z",
        "EventTime": 1790844358790,
        "DayUTC": "2026-10-01",
        "Depth_km": 14.37,
        "Longitude": -66.6538333333333,
        "Latitude": 18.6055,
        "ReviewStatus": "reviewed",
        "MagnitudeType": "md",
        "USGS_URL": "https://earthquake.usgs.gov/earthquakes/eventpage/pr71535278",
        "Source": "USGS Earthquake Hazards Program",
        "SnapshotUTC": "2026-10-04T19:51:31Z"
      }
    },
    {
      "type": "Feature",
      "geometry": {
        "type": "Point",
        "coordinates": [
          -172.7038,
          -19.141
        ]
      },
      "properties": {
        "EventID": "us6000tyr4",
        "Magnitude": 4.9,
        "MagnitudeGroup": "4.5 to <6",
        "Place": "145 km ESE of Neiafu, Tonga",
        "TimeUTC": "2026-10-01T08:45:44Z",
        "EventTime": 1790844344312,
        "DayUTC": "2026-10-01",
        "Depth_km": 10,
        "Longitude": -172.7038,
        "Latitude": -19.141,
        "ReviewStatus": "reviewed",
        "MagnitudeType": "mb",
        "USGS_URL": "https://earthquake.usgs.gov/earthquakes/eventpage/us6000tyr4",
        "Source": "USGS Earthquake Hazards Program",
        "SnapshotUTC": "2026-10-04T19:51:31Z"
      }
    },
    {
      "type": "Feature",
      "geometry": {
        "type": "Point",
        "coordinates": [
          73.1419,
          41.4538
        ]
      },
      "properties": {
        "EventID": "us6000tyqy",
        "Magnitude": 4.5,
        "MagnitudeGroup": "4.5 to <6",
        "Place": "49 km SSE of Toktogul, Kyrgyzstan",
        "TimeUTC": "2026-10-01T08:17:59Z",
        "EventTime": 1790842679307,
        "DayUTC": "2026-10-01",
        "Depth_km": 10,
        "Longitude": 73.1419,
        "Latitude": 41.4538,
        "ReviewStatus": "reviewed",
        "MagnitudeType": "mb",
        "USGS_URL": "https://earthquake.usgs.gov/earthquakes/eventpage/us6000tyqy",
        "Source": "USGS Earthquake Hazards Program",
        "SnapshotUTC": "2026-10-04T19:51:31Z"
      }
    },
    {
      "type": "Feature",
      "geometry": {
        "type": "Point",
        "coordinates": [
          -92.6959,
          14.7356
        ]
      },
      "properties": {
        "EventID": "us6000tyqw",
        "Magnitude": 4.1,
        "MagnitudeGroup": "2.5 to <4.5",
        "Place": "28 km SW of Buenos Aires, Mexico",
        "TimeUTC": "2026-10-01T08:14:59Z",
        "EventTime": 1790842499626,
        "DayUTC": "2026-10-01",
        "Depth_km": 71.276,
        "Longitude": -92.6959,
        "Latitude": 14.7356,
        "ReviewStatus": "reviewed",
        "MagnitudeType": "mb",
        "USGS_URL": "https://earthquake.usgs.gov/earthquakes/eventpage/us6000tyqw",
        "Source": "USGS Earthquake Hazards Program",
        "SnapshotUTC": "2026-10-04T19:51:31Z"
      }
    },
    {
      "type": "Feature",
      "geometry": {
        "type": "Point",
        "coordinates": [
          -155.277,
          19.4156666666667
        ]
      },
      "properties": {
        "EventID": "hv75046747",
        "Magnitude": 3.41,
        "MagnitudeGroup": "2.5 to <4.5",
        "Place": "5 km WSW of Volcano, Hawaii",
        "TimeUTC": "2026-10-01T07:52:05Z",
        "EventTime": 1790841125140,
        "DayUTC": "2026-10-01",
        "Depth_km": 0.32,
        "Longitude": -155.277,
        "Latitude": 19.4156666666667,
        "ReviewStatus": "reviewed",
        "MagnitudeType": "ml",
        "USGS_URL": "https://earthquake.usgs.gov/earthquakes/eventpage/hv75046747",
        "Source": "USGS Earthquake Hazards Program",
        "SnapshotUTC": "2026-10-04T19:51:31Z"
      }
    },
    {
      "type": "Feature",
      "geometry": {
        "type": "Point",
        "coordinates": [
          -41.5851,
          31.2357
        ]
      },
      "properties": {
        "EventID": "us6000tyqx",
        "Magnitude": 4.6,
        "MagnitudeGroup": "4.5 to <6",
        "Place": "northern Mid-Atlantic Ridge",
        "TimeUTC": "2026-10-01T07:40:06Z",
        "EventTime": 1790840406605,
        "DayUTC": "2026-10-01",
        "Depth_km": 10,
        "Longitude": -41.5851,
        "Latitude": 31.2357,
        "ReviewStatus": "reviewed",
        "MagnitudeType": "mb",
        "USGS_URL": "https://earthquake.usgs.gov/earthquakes/eventpage/us6000tyqx",
        "Source": "USGS Earthquake Hazards Program",
        "SnapshotUTC": "2026-10-04T19:51:31Z"
      }
    },
    {
      "type": "Feature",
      "geometry": {
        "type": "Point",
        "coordinates": [
          -155.277496337891,
          19.4085006713867
        ]
      },
      "properties": {
        "EventID": "hv75046727",
        "Magnitude": 2.59,
        "MagnitudeGroup": "2.5 to <4.5",
        "Place": "5 km SW of Volcano, Hawaii",
        "TimeUTC": "2026-10-01T07:32:11Z",
        "EventTime": 1790839931030,
        "DayUTC": "2026-10-01",
        "Depth_km": 0.0900000035762787,
        "Longitude": -155.277496337891,
        "Latitude": 19.4085006713867,
        "ReviewStatus": "automatic",
        "MagnitudeType": "ml",
        "USGS_URL": "https://earthquake.usgs.gov/earthquakes/eventpage/hv75046727",
        "Source": "USGS Earthquake Hazards Program",
        "SnapshotUTC": "2026-10-04T19:51:31Z"
      }
    },
    {
      "type": "Feature",
      "geometry": {
        "type": "Point",
        "coordinates": [
          -155.280333333333,
          19.4126666666667
        ]
      },
      "properties": {
        "EventID": "hv75046687",
        "Magnitude": 2.55,
        "MagnitudeGroup": "2.5 to <4.5",
        "Place": "5 km SW of Volcano, Hawaii",
        "TimeUTC": "2026-10-01T06:47:30Z",
        "EventTime": 1790837250450,
        "DayUTC": "2026-10-01",
        "Depth_km": 0.35,
        "Longitude": -155.280333333333,
        "Latitude": 19.4126666666667,
        "ReviewStatus": "reviewed",
        "MagnitudeType": "ml",
        "USGS_URL": "https://earthquake.usgs.gov/earthquakes/eventpage/hv75046687",
        "Source": "USGS Earthquake Hazards Program",
        "SnapshotUTC": "2026-10-04T19:51:31Z"
      }
    },
    {
      "type": "Feature",
      "geometry": {
        "type": "Point",
        "coordinates": [
          123.8599,
          6.1116
        ]
      },
      "properties": {
        "EventID": "us6000tyq7",
        "Magnitude": 5,
        "MagnitudeGroup": "4.5 to <6",
        "Place": "38 km WSW of Palimbang, Philippines",
        "TimeUTC": "2026-10-01T05:34:10Z",
        "EventTime": 1790832850634,
        "DayUTC": "2026-10-01",
        "Depth_km": 10,
        "Longitude": 123.8599,
        "Latitude": 6.1116,
        "ReviewStatus": "reviewed",
        "MagnitudeType": "mb",
        "USGS_URL": "https://earthquake.usgs.gov/earthquakes/eventpage/us6000tyq7",
        "Source": "USGS Earthquake Hazards Program",
        "SnapshotUTC": "2026-10-04T19:51:31Z"
      }
    },
    {
      "type": "Feature",
      "geometry": {
        "type": "Point",
        "coordinates": [
          -64.3456,
          19.1245
        ]
      },
      "properties": {
        "EventID": "pr2026274000",
        "Magnitude": 3.5,
        "MagnitudeGroup": "2.5 to <4.5",
        "Place": "99 km NNE of Cruz Bay, U.S. Virgin Islands",
        "TimeUTC": "2026-10-01T05:25:44Z",
        "EventTime": 1790832344260,
        "DayUTC": "2026-10-01",
        "Depth_km": 12,
        "Longitude": -64.3456,
        "Latitude": 19.1245,
        "ReviewStatus": "reviewed",
        "MagnitudeType": "md",
        "USGS_URL": "https://earthquake.usgs.gov/earthquakes/eventpage/pr2026274000",
        "Source": "USGS Earthquake Hazards Program",
        "SnapshotUTC": "2026-10-04T19:51:31Z"
      }
    },
    {
      "type": "Feature",
      "geometry": {
        "type": "Point",
        "coordinates": [
          -177.3105,
          -22.8694
        ]
      },
      "properties": {
        "EventID": "us6000typy",
        "Magnitude": 4.2,
        "MagnitudeGroup": "2.5 to <4.5",
        "Place": "280 km SW of Houma, Tonga",
        "TimeUTC": "2026-10-01T04:41:16Z",
        "EventTime": 1790829676232,
        "DayUTC": "2026-10-01",
        "Depth_km": 246.958,
        "Longitude": -177.3105,
        "Latitude": -22.8694,
        "ReviewStatus": "reviewed",
        "MagnitudeType": "mb",
        "USGS_URL": "https://earthquake.usgs.gov/earthquakes/eventpage/us6000typy",
        "Source": "USGS Earthquake Hazards Program",
        "SnapshotUTC": "2026-10-04T19:51:31Z"
      }
    },
    {
      "type": "Feature",
      "geometry": {
        "type": "Point",
        "coordinates": [
          -152.202,
          59.514
        ]
      },
      "properties": {
        "EventID": "aka2026tkmymd",
        "Magnitude": 3.4,
        "MagnitudeGroup": "2.5 to <4.5",
        "Place": "23 km NW of Nanwalek, Alaska",
        "TimeUTC": "2026-10-01T03:29:08Z",
        "EventTime": 1790825348123,
        "DayUTC": "2026-10-01",
        "Depth_km": 77.9,
        "Longitude": -152.202,
        "Latitude": 59.514,
        "ReviewStatus": "automatic",
        "MagnitudeType": "ml",
        "USGS_URL": "https://earthquake.usgs.gov/earthquakes/eventpage/aka2026tkmymd",
        "Source": "USGS Earthquake Hazards Program",
        "SnapshotUTC": "2026-10-04T19:51:31Z"
      }
    },
    {
      "type": "Feature",
      "geometry": {
        "type": "Point",
        "coordinates": [
          -152.443,
          59.94
        ]
      },
      "properties": {
        "EventID": "aka2026tkmsuy",
        "Magnitude": 3,
        "MagnitudeGroup": "2.5 to <4.5",
        "Place": "38 km WNW of Anchor Point, Alaska",
        "TimeUTC": "2026-10-01T03:22:33Z",
        "EventTime": 1790824953462,
        "DayUTC": "2026-10-01",
        "Depth_km": 93.5,
        "Longitude": -152.443,
        "Latitude": 59.94,
        "ReviewStatus": "automatic",
        "MagnitudeType": "ml",
        "USGS_URL": "https://earthquake.usgs.gov/earthquakes/eventpage/aka2026tkmsuy",
        "Source": "USGS Earthquake Hazards Program",
        "SnapshotUTC": "2026-10-04T19:51:31Z"
      }
    },
    {
      "type": "Feature",
      "geometry": {
        "type": "Point",
        "coordinates": [
          -179.2476,
          -20.9019
        ]
      },
      "properties": {
        "EventID": "us6000typ7",
        "Magnitude": 4.4,
        "MagnitudeGroup": "2.5 to <4.5",
        "Place": "Fiji region",
        "TimeUTC": "2026-10-01T02:40:40Z",
        "EventTime": 1790822440210,
        "DayUTC": "2026-10-01",
        "Depth_km": 637.906,
        "Longitude": -179.2476,
        "Latitude": -20.9019,
        "ReviewStatus": "reviewed",
        "MagnitudeType": "mb",
        "USGS_URL": "https://earthquake.usgs.gov/earthquakes/eventpage/us6000typ7",
        "Source": "USGS Earthquake Hazards Program",
        "SnapshotUTC": "2026-10-04T19:51:31Z"
      }
    },
    {
      "type": "Feature",
      "geometry": {
        "type": "Point",
        "coordinates": [
          130.346,
          -6.154
        ]
      },
      "properties": {
        "EventID": "us6000typ5",
        "Magnitude": 4.5,
        "MagnitudeGroup": "4.5 to <6",
        "Place": "272 km WSW of Tual, Indonesia",
        "TimeUTC": "2026-10-01T02:09:19Z",
        "EventTime": 1790820559068,
        "DayUTC": "2026-10-01",
        "Depth_km": 94.793,
        "Longitude": 130.346,
        "Latitude": -6.154,
        "ReviewStatus": "reviewed",
        "MagnitudeType": "mb",
        "USGS_URL": "https://earthquake.usgs.gov/earthquakes/eventpage/us6000typ5",
        "Source": "USGS Earthquake Hazards Program",
        "SnapshotUTC": "2026-10-04T19:51:31Z"
      }
    },
    {
      "type": "Feature",
      "geometry": {
        "type": "Point",
        "coordinates": [
          123.1839,
          -0.863
        ]
      },
      "properties": {
        "EventID": "us6000typ0",
        "Magnitude": 4.6,
        "MagnitudeGroup": "4.5 to <6",
        "Place": "45 km ENE of Luwuk, Indonesia",
        "TimeUTC": "2026-10-01T01:31:23Z",
        "EventTime": 1790818283443,
        "DayUTC": "2026-10-01",
        "Depth_km": 116.392,
        "Longitude": 123.1839,
        "Latitude": -0.863,
        "ReviewStatus": "reviewed",
        "MagnitudeType": "mb",
        "USGS_URL": "https://earthquake.usgs.gov/earthquakes/eventpage/us6000typ0",
        "Source": "USGS Earthquake Hazards Program",
        "SnapshotUTC": "2026-10-04T19:51:31Z"
      }
    },
    {
      "type": "Feature",
      "geometry": {
        "type": "Point",
        "coordinates": [
          68.7818,
          36.0991
        ]
      },
      "properties": {
        "EventID": "us6000tyny",
        "Magnitude": 5.2,
        "MagnitudeGroup": "4.5 to <6",
        "Place": "7 km ESE of Baghl\u0101n, Afghanistan",
        "TimeUTC": "2026-10-01T01:29:20Z",
        "EventTime": 1790818160694,
        "DayUTC": "2026-10-01",
        "Depth_km": 49.602,
        "Longitude": 68.7818,
        "Latitude": 36.0991,
        "ReviewStatus": "reviewed",
        "MagnitudeType": "mb",
        "USGS_URL": "https://earthquake.usgs.gov/earthquakes/eventpage/us6000tyny",
        "Source": "USGS Earthquake Hazards Program",
        "SnapshotUTC": "2026-10-04T19:51:31Z"
      }
    },
    {
      "type": "Feature",
      "geometry": {
        "type": "Point",
        "coordinates": [
          -43.0353,
          19.2756
        ]
      },
      "properties": {
        "EventID": "us6000tynp",
        "Magnitude": 4.9,
        "MagnitudeGroup": "4.5 to <6",
        "Place": "northern Mid-Atlantic Ridge",
        "TimeUTC": "2026-10-01T00:28:22Z",
        "EventTime": 1790814502644,
        "DayUTC": "2026-10-01",
        "Depth_km": 10,
        "Longitude": -43.0353,
        "Latitude": 19.2756,
        "ReviewStatus": "reviewed",
        "MagnitudeType": "mb",
        "USGS_URL": "https://earthquake.usgs.gov/earthquakes/eventpage/us6000tynp",
        "Source": "USGS Earthquake Hazards Program",
        "SnapshotUTC": "2026-10-04T19:51:31Z"
      }
    },
    {
      "type": "Feature",
      "geometry": {
        "type": "Point",
        "coordinates": [
          -116.463333333333,
          33.5023333333333
        ]
      },
      "properties": {
        "EventID": "ci41341279",
        "Magnitude": 3.08,
        "MagnitudeGroup": "2.5 to <4.5",
        "Place": "20 km ESE of Anza, CA",
        "TimeUTC": "2026-10-01T00:01:59Z",
        "EventTime": 1790812919630,
        "DayUTC": "2026-10-01",
        "Depth_km": 5.13,
        "Longitude": -116.463333333333,
        "Latitude": 33.5023333333333,
        "ReviewStatus": "reviewed",
        "MagnitudeType": "ml",
        "USGS_URL": "https://earthquake.usgs.gov/earthquakes/eventpage/ci41341279",
        "Source": "USGS Earthquake Hazards Program",
        "SnapshotUTC": "2026-10-04T19:51:31Z"
      }
    },
    {
      "type": "Feature",
      "geometry": {
        "type": "Point",
        "coordinates": [
          -86.5063,
          9.7526
        ]
      },
      "properties": {
        "EventID": "us6000tymj",
        "Magnitude": 5.6,
        "MagnitudeGroup": "4.5 to <6",
        "Place": "94 km SW of Tamarindo, Costa Rica",
        "TimeUTC": "2026-09-30T21:55:26Z",
        "EventTime": 1790805326169,
        "DayUTC": "2026-09-30",
        "Depth_km": 8,
        "Longitude": -86.5063,
        "Latitude": 9.7526,
        "ReviewStatus": "reviewed",
        "MagnitudeType": "mww",
        "USGS_URL": "https://earthquake.usgs.gov/earthquakes/eventpage/us6000tymj",
        "Source": "USGS Earthquake Hazards Program",
        "SnapshotUTC": "2026-10-04T19:51:31Z"
      }
    },
    {
      "type": "Feature",
      "geometry": {
        "type": "Point",
        "coordinates": [
          140.8791,
          35.6288
        ]
      },
      "properties": {
        "EventID": "us6000tyn1",
        "Magnitude": 4.4,
        "MagnitudeGroup": "2.5 to <4.5",
        "Place": "12 km SSE of Hasaki, Japan",
        "TimeUTC": "2026-09-30T21:16:53Z",
        "EventTime": 1790803013322,
        "DayUTC": "2026-09-30",
        "Depth_km": 35,
        "Longitude": 140.8791,
        "Latitude": 35.6288,
        "ReviewStatus": "reviewed",
        "MagnitudeType": "mb",
        "USGS_URL": "https://earthquake.usgs.gov/earthquakes/eventpage/us6000tyn1",
        "Source": "USGS Earthquake Hazards Program",
        "SnapshotUTC": "2026-10-04T19:51:31Z"
      }
    },
    {
      "type": "Feature",
      "geometry": {
        "type": "Point",
        "coordinates": [
          128.5077,
          25.2167
        ]
      },
      "properties": {
        "EventID": "us6000tym9",
        "Magnitude": 4.6,
        "MagnitudeGroup": "4.5 to <6",
        "Place": "131 km SE of Itoman, Japan",
        "TimeUTC": "2026-09-30T21:11:57Z",
        "EventTime": 1790802717694,
        "DayUTC": "2026-09-30",
        "Depth_km": 10,
        "Longitude": 128.5077,
        "Latitude": 25.2167,
        "ReviewStatus": "reviewed",
        "MagnitudeType": "mb",
        "USGS_URL": "https://earthquake.usgs.gov/earthquakes/eventpage/us6000tym9",
        "Source": "USGS Earthquake Hazards Program",
        "SnapshotUTC": "2026-10-04T19:51:31Z"
      }
    },
    {
      "type": "Feature",
      "geometry": {
        "type": "Point",
        "coordinates": [
          -122.933166503906,
          38.7781677246094
        ]
      },
      "properties": {
        "EventID": "nc75441996",
        "Magnitude": 2.99,
        "MagnitudeGroup": "2.5 to <4.5",
        "Place": "8 km ESE of Cloverdale, CA",
        "TimeUTC": "2026-09-30T21:07:19Z",
        "EventTime": 1790802439250,
        "DayUTC": "2026-09-30",
        "Depth_km": 4.03000020980835,
        "Longitude": -122.933166503906,
        "Latitude": 38.7781677246094,
        "ReviewStatus": "automatic",
        "MagnitudeType": "md",
        "USGS_URL": "https://earthquake.usgs.gov/earthquakes/eventpage/nc75441996",
        "Source": "USGS Earthquake Hazards Program",
        "SnapshotUTC": "2026-10-04T19:51:31Z"
      }
    },
    {
      "type": "Feature",
      "geometry": {
        "type": "Point",
        "coordinates": [
          -66.9465,
          17.9443333333333
        ]
      },
      "properties": {
        "EventID": "pr71535218",
        "Magnitude": 2.57,
        "MagnitudeGroup": "2.5 to <4.5",
        "Place": "5 km SW of Gu\u00e1nica, Puerto Rico",
        "TimeUTC": "2026-09-30T21:03:41Z",
        "EventTime": 1790802221740,
        "DayUTC": "2026-09-30",
        "Depth_km": 7.78,
        "Longitude": -66.9465,
        "Latitude": 17.9443333333333,
        "ReviewStatus": "reviewed",
        "MagnitudeType": "md",
        "USGS_URL": "https://earthquake.usgs.gov/earthquakes/eventpage/pr71535218",
        "Source": "USGS Earthquake Hazards Program",
        "SnapshotUTC": "2026-10-04T19:51:31Z"
      }
    },
    {
      "type": "Feature",
      "geometry": {
        "type": "Point",
        "coordinates": [
          -66.6136666666667,
          18.4778333333333
        ]
      },
      "properties": {
        "EventID": "pr71535213",
        "Magnitude": 3.14,
        "MagnitudeGroup": "2.5 to <4.5",
        "Place": "4 km NNE of Animas, Puerto Rico",
        "TimeUTC": "2026-09-30T21:00:48Z",
        "EventTime": 1790802048480,
        "DayUTC": "2026-09-30",
        "Depth_km": 105.39,
        "Longitude": -66.6136666666667,
        "Latitude": 18.4778333333333,
        "ReviewStatus": "reviewed",
        "MagnitudeType": "md",
        "USGS_URL": "https://earthquake.usgs.gov/earthquakes/eventpage/pr71535213",
        "Source": "USGS Earthquake Hazards Program",
        "SnapshotUTC": "2026-10-04T19:51:31Z"
      }
    },
    {
      "type": "Feature",
      "geometry": {
        "type": "Point",
        "coordinates": [
          -122.700668334961,
          38.7664985656738
        ]
      },
      "properties": {
        "EventID": "nc75441981",
        "Magnitude": 2.63,
        "MagnitudeGroup": "2.5 to <4.5",
        "Place": "1 km SW of Anderson Springs, CA",
        "TimeUTC": "2026-09-30T20:48:14Z",
        "EventTime": 1790801294500,
        "DayUTC": "2026-09-30",
        "Depth_km": 1.78999996185303,
        "Longitude": -122.700668334961,
        "Latitude": 38.7664985656738,
        "ReviewStatus": "automatic",
        "MagnitudeType": "md",
        "USGS_URL": "https://earthquake.usgs.gov/earthquakes/eventpage/nc75441981",
        "Source": "USGS Earthquake Hazards Program",
        "SnapshotUTC": "2026-10-04T19:51:31Z"
      }
    },
    {
      "type": "Feature",
      "geometry": {
        "type": "Point",
        "coordinates": [
          -98.928,
          28.851
        ]
      },
      "properties": {
        "EventID": "tx2026tguohs",
        "Magnitude": 2.6,
        "MagnitudeGroup": "2.5 to <4.5",
        "Place": "16 km ESE of Pearsall, Texas",
        "TimeUTC": "2026-09-30T19:37:44Z",
        "EventTime": 1790797064260,
        "DayUTC": "2026-09-30",
        "Depth_km": 7.6057,
        "Longitude": -98.928,
        "Latitude": 28.851,
        "ReviewStatus": "reviewed",
        "MagnitudeType": "ml",
        "USGS_URL": "https://earthquake.usgs.gov/earthquakes/eventpage/tx2026tguohs",
        "Source": "USGS Earthquake Hazards Program",
        "SnapshotUTC": "2026-10-04T19:51:31Z"
      }
    },
    {
      "type": "Feature",
      "geometry": {
        "type": "Point",
        "coordinates": [
          179.2118,
          51.8805
        ]
      },
      "properties": {
        "EventID": "us6000tyl5",
        "Magnitude": 4.2,
        "MagnitudeGroup": "2.5 to <4.5",
        "Place": "286 km W of Adak, Alaska",
        "TimeUTC": "2026-09-30T19:10:09Z",
        "EventTime": 1790795409166,
        "DayUTC": "2026-09-30",
        "Depth_km": 119.22,
        "Longitude": 179.2118,
        "Latitude": 51.8805,
        "ReviewStatus": "reviewed",
        "MagnitudeType": "mb",
        "USGS_URL": "https://earthquake.usgs.gov/earthquakes/eventpage/us6000tyl5",
        "Source": "USGS Earthquake Hazards Program",
        "SnapshotUTC": "2026-10-04T19:51:31Z"
      }
    },
    {
      "type": "Feature",
      "geometry": {
        "type": "Point",
        "coordinates": [
          160.2895,
          52.3676
        ]
      },
      "properties": {
        "EventID": "us6000tykw",
        "Magnitude": 4.9,
        "MagnitudeGroup": "4.5 to <6",
        "Place": "136 km SE of Petropavlovsk-Kamchatsky, Russia",
        "TimeUTC": "2026-09-30T18:36:22Z",
        "EventTime": 1790793382667,
        "DayUTC": "2026-09-30",
        "Depth_km": 31.929,
        "Longitude": 160.2895,
        "Latitude": 52.3676,
        "ReviewStatus": "reviewed",
        "MagnitudeType": "mb",
        "USGS_URL": "https://earthquake.usgs.gov/earthquakes/eventpage/us6000tykw",
        "Source": "USGS Earthquake Hazards Program",
        "SnapshotUTC": "2026-10-04T19:51:31Z"
      }
    },
    {
      "type": "Feature",
      "geometry": {
        "type": "Point",
        "coordinates": [
          160.3332,
          52.3167
        ]
      },
      "properties": {
        "EventID": "us6000tyku",
        "Magnitude": 5,
        "MagnitudeGroup": "4.5 to <6",
        "Place": "142 km SE of Petropavlovsk-Kamchatsky, Russia",
        "TimeUTC": "2026-09-30T18:21:19Z",
        "EventTime": 1790792479257,
        "DayUTC": "2026-09-30",
        "Depth_km": 35,
        "Longitude": 160.3332,
        "Latitude": 52.3167,
        "ReviewStatus": "reviewed",
        "MagnitudeType": "mb",
        "USGS_URL": "https://earthquake.usgs.gov/earthquakes/eventpage/us6000tyku",
        "Source": "USGS Earthquake Hazards Program",
        "SnapshotUTC": "2026-10-04T19:51:31Z"
      }
    },
    {
      "type": "Feature",
      "geometry": {
        "type": "Point",
        "coordinates": [
          122.3906,
          -0.7769
        ]
      },
      "properties": {
        "EventID": "us6000tyke",
        "Magnitude": 4.4,
        "MagnitudeGroup": "2.5 to <4.5",
        "Place": "48 km WNW of Luwuk, Indonesia",
        "TimeUTC": "2026-09-30T16:29:32Z",
        "EventTime": 1790785772799,
        "DayUTC": "2026-09-30",
        "Depth_km": 10,
        "Longitude": 122.3906,
        "Latitude": -0.7769,
        "ReviewStatus": "reviewed",
        "MagnitudeType": "mb",
        "USGS_URL": "https://earthquake.usgs.gov/earthquakes/eventpage/us6000tyke",
        "Source": "USGS Earthquake Hazards Program",
        "SnapshotUTC": "2026-10-04T19:51:31Z"
      }
    },
    {
      "type": "Feature",
      "geometry": {
        "type": "Point",
        "coordinates": [
          -155.387833333333,
          19.2868333333333
        ]
      },
      "properties": {
        "EventID": "hv75045952",
        "Magnitude": 2.62,
        "MagnitudeGroup": "2.5 to <4.5",
        "Place": "13 km NE of P\u0101hala, Hawaii",
        "TimeUTC": "2026-09-30T15:02:23Z",
        "EventTime": 1790780543230,
        "DayUTC": "2026-09-30",
        "Depth_km": 30.5,
        "Longitude": -155.387833333333,
        "Latitude": 19.2868333333333,
        "ReviewStatus": "reviewed",
        "MagnitudeType": "ml",
        "USGS_URL": "https://earthquake.usgs.gov/earthquakes/eventpage/hv75045952",
        "Source": "USGS Earthquake Hazards Program",
        "SnapshotUTC": "2026-10-04T19:51:31Z"
      }
    },
    {
      "type": "Feature",
      "geometry": {
        "type": "Point",
        "coordinates": [
          -64.8291666666667,
          18.6803333333333
        ]
      },
      "properties": {
        "EventID": "pr71535193",
        "Magnitude": 2.6,
        "MagnitudeGroup": "2.5 to <4.5",
        "Place": "38 km N of Cruz Bay, U.S. Virgin Islands",
        "TimeUTC": "2026-09-30T14:32:45Z",
        "EventTime": 1790778765780,
        "DayUTC": "2026-09-30",
        "Depth_km": 19.9,
        "Longitude": -64.8291666666667,
        "Latitude": 18.6803333333333,
        "ReviewStatus": "reviewed",
        "MagnitudeType": "md",
        "USGS_URL": "https://earthquake.usgs.gov/earthquakes/eventpage/pr71535193",
        "Source": "USGS Earthquake Hazards Program",
        "SnapshotUTC": "2026-10-04T19:51:31Z"
      }
    },
    {
      "type": "Feature",
      "geometry": {
        "type": "Point",
        "coordinates": [
          -104.363,
          31.618
        ]
      },
      "properties": {
        "EventID": "tx2026tgiogl",
        "Magnitude": 2.9,
        "MagnitudeGroup": "2.5 to <4.5",
        "Place": "61 km S of Whites City, New Mexico",
        "TimeUTC": "2026-09-30T13:35:58Z",
        "EventTime": 1790775358370,
        "DayUTC": "2026-09-30",
        "Depth_km": 6.2024,
        "Longitude": -104.363,
        "Latitude": 31.618,
        "ReviewStatus": "reviewed",
        "MagnitudeType": "ml",
        "USGS_URL": "https://earthquake.usgs.gov/earthquakes/eventpage/tx2026tgiogl",
        "Source": "USGS Earthquake Hazards Program",
        "SnapshotUTC": "2026-10-04T19:51:31Z"
      }
    },
    {
      "type": "Feature",
      "geometry": {
        "type": "Point",
        "coordinates": [
          122.8749,
          23.725
        ]
      },
      "properties": {
        "EventID": "us6000tyjm",
        "Magnitude": 4.6,
        "MagnitudeGroup": "4.5 to <6",
        "Place": "83 km S of Yonakuni, Japan",
        "TimeUTC": "2026-09-30T12:02:58Z",
        "EventTime": 1790769778808,
        "DayUTC": "2026-09-30",
        "Depth_km": 10,
        "Longitude": 122.8749,
        "Latitude": 23.725,
        "ReviewStatus": "reviewed",
        "MagnitudeType": "mb",
        "USGS_URL": "https://earthquake.usgs.gov/earthquakes/eventpage/us6000tyjm",
        "Source": "USGS Earthquake Hazards Program",
        "SnapshotUTC": "2026-10-04T19:51:31Z"
      }
    },
    {
      "type": "Feature",
      "geometry": {
        "type": "Point",
        "coordinates": [
          108.2955,
          14.9174
        ]
      },
      "properties": {
        "EventID": "us6000tyjl",
        "Magnitude": 4.4,
        "MagnitudeGroup": "2.5 to <4.5",
        "Place": "47 km S of Tr\u00e0 My, Vietnam",
        "TimeUTC": "2026-09-30T11:24:41Z",
        "EventTime": 1790767481639,
        "DayUTC": "2026-09-30",
        "Depth_km": 10,
        "Longitude": 108.2955,
        "Latitude": 14.9174,
        "ReviewStatus": "reviewed",
        "MagnitudeType": "mb",
        "USGS_URL": "https://earthquake.usgs.gov/earthquakes/eventpage/us6000tyjl",
        "Source": "USGS Earthquake Hazards Program",
        "SnapshotUTC": "2026-10-04T19:51:31Z"
      }
    },
    {
      "type": "Feature",
      "geometry": {
        "type": "Point",
        "coordinates": [
          95.2949,
          37.7681
        ]
      },
      "properties": {
        "EventID": "us6000tyjg",
        "Magnitude": 4.5,
        "MagnitudeGroup": "4.5 to <6",
        "Place": "271 km S of Dunhuang, China",
        "TimeUTC": "2026-09-30T11:21:31Z",
        "EventTime": 1790767291407,
        "DayUTC": "2026-09-30",
        "Depth_km": 10,
        "Longitude": 95.2949,
        "Latitude": 37.7681,
        "ReviewStatus": "reviewed",
        "MagnitudeType": "mb",
        "USGS_URL": "https://earthquake.usgs.gov/earthquakes/eventpage/us6000tyjg",
        "Source": "USGS Earthquake Hazards Program",
        "SnapshotUTC": "2026-10-04T19:51:31Z"
      }
    },
    {
      "type": "Feature",
      "geometry": {
        "type": "Point",
        "coordinates": [
          123.6462,
          -9.9243
        ]
      },
      "properties": {
        "EventID": "us6000tyjb",
        "Magnitude": 5,
        "MagnitudeGroup": "4.5 to <6",
        "Place": "27 km N of Kupang, Indonesia",
        "TimeUTC": "2026-09-30T10:58:50Z",
        "EventTime": 1790765930586,
        "DayUTC": "2026-09-30",
        "Depth_km": 19.368,
        "Longitude": 123.6462,
        "Latitude": -9.9243,
        "ReviewStatus": "reviewed",
        "MagnitudeType": "mb",
        "USGS_URL": "https://earthquake.usgs.gov/earthquakes/eventpage/us6000tyjb",
        "Source": "USGS Earthquake Hazards Program",
        "SnapshotUTC": "2026-10-04T19:51:31Z"
      }
    },
    {
      "type": "Feature",
      "geometry": {
        "type": "Point",
        "coordinates": [
          -65.3035,
          19.4623
        ]
      },
      "properties": {
        "EventID": "pr2026273001",
        "Magnitude": 3.58,
        "MagnitudeGroup": "2.5 to <4.5",
        "Place": "127 km NNE of Vieques, Puerto Rico",
        "TimeUTC": "2026-09-30T10:56:40Z",
        "EventTime": 1790765800600,
        "DayUTC": "2026-09-30",
        "Depth_km": 77,
        "Longitude": -65.3035,
        "Latitude": 19.4623,
        "ReviewStatus": "reviewed",
        "MagnitudeType": "md",
        "USGS_URL": "https://earthquake.usgs.gov/earthquakes/eventpage/pr2026273001",
        "Source": "USGS Earthquake Hazards Program",
        "SnapshotUTC": "2026-10-04T19:51:31Z"
      }
    },
    {
      "type": "Feature",
      "geometry": {
        "type": "Point",
        "coordinates": [
          -147.635,
          62.048
        ]
      },
      "properties": {
        "EventID": "aka2026tjfajm",
        "Magnitude": 3.1,
        "MagnitudeGroup": "2.5 to <4.5",
        "Place": "26 km N of Glacier View, Alaska",
        "TimeUTC": "2026-09-30T10:31:47Z",
        "EventTime": 1790764307887,
        "DayUTC": "2026-09-30",
        "Depth_km": 20.8,
        "Longitude": -147.635,
        "Latitude": 62.048,
        "ReviewStatus": "automatic",
        "MagnitudeType": "ml",
        "USGS_URL": "https://earthquake.usgs.gov/earthquakes/eventpage/aka2026tjfajm",
        "Source": "USGS Earthquake Hazards Program",
        "SnapshotUTC": "2026-10-04T19:51:31Z"
      }
    },
    {
      "type": "Feature",
      "geometry": {
        "type": "Point",
        "coordinates": [
          -101.976,
          32.222
        ]
      },
      "properties": {
        "EventID": "tx2026tgcgrj",
        "Magnitude": 3.1,
        "MagnitudeGroup": "2.5 to <4.5",
        "Place": "20 km WNW of Stanton, Texas",
        "TimeUTC": "2026-09-30T10:25:49Z",
        "EventTime": 1790763949372,
        "DayUTC": "2026-09-30",
        "Depth_km": 7.7881,
        "Longitude": -101.976,
        "Latitude": 32.222,
        "ReviewStatus": "reviewed",
        "MagnitudeType": "ml",
        "USGS_URL": "https://earthquake.usgs.gov/earthquakes/eventpage/tx2026tgcgrj",
        "Source": "USGS Earthquake Hazards Program",
        "SnapshotUTC": "2026-10-04T19:51:31Z"
      }
    },
    {
      "type": "Feature",
      "geometry": {
        "type": "Point",
        "coordinates": [
          -64.022,
          18.9975
        ]
      },
      "properties": {
        "EventID": "pr2026273000",
        "Magnitude": 3.6,
        "MagnitudeGroup": "2.5 to <4.5",
        "Place": "109 km NE of Cruz Bay, U.S. Virgin Islands",
        "TimeUTC": "2026-09-30T09:19:50Z",
        "EventTime": 1790759990810,
        "DayUTC": "2026-09-30",
        "Depth_km": 80,
        "Longitude": -64.022,
        "Latitude": 18.9975,
        "ReviewStatus": "reviewed",
        "MagnitudeType": "ml",
        "USGS_URL": "https://earthquake.usgs.gov/earthquakes/eventpage/pr2026273000",
        "Source": "USGS Earthquake Hazards Program",
        "SnapshotUTC": "2026-10-04T19:51:31Z"
      }
    },
    {
      "type": "Feature",
      "geometry": {
        "type": "Point",
        "coordinates": [
          -104.364,
          31.624
        ]
      },
      "properties": {
        "EventID": "tx2026tfzcgy",
        "Magnitude": 3.3,
        "MagnitudeGroup": "2.5 to <4.5",
        "Place": "61 km S of Whites City, New Mexico",
        "TimeUTC": "2026-09-30T08:50:13Z",
        "EventTime": 1790758213448,
        "DayUTC": "2026-09-30",
        "Depth_km": 6.9714,
        "Longitude": -104.364,
        "Latitude": 31.624,
        "ReviewStatus": "reviewed",
        "MagnitudeType": "ml",
        "USGS_URL": "https://earthquake.usgs.gov/earthquakes/eventpage/tx2026tfzcgy",
        "Source": "USGS Earthquake Hazards Program",
        "SnapshotUTC": "2026-10-04T19:51:31Z"
      }
    },
    {
      "type": "Feature",
      "geometry": {
        "type": "Point",
        "coordinates": [
          -150.174,
          61.731
        ]
      },
      "properties": {
        "EventID": "aka2026tjasea",
        "Magnitude": 2.5,
        "MagnitudeGroup": "2.5 to <4.5",
        "Place": "7 km WSW of Willow, Alaska",
        "TimeUTC": "2026-09-30T08:22:22Z",
        "EventTime": 1790756542630,
        "DayUTC": "2026-09-30",
        "Depth_km": 5,
        "Longitude": -150.174,
        "Latitude": 61.731,
        "ReviewStatus": "reviewed",
        "MagnitudeType": "ml",
        "USGS_URL": "https://earthquake.usgs.gov/earthquakes/eventpage/aka2026tjasea",
        "Source": "USGS Earthquake Hazards Program",
        "SnapshotUTC": "2026-10-04T19:51:31Z"
      }
    },
    {
      "type": "Feature",
      "geometry": {
        "type": "Point",
        "coordinates": [
          152.1328,
          -5.435
        ]
      },
      "properties": {
        "EventID": "us6000tyit",
        "Magnitude": 5.1,
        "MagnitudeGroup": "4.5 to <6",
        "Place": "121 km S of Kokopo, Papua New Guinea",
        "TimeUTC": "2026-09-30T08:15:17Z",
        "EventTime": 1790756117486,
        "DayUTC": "2026-09-30",
        "Depth_km": 28.026,
        "Longitude": 152.1328,
        "Latitude": -5.435,
        "ReviewStatus": "reviewed",
        "MagnitudeType": "mb",
        "USGS_URL": "https://earthquake.usgs.gov/earthquakes/eventpage/us6000tyit",
        "Source": "USGS Earthquake Hazards Program",
        "SnapshotUTC": "2026-10-04T19:51:31Z"
      }
    },
    {
      "type": "Feature",
      "geometry": {
        "type": "Point",
        "coordinates": [
          71.4151,
          36.734
        ]
      },
      "properties": {
        "EventID": "us6000tyil",
        "Magnitude": 4.2,
        "MagnitudeGroup": "2.5 to <4.5",
        "Place": "11 km WNW of Ashk\u0101sham, Afghanistan",
        "TimeUTC": "2026-09-30T07:39:02Z",
        "EventTime": 1790753942750,
        "DayUTC": "2026-09-30",
        "Depth_km": 171.389,
        "Longitude": 71.4151,
        "Latitude": 36.734,
        "ReviewStatus": "reviewed",
        "MagnitudeType": "mb",
        "USGS_URL": "https://earthquake.usgs.gov/earthquakes/eventpage/us6000tyil",
        "Source": "USGS Earthquake Hazards Program",
        "SnapshotUTC": "2026-10-04T19:51:31Z"
      }
    },
    {
      "type": "Feature",
      "geometry": {
        "type": "Point",
        "coordinates": [
          171.414,
          -63.5619
        ]
      },
      "properties": {
        "EventID": "us6000tyik",
        "Magnitude": 5.2,
        "MagnitudeGroup": "4.5 to <6",
        "Place": "Balleny Islands region",
        "TimeUTC": "2026-09-30T07:07:16Z",
        "EventTime": 1790752036005,
        "DayUTC": "2026-09-30",
        "Depth_km": 10,
        "Longitude": 171.414,
        "Latitude": -63.5619,
        "ReviewStatus": "reviewed",
        "MagnitudeType": "mww",
        "USGS_URL": "https://earthquake.usgs.gov/earthquakes/eventpage/us6000tyik",
        "Source": "USGS Earthquake Hazards Program",
        "SnapshotUTC": "2026-10-04T19:51:31Z"
      }
    },
    {
      "type": "Feature",
      "geometry": {
        "type": "Point",
        "coordinates": [
          168.4237,
          -20.988
        ]
      },
      "properties": {
        "EventID": "us6000tyid",
        "Magnitude": 5,
        "MagnitudeGroup": "4.5 to <6",
        "Place": "83 km NE of Tadine, New Caledonia",
        "TimeUTC": "2026-09-30T06:50:03Z",
        "EventTime": 1790751003339,
        "DayUTC": "2026-09-30",
        "Depth_km": 10,
        "Longitude": 168.4237,
        "Latitude": -20.988,
        "ReviewStatus": "reviewed",
        "MagnitudeType": "mb",
        "USGS_URL": "https://earthquake.usgs.gov/earthquakes/eventpage/us6000tyid",
        "Source": "USGS Earthquake Hazards Program",
        "SnapshotUTC": "2026-10-04T19:51:31Z"
      }
    },
    {
      "type": "Feature",
      "geometry": {
        "type": "Point",
        "coordinates": [
          23.2795,
          38.3276
        ]
      },
      "properties": {
        "EventID": "us6000tyhn",
        "Magnitude": 4.6,
        "MagnitudeGroup": "4.5 to <6",
        "Place": "3 km W of Th\u00edvai, Greece",
        "TimeUTC": "2026-09-30T05:20:59Z",
        "EventTime": 1790745659067,
        "DayUTC": "2026-09-30",
        "Depth_km": 9.833,
        "Longitude": 23.2795,
        "Latitude": 38.3276,
        "ReviewStatus": "reviewed",
        "MagnitudeType": "mb",
        "USGS_URL": "https://earthquake.usgs.gov/earthquakes/eventpage/us6000tyhn",
        "Source": "USGS Earthquake Hazards Program",
        "SnapshotUTC": "2026-10-04T19:51:31Z"
      }
    },
    {
      "type": "Feature",
      "geometry": {
        "type": "Point",
        "coordinates": [
          122.9149,
          23.8027
        ]
      },
      "properties": {
        "EventID": "us6000tyhk",
        "Magnitude": 5.6,
        "MagnitudeGroup": "4.5 to <6",
        "Place": "74 km S of Yonakuni, Japan",
        "TimeUTC": "2026-09-30T05:00:24Z",
        "EventTime": 1790744424971,
        "DayUTC": "2026-09-30",
        "Depth_km": 10.792,
        "Longitude": 122.9149,
        "Latitude": 23.8027,
        "ReviewStatus": "reviewed",
        "MagnitudeType": "mww",
        "USGS_URL": "https://earthquake.usgs.gov/earthquakes/eventpage/us6000tyhk",
        "Source": "USGS Earthquake Hazards Program",
        "SnapshotUTC": "2026-10-04T19:51:31Z"
      }
    },
    {
      "type": "Feature",
      "geometry": {
        "type": "Point",
        "coordinates": [
          169.2156,
          -63.0088
        ]
      },
      "properties": {
        "EventID": "us6000tyhi",
        "Magnitude": 5.4,
        "MagnitudeGroup": "4.5 to <6",
        "Place": "Balleny Islands region",
        "TimeUTC": "2026-09-30T04:48:06Z",
        "EventTime": 1790743686031,
        "DayUTC": "2026-09-30",
        "Depth_km": 10,
        "Longitude": 169.2156,
        "Latitude": -63.0088,
        "ReviewStatus": "reviewed",
        "MagnitudeType": "mww",
        "USGS_URL": "https://earthquake.usgs.gov/earthquakes/eventpage/us6000tyhi",
        "Source": "USGS Earthquake Hazards Program",
        "SnapshotUTC": "2026-10-04T19:51:31Z"
      }
    },
    {
      "type": "Feature",
      "geometry": {
        "type": "Point",
        "coordinates": [
          -93.8603,
          17.4713
        ]
      },
      "properties": {
        "EventID": "us6000tyhe",
        "Magnitude": 4.2,
        "MagnitudeGroup": "2.5 to <4.5",
        "Place": "39 km W of Plan de Ayala, Mexico",
        "TimeUTC": "2026-09-30T04:06:59Z",
        "EventTime": 1790741219706,
        "DayUTC": "2026-09-30",
        "Depth_km": 177.736,
        "Longitude": -93.8603,
        "Latitude": 17.4713,
        "ReviewStatus": "reviewed",
        "MagnitudeType": "mb",
        "USGS_URL": "https://earthquake.usgs.gov/earthquakes/eventpage/us6000tyhe",
        "Source": "USGS Earthquake Hazards Program",
        "SnapshotUTC": "2026-10-04T19:51:31Z"
      }
    },
    {
      "type": "Feature",
      "geometry": {
        "type": "Point",
        "coordinates": [
          -118.763166666667,
          34.3933333333333
        ]
      },
      "properties": {
        "EventID": "ci41340823",
        "Magnitude": 3.81008714964485,
        "MagnitudeGroup": "2.5 to <4.5",
        "Place": "4 km SE of Piru, CA",
        "TimeUTC": "2026-09-30T03:00:27Z",
        "EventTime": 1790737227210,
        "DayUTC": "2026-09-30",
        "Depth_km": 9.59,
        "Longitude": -118.763166666667,
        "Latitude": 34.3933333333333,
        "ReviewStatus": "reviewed",
        "MagnitudeType": "mw",
        "USGS_URL": "https://earthquake.usgs.gov/earthquakes/eventpage/ci41340823",
        "Source": "USGS Earthquake Hazards Program",
        "SnapshotUTC": "2026-10-04T19:51:31Z"
      }
    },
    {
      "type": "Feature",
      "geometry": {
        "type": "Point",
        "coordinates": [
          94.8515,
          4.6488
        ]
      },
      "properties": {
        "EventID": "us6000tyh0",
        "Magnitude": 4.5,
        "MagnitudeGroup": "4.5 to <6",
        "Place": "112 km SSW of Banda Aceh, Indonesia",
        "TimeUTC": "2026-09-30T02:35:50Z",
        "EventTime": 1790735750369,
        "DayUTC": "2026-09-30",
        "Depth_km": 33.873,
        "Longitude": 94.8515,
        "Latitude": 4.6488,
        "ReviewStatus": "reviewed",
        "MagnitudeType": "mb",
        "USGS_URL": "https://earthquake.usgs.gov/earthquakes/eventpage/us6000tyh0",
        "Source": "USGS Earthquake Hazards Program",
        "SnapshotUTC": "2026-10-04T19:51:31Z"
      }
    },
    {
      "type": "Feature",
      "geometry": {
        "type": "Point",
        "coordinates": [
          125.7472,
          4.5021
        ]
      },
      "properties": {
        "EventID": "us6000tygz",
        "Magnitude": 4.5,
        "MagnitudeGroup": "4.5 to <6",
        "Place": "104 km SSE of Sarangani, Philippines",
        "TimeUTC": "2026-09-30T02:30:44Z",
        "EventTime": 1790735444716,
        "DayUTC": "2026-09-30",
        "Depth_km": 156.847,
        "Longitude": 125.7472,
        "Latitude": 4.5021,
        "ReviewStatus": "reviewed",
        "MagnitudeType": "mb",
        "USGS_URL": "https://earthquake.usgs.gov/earthquakes/eventpage/us6000tygz",
        "Source": "USGS Earthquake Hazards Program",
        "SnapshotUTC": "2026-10-04T19:51:31Z"
      }
    },
    {
      "type": "Feature",
      "geometry": {
        "type": "Point",
        "coordinates": [
          120.4734,
          13.0922
        ]
      },
      "properties": {
        "EventID": "us6000tygs",
        "Magnitude": 4.8,
        "MagnitudeGroup": "4.5 to <6",
        "Place": "18 km SW of Tayaman, Philippines",
        "TimeUTC": "2026-09-30T01:34:05Z",
        "EventTime": 1790732045751,
        "DayUTC": "2026-09-30",
        "Depth_km": 10,
        "Longitude": 120.4734,
        "Latitude": 13.0922,
        "ReviewStatus": "reviewed",
        "MagnitudeType": "mb",
        "USGS_URL": "https://earthquake.usgs.gov/earthquakes/eventpage/us6000tygs",
        "Source": "USGS Earthquake Hazards Program",
        "SnapshotUTC": "2026-10-04T19:51:31Z"
      }
    },
    {
      "type": "Feature",
      "geometry": {
        "type": "Point",
        "coordinates": [
          168.3284,
          -21.0085
        ]
      },
      "properties": {
        "EventID": "us6000tygq",
        "Magnitude": 4.8,
        "MagnitudeGroup": "4.5 to <6",
        "Place": "75 km NE of Tadine, New Caledonia",
        "TimeUTC": "2026-09-30T01:17:47Z",
        "EventTime": 1790731067844,
        "DayUTC": "2026-09-30",
        "Depth_km": 10,
        "Longitude": 168.3284,
        "Latitude": -21.0085,
        "ReviewStatus": "reviewed",
        "MagnitudeType": "mb",
        "USGS_URL": "https://earthquake.usgs.gov/earthquakes/eventpage/us6000tygq",
        "Source": "USGS Earthquake Hazards Program",
        "SnapshotUTC": "2026-10-04T19:51:31Z"
      }
    },
    {
      "type": "Feature",
      "geometry": {
        "type": "Point",
        "coordinates": [
          -93.8464,
          14.3416
        ]
      },
      "properties": {
        "EventID": "us6000tygh",
        "Magnitude": 4.4,
        "MagnitudeGroup": "2.5 to <4.5",
        "Place": "142 km SSW of La Esperanza (El Zapotal), Mexico",
        "TimeUTC": "2026-09-30T00:25:25Z",
        "EventTime": 1790727925138,
        "DayUTC": "2026-09-30",
        "Depth_km": 10,
        "Longitude": -93.8464,
        "Latitude": 14.3416,
        "ReviewStatus": "reviewed",
        "MagnitudeType": "mb",
        "USGS_URL": "https://earthquake.usgs.gov/earthquakes/eventpage/us6000tygh",
        "Source": "USGS Earthquake Hazards Program",
        "SnapshotUTC": "2026-10-04T19:51:31Z"
      }
    },
    {
      "type": "Feature",
      "geometry": {
        "type": "Point",
        "coordinates": [
          -75.5906,
          3.8311
        ]
      },
      "properties": {
        "EventID": "us6000tyfk",
        "Magnitude": 4.5,
        "MagnitudeGroup": "4.5 to <6",
        "Place": "15 km SW of San Antonio, Colombia",
        "TimeUTC": "2026-09-29T21:50:29Z",
        "EventTime": 1790718629969,
        "DayUTC": "2026-09-29",
        "Depth_km": 10,
        "Longitude": -75.5906,
        "Latitude": 3.8311,
        "ReviewStatus": "reviewed",
        "MagnitudeType": "mb",
        "USGS_URL": "https://earthquake.usgs.gov/earthquakes/eventpage/us6000tyfk",
        "Source": "USGS Earthquake Hazards Program",
        "SnapshotUTC": "2026-10-04T19:51:31Z"
      }
    },
    {
      "type": "Feature",
      "geometry": {
        "type": "Point",
        "coordinates": [
          -122.722,
          47.4003333333333
        ]
      },
      "properties": {
        "EventID": "uw714111952",
        "Magnitude": 4.15,
        "MagnitudeGroup": "2.5 to <4.5",
        "Place": "6 km WNW of Wauna, Washington",
        "TimeUTC": "2026-09-29T21:05:56Z",
        "EventTime": 1790715956370,
        "DayUTC": "2026-09-29",
        "Depth_km": 27.92,
        "Longitude": -122.722,
        "Latitude": 47.4003333333333,
        "ReviewStatus": "reviewed",
        "MagnitudeType": "ml",
        "USGS_URL": "https://earthquake.usgs.gov/earthquakes/eventpage/uw714111952",
        "Source": "USGS Earthquake Hazards Program",
        "SnapshotUTC": "2026-10-04T19:51:31Z"
      }
    },
    {
      "type": "Feature",
      "geometry": {
        "type": "Point",
        "coordinates": [
          122.4136,
          17.5267
        ]
      },
      "properties": {
        "EventID": "us6000tyf0",
        "Magnitude": 4.7,
        "MagnitudeGroup": "4.5 to <6",
        "Place": "49 km N of Dicabisagan, Philippines",
        "TimeUTC": "2026-09-29T20:45:50Z",
        "EventTime": 1790714750983,
        "DayUTC": "2026-09-29",
        "Depth_km": 10,
        "Longitude": 122.4136,
        "Latitude": 17.5267,
        "ReviewStatus": "reviewed",
        "MagnitudeType": "mb",
        "USGS_URL": "https://earthquake.usgs.gov/earthquakes/eventpage/us6000tyf0",
        "Source": "USGS Earthquake Hazards Program",
        "SnapshotUTC": "2026-10-04T19:51:31Z"
      }
    },
    {
      "type": "Feature",
      "geometry": {
        "type": "Point",
        "coordinates": [
          -67.5824,
          -22.3093
        ]
      },
      "properties": {
        "EventID": "us6000tye9",
        "Magnitude": 4.1,
        "MagnitudeGroup": "2.5 to <4.5",
        "Place": "92 km NE of San Pedro de Atacama, Chile",
        "TimeUTC": "2026-09-29T18:21:49Z",
        "EventTime": 1790706109888,
        "DayUTC": "2026-09-29",
        "Depth_km": 178.025,
        "Longitude": -67.5824,
        "Latitude": -22.3093,
        "ReviewStatus": "reviewed",
        "MagnitudeType": "mb",
        "USGS_URL": "https://earthquake.usgs.gov/earthquakes/eventpage/us6000tye9",
        "Source": "USGS Earthquake Hazards Program",
        "SnapshotUTC": "2026-10-04T19:51:31Z"
      }
    },
    {
      "type": "Feature",
      "geometry": {
        "type": "Point",
        "coordinates": [
          -174.2536,
          -19.2971
        ]
      },
      "properties": {
        "EventID": "us6000tycv",
        "Magnitude": 4.7,
        "MagnitudeGroup": "4.5 to <6",
        "Place": "50 km N of Fangale\u2019ounga, Tonga",
        "TimeUTC": "2026-09-29T16:13:02Z",
        "EventTime": 1790698382568,
        "DayUTC": "2026-09-29",
        "Depth_km": 56.776,
        "Longitude": -174.2536,
        "Latitude": -19.2971,
        "ReviewStatus": "reviewed",
        "MagnitudeType": "mb",
        "USGS_URL": "https://earthquake.usgs.gov/earthquakes/eventpage/us6000tycv",
        "Source": "USGS Earthquake Hazards Program",
        "SnapshotUTC": "2026-10-04T19:51:31Z"
      }
    },
    {
      "type": "Feature",
      "geometry": {
        "type": "Point",
        "coordinates": [
          -122.424003601074,
          38.3988342285156
        ]
      },
      "properties": {
        "EventID": "nc75444432",
        "Magnitude": 2.58,
        "MagnitudeGroup": "2.5 to <4.5",
        "Place": "6 km W of Yountville, CA",
        "TimeUTC": "2026-09-29T16:06:37Z",
        "EventTime": 1790697997410,
        "DayUTC": "2026-09-29",
        "Depth_km": 8.30000019073486,
        "Longitude": -122.424003601074,
        "Latitude": 38.3988342285156,
        "ReviewStatus": "automatic",
        "MagnitudeType": "md",
        "USGS_URL": "https://earthquake.usgs.gov/earthquakes/eventpage/nc75444432",
        "Source": "USGS Earthquake Hazards Program",
        "SnapshotUTC": "2026-10-04T19:51:31Z"
      }
    },
    {
      "type": "Feature",
      "geometry": {
        "type": "Point",
        "coordinates": [
          -91.4145,
          -40.9373
        ]
      },
      "properties": {
        "EventID": "us6000tycz",
        "Magnitude": 4.6,
        "MagnitudeGroup": "4.5 to <6",
        "Place": "West Chile Rise",
        "TimeUTC": "2026-09-29T15:31:18Z",
        "EventTime": 1790695878586,
        "DayUTC": "2026-09-29",
        "Depth_km": 10,
        "Longitude": -91.4145,
        "Latitude": -40.9373,
        "ReviewStatus": "reviewed",
        "MagnitudeType": "mb",
        "USGS_URL": "https://earthquake.usgs.gov/earthquakes/eventpage/us6000tycz",
        "Source": "USGS Earthquake Hazards Program",
        "SnapshotUTC": "2026-10-04T19:51:31Z"
      }
    },
    {
      "type": "Feature",
      "geometry": {
        "type": "Point",
        "coordinates": [
          -25.9552,
          -58.7473
        ]
      },
      "properties": {
        "EventID": "us6000tyck",
        "Magnitude": 4.8,
        "MagnitudeGroup": "4.5 to <6",
        "Place": "South Sandwich Islands region",
        "TimeUTC": "2026-09-29T15:17:18Z",
        "EventTime": 1790695038167,
        "DayUTC": "2026-09-29",
        "Depth_km": 114.229,
        "Longitude": -25.9552,
        "Latitude": -58.7473,
        "ReviewStatus": "reviewed",
        "MagnitudeType": "mb",
        "USGS_URL": "https://earthquake.usgs.gov/earthquakes/eventpage/us6000tyck",
        "Source": "USGS Earthquake Hazards Program",
        "SnapshotUTC": "2026-10-04T19:51:31Z"
      }
    },
    {
      "type": "Feature",
      "geometry": {
        "type": "Point",
        "coordinates": [
          161.3866,
          54.0783
        ]
      },
      "properties": {
        "EventID": "us6000tych",
        "Magnitude": 4.4,
        "MagnitudeGroup": "2.5 to <4.5",
        "Place": "192 km ESE of Mil\u2019kovo, Russia",
        "TimeUTC": "2026-09-29T14:40:28Z",
        "EventTime": 1790692828155,
        "DayUTC": "2026-09-29",
        "Depth_km": 54.014,
        "Longitude": 161.3866,
        "Latitude": 54.0783,
        "ReviewStatus": "reviewed",
        "MagnitudeType": "mb",
        "USGS_URL": "https://earthquake.usgs.gov/earthquakes/eventpage/us6000tych",
        "Source": "USGS Earthquake Hazards Program",
        "SnapshotUTC": "2026-10-04T19:51:31Z"
      }
    },
    {
      "type": "Feature",
      "geometry": {
        "type": "Point",
        "coordinates": [
          123.9679,
          -8.8321
        ]
      },
      "properties": {
        "EventID": "us6000tyc9",
        "Magnitude": 4.9,
        "MagnitudeGroup": "4.5 to <6",
        "Place": "61 km NW of Pante Makasar, Timor Leste",
        "TimeUTC": "2026-09-29T14:14:05Z",
        "EventTime": 1790691245529,
        "DayUTC": "2026-09-29",
        "Depth_km": 153.006,
        "Longitude": 123.9679,
        "Latitude": -8.8321,
        "ReviewStatus": "reviewed",
        "MagnitudeType": "mb",
        "USGS_URL": "https://earthquake.usgs.gov/earthquakes/eventpage/us6000tyc9",
        "Source": "USGS Earthquake Hazards Program",
        "SnapshotUTC": "2026-10-04T19:51:31Z"
      }
    },
    {
      "type": "Feature",
      "geometry": {
        "type": "Point",
        "coordinates": [
          -16.0771,
          -35.2758
        ]
      },
      "properties": {
        "EventID": "us6000tyc3",
        "Magnitude": 5.5,
        "MagnitudeGroup": "4.5 to <6",
        "Place": "southern Mid-Atlantic Ridge",
        "TimeUTC": "2026-09-29T13:06:09Z",
        "EventTime": 1790687169941,
        "DayUTC": "2026-09-29",
        "Depth_km": 10,
        "Longitude": -16.0771,
        "Latitude": -35.2758,
        "ReviewStatus": "reviewed",
        "MagnitudeType": "mww",
        "USGS_URL": "https://earthquake.usgs.gov/earthquakes/eventpage/us6000tyc3",
        "Source": "USGS Earthquake Hazards Program",
        "SnapshotUTC": "2026-10-04T19:51:31Z"
      }
    },
    {
      "type": "Feature",
      "geometry": {
        "type": "Point",
        "coordinates": [
          -174.0813,
          -20.6773
        ]
      },
      "properties": {
        "EventID": "us6000tyc1",
        "Magnitude": 5.4,
        "MagnitudeGroup": "4.5 to <6",
        "Place": "99 km SSE of Pangai, Tonga",
        "TimeUTC": "2026-09-29T12:40:35Z",
        "EventTime": 1790685635064,
        "DayUTC": "2026-09-29",
        "Depth_km": 10,
        "Longitude": -174.0813,
        "Latitude": -20.6773,
        "ReviewStatus": "reviewed",
        "MagnitudeType": "mb",
        "USGS_URL": "https://earthquake.usgs.gov/earthquakes/eventpage/us6000tyc1",
        "Source": "USGS Earthquake Hazards Program",
        "SnapshotUTC": "2026-10-04T19:51:31Z"
      }
    },
    {
      "type": "Feature",
      "geometry": {
        "type": "Point",
        "coordinates": [
          -118.605003356934,
          37.3976669311523
        ]
      },
      "properties": {
        "EventID": "nc75444342",
        "Magnitude": 2.51,
        "MagnitudeGroup": "2.5 to <4.5",
        "Place": "2 km SSW of Round Valley, CA",
        "TimeUTC": "2026-09-29T12:18:44Z",
        "EventTime": 1790684324820,
        "DayUTC": "2026-09-29",
        "Depth_km": 8.59000015258789,
        "Longitude": -118.605003356934,
        "Latitude": 37.3976669311523,
        "ReviewStatus": "automatic",
        "MagnitudeType": "md",
        "USGS_URL": "https://earthquake.usgs.gov/earthquakes/eventpage/nc75444342",
        "Source": "USGS Earthquake Hazards Program",
        "SnapshotUTC": "2026-10-04T19:51:31Z"
      }
    },
    {
      "type": "Feature",
      "geometry": {
        "type": "Point",
        "coordinates": [
          -125.418333333333,
          40.4225
        ]
      },
      "properties": {
        "EventID": "nc75444322",
        "Magnitude": 4.77,
        "MagnitudeGroup": "4.5 to <6",
        "Place": "97 km W of Petrolia, CA",
        "TimeUTC": "2026-09-29T11:36:39Z",
        "EventTime": 1790681799240,
        "DayUTC": "2026-09-29",
        "Depth_km": 10,
        "Longitude": -125.418333333333,
        "Latitude": 40.4225,
        "ReviewStatus": "reviewed",
        "MagnitudeType": "mw",
        "USGS_URL": "https://earthquake.usgs.gov/earthquakes/eventpage/nc75444322",
        "Source": "USGS Earthquake Hazards Program",
        "SnapshotUTC": "2026-10-04T19:51:31Z"
      }
    },
    {
      "type": "Feature",
      "geometry": {
        "type": "Point",
        "coordinates": [
          167.5446,
          -18.2306
        ]
      },
      "properties": {
        "EventID": "us6000tybs",
        "Magnitude": 4.8,
        "MagnitudeGroup": "4.5 to <6",
        "Place": "98 km SW of Port-Vila, Vanuatu",
        "TimeUTC": "2026-09-29T11:27:48Z",
        "EventTime": 1790681268406,
        "DayUTC": "2026-09-29",
        "Depth_km": 10,
        "Longitude": 167.5446,
        "Latitude": -18.2306,
        "ReviewStatus": "reviewed",
        "MagnitudeType": "mb",
        "USGS_URL": "https://earthquake.usgs.gov/earthquakes/eventpage/us6000tybs",
        "Source": "USGS Earthquake Hazards Program",
        "SnapshotUTC": "2026-10-04T19:51:31Z"
      }
    },
    {
      "type": "Feature",
      "geometry": {
        "type": "Point",
        "coordinates": [
          168.5924,
          -21.3447
        ]
      },
      "properties": {
        "EventID": "us6000tybr",
        "Magnitude": 5,
        "MagnitudeGroup": "4.5 to <6",
        "Place": "77 km ENE of Tadine, New Caledonia",
        "TimeUTC": "2026-09-29T10:42:57Z",
        "EventTime": 1790678577409,
        "DayUTC": "2026-09-29",
        "Depth_km": 10,
        "Longitude": 168.5924,
        "Latitude": -21.3447,
        "ReviewStatus": "reviewed",
        "MagnitudeType": "mb",
        "USGS_URL": "https://earthquake.usgs.gov/earthquakes/eventpage/us6000tybr",
        "Source": "USGS Earthquake Hazards Program",
        "SnapshotUTC": "2026-10-04T19:51:31Z"
      }
    },
    {
      "type": "Feature",
      "geometry": {
        "type": "Point",
        "coordinates": [
          -153.117,
          59.162
        ]
      },
      "properties": {
        "EventID": "aka2026thiuub",
        "Magnitude": 2.5,
        "MagnitudeGroup": "2.5 to <4.5",
        "Place": "71 km WSW of Nanwalek, Alaska",
        "TimeUTC": "2026-09-29T10:26:03Z",
        "EventTime": 1790677563088,
        "DayUTC": "2026-09-29",
        "Depth_km": 74.5,
        "Longitude": -153.117,
        "Latitude": 59.162,
        "ReviewStatus": "automatic",
        "MagnitudeType": "ml",
        "USGS_URL": "https://earthquake.usgs.gov/earthquakes/eventpage/aka2026thiuub",
        "Source": "USGS Earthquake Hazards Program",
        "SnapshotUTC": "2026-10-04T19:51:31Z"
      }
    },
    {
      "type": "Feature",
      "geometry": {
        "type": "Point",
        "coordinates": [
          -161.5901,
          54.66
        ]
      },
      "properties": {
        "EventID": "us6000tybl",
        "Magnitude": 4,
        "MagnitudeGroup": "2.5 to <4.5",
        "Place": "64 km SE of King Cove, Alaska",
        "TimeUTC": "2026-09-29T10:24:37Z",
        "EventTime": 1790677477599,
        "DayUTC": "2026-09-29",
        "Depth_km": 49.875,
        "Longitude": -161.5901,
        "Latitude": 54.66,
        "ReviewStatus": "reviewed",
        "MagnitudeType": "mb",
        "USGS_URL": "https://earthquake.usgs.gov/earthquakes/eventpage/us6000tybl",
        "Source": "USGS Earthquake Hazards Program",
        "SnapshotUTC": "2026-10-04T19:51:31Z"
      }
    },
    {
      "type": "Feature",
      "geometry": {
        "type": "Point",
        "coordinates": [
          -75.6413,
          -3.1213
        ]
      },
      "properties": {
        "EventID": "us6000tybk",
        "Magnitude": 4.5,
        "MagnitudeGroup": "4.5 to <6",
        "Place": "96 km ENE of Alianza Cristiana, Peru",
        "TimeUTC": "2026-09-29T10:22:14Z",
        "EventTime": 1790677334613,
        "DayUTC": "2026-09-29",
        "Depth_km": 134.763,
        "Longitude": -75.6413,
        "Latitude": -3.1213,
        "ReviewStatus": "reviewed",
        "MagnitudeType": "mb",
        "USGS_URL": "https://earthquake.usgs.gov/earthquakes/eventpage/us6000tybk",
        "Source": "USGS Earthquake Hazards Program",
        "SnapshotUTC": "2026-10-04T19:51:31Z"
      }
    },
    {
      "type": "Feature",
      "geometry": {
        "type": "Point",
        "coordinates": [
          -136.833,
          58.195
        ]
      },
      "properties": {
        "EventID": "aka2026thikql",
        "Magnitude": 3.2,
        "MagnitudeGroup": "2.5 to <4.5",
        "Place": "28 km W of Elfin Cove, Alaska",
        "TimeUTC": "2026-09-29T10:14:35Z",
        "EventTime": 1790676875593,
        "DayUTC": "2026-09-29",
        "Depth_km": 8,
        "Longitude": -136.833,
        "Latitude": 58.195,
        "ReviewStatus": "automatic",
        "MagnitudeType": "ml",
        "USGS_URL": "https://earthquake.usgs.gov/earthquakes/eventpage/aka2026thikql",
        "Source": "USGS Earthquake Hazards Program",
        "SnapshotUTC": "2026-10-04T19:51:31Z"
      }
    },
    {
      "type": "Feature",
      "geometry": {
        "type": "Point",
        "coordinates": [
          -115.2879,
          38.9214
        ]
      },
      "properties": {
        "EventID": "nn00925017",
        "Magnitude": 3.07,
        "MagnitudeGroup": "2.5 to <4.5",
        "Place": "19 km W of Preston, Nevada",
        "TimeUTC": "2026-09-29T09:50:11Z",
        "EventTime": 1790675411265,
        "DayUTC": "2026-09-29",
        "Depth_km": 0,
        "Longitude": -115.2879,
        "Latitude": 38.9214,
        "ReviewStatus": "reviewed",
        "MagnitudeType": "ml",
        "USGS_URL": "https://earthquake.usgs.gov/earthquakes/eventpage/nn00925017",
        "Source": "USGS Earthquake Hazards Program",
        "SnapshotUTC": "2026-10-04T19:51:31Z"
      }
    },
    {
      "type": "Feature",
      "geometry": {
        "type": "Point",
        "coordinates": [
          -92.6345,
          13.7623
        ]
      },
      "properties": {
        "EventID": "us6000tyb6",
        "Magnitude": 4.5,
        "MagnitudeGroup": "4.5 to <6",
        "Place": "95 km SSW of Oc\u00f3s, Guatemala",
        "TimeUTC": "2026-09-29T08:21:56Z",
        "EventTime": 1790670116906,
        "DayUTC": "2026-09-29",
        "Depth_km": 41.479,
        "Longitude": -92.6345,
        "Latitude": 13.7623,
        "ReviewStatus": "reviewed",
        "MagnitudeType": "mb",
        "USGS_URL": "https://earthquake.usgs.gov/earthquakes/eventpage/us6000tyb6",
        "Source": "USGS Earthquake Hazards Program",
        "SnapshotUTC": "2026-10-04T19:51:31Z"
      }
    },
    {
      "type": "Feature",
      "geometry": {
        "type": "Point",
        "coordinates": [
          -154.489,
          57.678
        ]
      },
      "properties": {
        "EventID": "aka2026thenke",
        "Magnitude": 2.5,
        "MagnitudeGroup": "2.5 to <4.5",
        "Place": "12 km N of Karluk, Alaska",
        "TimeUTC": "2026-09-29T08:17:48Z",
        "EventTime": 1790669868081,
        "DayUTC": "2026-09-29",
        "Depth_km": 58.8,
        "Longitude": -154.489,
        "Latitude": 57.678,
        "ReviewStatus": "automatic",
        "MagnitudeType": "ml",
        "USGS_URL": "https://earthquake.usgs.gov/earthquakes/eventpage/aka2026thenke",
        "Source": "USGS Earthquake Hazards Program",
        "SnapshotUTC": "2026-10-04T19:51:31Z"
      }
    },
    {
      "type": "Feature",
      "geometry": {
        "type": "Point",
        "coordinates": [
          -28.4628,
          -55.2555
        ]
      },
      "properties": {
        "EventID": "us6000tyat",
        "Magnitude": 4.8,
        "MagnitudeGroup": "4.5 to <6",
        "Place": "South Sandwich Islands region",
        "TimeUTC": "2026-09-29T06:38:49Z",
        "EventTime": 1790663929006,
        "DayUTC": "2026-09-29",
        "Depth_km": 35,
        "Longitude": -28.4628,
        "Latitude": -55.2555,
        "ReviewStatus": "reviewed",
        "MagnitudeType": "mb",
        "USGS_URL": "https://earthquake.usgs.gov/earthquakes/eventpage/us6000tyat",
        "Source": "USGS Earthquake Hazards Program",
        "SnapshotUTC": "2026-10-04T19:51:31Z"
      }
    },
    {
      "type": "Feature",
      "geometry": {
        "type": "Point",
        "coordinates": [
          143.1352,
          39.6854
        ]
      },
      "properties": {
        "EventID": "us6000tyap",
        "Magnitude": 4.4,
        "MagnitudeGroup": "2.5 to <4.5",
        "Place": "102 km E of Miyako, Japan",
        "TimeUTC": "2026-09-29T06:16:34Z",
        "EventTime": 1790662594063,
        "DayUTC": "2026-09-29",
        "Depth_km": 36.868,
        "Longitude": 143.1352,
        "Latitude": 39.6854,
        "ReviewStatus": "reviewed",
        "MagnitudeType": "mb",
        "USGS_URL": "https://earthquake.usgs.gov/earthquakes/eventpage/us6000tyap",
        "Source": "USGS Earthquake Hazards Program",
        "SnapshotUTC": "2026-10-04T19:51:31Z"
      }
    },
    {
      "type": "Feature",
      "geometry": {
        "type": "Point",
        "coordinates": [
          -28.2098,
          -55.3157
        ]
      },
      "properties": {
        "EventID": "us6000tyab",
        "Magnitude": 4.8,
        "MagnitudeGroup": "4.5 to <6",
        "Place": "South Sandwich Islands region",
        "TimeUTC": "2026-09-29T04:16:27Z",
        "EventTime": 1790655387199,
        "DayUTC": "2026-09-29",
        "Depth_km": 35.08,
        "Longitude": -28.2098,
        "Latitude": -55.3157,
        "ReviewStatus": "reviewed",
        "MagnitudeType": "mb",
        "USGS_URL": "https://earthquake.usgs.gov/earthquakes/eventpage/us6000tyab",
        "Source": "USGS Earthquake Hazards Program",
        "SnapshotUTC": "2026-10-04T19:51:31Z"
      }
    },
    {
      "type": "Feature",
      "geometry": {
        "type": "Point",
        "coordinates": [
          -66.0948333333333,
          18.2948333333333
        ]
      },
      "properties": {
        "EventID": "pr71535083",
        "Magnitude": 2.57,
        "MagnitudeGroup": "2.5 to <4.5",
        "Place": "4 km NNE of Aguas Buenas, Puerto Rico",
        "TimeUTC": "2026-09-29T04:14:36Z",
        "EventTime": 1790655276820,
        "DayUTC": "2026-09-29",
        "Depth_km": 65.66,
        "Longitude": -66.0948333333333,
        "Latitude": 18.2948333333333,
        "ReviewStatus": "reviewed",
        "MagnitudeType": "md",
        "USGS_URL": "https://earthquake.usgs.gov/earthquakes/eventpage/pr71535083",
        "Source": "USGS Earthquake Hazards Program",
        "SnapshotUTC": "2026-10-04T19:51:31Z"
      }
    },
    {
      "type": "Feature",
      "geometry": {
        "type": "Point",
        "coordinates": [
          168.4092,
          -21.0716
        ]
      },
      "properties": {
        "EventID": "us6000tya5",
        "Magnitude": 5.3,
        "MagnitudeGroup": "4.5 to <6",
        "Place": "76 km NE of Tadine, New Caledonia",
        "TimeUTC": "2026-09-29T03:23:54Z",
        "EventTime": 1790652234418,
        "DayUTC": "2026-09-29",
        "Depth_km": 10,
        "Longitude": 168.4092,
        "Latitude": -21.0716,
        "ReviewStatus": "reviewed",
        "MagnitudeType": "mww",
        "USGS_URL": "https://earthquake.usgs.gov/earthquakes/eventpage/us6000tya5",
        "Source": "USGS Earthquake Hazards Program",
        "SnapshotUTC": "2026-10-04T19:51:31Z"
      }
    },
    {
      "type": "Feature",
      "geometry": {
        "type": "Point",
        "coordinates": [
          -140.7479,
          64.7884
        ]
      },
      "properties": {
        "EventID": "us6000ty9x",
        "Magnitude": 3,
        "MagnitudeGroup": "2.5 to <4.5",
        "Place": "17 km E of Eagle Village, Alaska",
        "TimeUTC": "2026-09-29T02:26:32Z",
        "EventTime": 1790648792341,
        "DayUTC": "2026-09-29",
        "Depth_km": 8.676,
        "Longitude": -140.7479,
        "Latitude": 64.7884,
        "ReviewStatus": "reviewed",
        "MagnitudeType": "ml",
        "USGS_URL": "https://earthquake.usgs.gov/earthquakes/eventpage/us6000ty9x",
        "Source": "USGS Earthquake Hazards Program",
        "SnapshotUTC": "2026-10-04T19:51:31Z"
      }
    },
    {
      "type": "Feature",
      "geometry": {
        "type": "Point",
        "coordinates": [
          -68.9001666666667,
          18.4306666666667
        ]
      },
      "properties": {
        "EventID": "pr71535063",
        "Magnitude": 3.37,
        "MagnitudeGroup": "2.5 to <4.5",
        "Place": "7 km E of La Romana, Dominican Republic",
        "TimeUTC": "2026-09-29T01:46:26Z",
        "EventTime": 1790646386910,
        "DayUTC": "2026-09-29",
        "Depth_km": 114.94,
        "Longitude": -68.9001666666667,
        "Latitude": 18.4306666666667,
        "ReviewStatus": "reviewed",
        "MagnitudeType": "md",
        "USGS_URL": "https://earthquake.usgs.gov/earthquakes/eventpage/pr71535063",
        "Source": "USGS Earthquake Hazards Program",
        "SnapshotUTC": "2026-10-04T19:51:31Z"
      }
    },
    {
      "type": "Feature",
      "geometry": {
        "type": "Point",
        "coordinates": [
          -64.1583333333333,
          18.9121666666667
        ]
      },
      "properties": {
        "EventID": "pr71535043",
        "Magnitude": 3.34,
        "MagnitudeGroup": "2.5 to <4.5",
        "Place": "92 km NE of Cruz Bay, U.S. Virgin Islands",
        "TimeUTC": "2026-09-29T00:55:42Z",
        "EventTime": 1790643342180,
        "DayUTC": "2026-09-29",
        "Depth_km": 21.19,
        "Longitude": -64.1583333333333,
        "Latitude": 18.9121666666667,
        "ReviewStatus": "reviewed",
        "MagnitudeType": "md",
        "USGS_URL": "https://earthquake.usgs.gov/earthquakes/eventpage/pr71535043",
        "Source": "USGS Earthquake Hazards Program",
        "SnapshotUTC": "2026-10-04T19:51:31Z"
      }
    },
    {
      "type": "Feature",
      "geometry": {
        "type": "Point",
        "coordinates": [
          51.1906,
          13.5996
        ]
      },
      "properties": {
        "EventID": "us6000ty9j",
        "Magnitude": 4.4,
        "MagnitudeGroup": "2.5 to <4.5",
        "Place": "186 km NNE of Caluula, Somalia",
        "TimeUTC": "2026-09-29T00:11:43Z",
        "EventTime": 1790640703717,
        "DayUTC": "2026-09-29",
        "Depth_km": 10,
        "Longitude": 51.1906,
        "Latitude": 13.5996,
        "ReviewStatus": "reviewed",
        "MagnitudeType": "mb",
        "USGS_URL": "https://earthquake.usgs.gov/earthquakes/eventpage/us6000ty9j",
        "Source": "USGS Earthquake Hazards Program",
        "SnapshotUTC": "2026-10-04T19:51:31Z"
      }
    },
    {
      "type": "Feature",
      "geometry": {
        "type": "Point",
        "coordinates": [
          161.5616,
          54.5068
        ]
      },
      "properties": {
        "EventID": "us6000ty9i",
        "Magnitude": 4.5,
        "MagnitudeGroup": "4.5 to <6",
        "Place": "173 km SE of Atlasovo, Russia",
        "TimeUTC": "2026-09-29T00:05:23Z",
        "EventTime": 1790640323887,
        "DayUTC": "2026-09-29",
        "Depth_km": 35,
        "Longitude": 161.5616,
        "Latitude": 54.5068,
        "ReviewStatus": "reviewed",
        "MagnitudeType": "mb",
        "USGS_URL": "https://earthquake.usgs.gov/earthquakes/eventpage/us6000ty9i",
        "Source": "USGS Earthquake Hazards Program",
        "SnapshotUTC": "2026-10-04T19:51:31Z"
      }
    },
    {
      "type": "Feature",
      "geometry": {
        "type": "Point",
        "coordinates": [
          178.3674,
          52.2891
        ]
      },
      "properties": {
        "EventID": "us6000tyht",
        "Magnitude": 2.9,
        "MagnitudeGroup": "2.5 to <4.5",
        "Place": "Rat Islands, Aleutian Islands, Alaska",
        "TimeUTC": "2026-09-28T23:14:52Z",
        "EventTime": 1790637292114,
        "DayUTC": "2026-09-28",
        "Depth_km": 155.908,
        "Longitude": 178.3674,
        "Latitude": 52.2891,
        "ReviewStatus": "reviewed",
        "MagnitudeType": "ml",
        "USGS_URL": "https://earthquake.usgs.gov/earthquakes/eventpage/us6000tyht",
        "Source": "USGS Earthquake Hazards Program",
        "SnapshotUTC": "2026-10-04T19:51:31Z"
      }
    },
    {
      "type": "Feature",
      "geometry": {
        "type": "Point",
        "coordinates": [
          -99.7052,
          39.3409
        ]
      },
      "properties": {
        "EventID": "us6000ty8z",
        "Magnitude": 3,
        "MagnitudeGroup": "2.5 to <4.5",
        "Place": "2 km SSW of Bogue, Kansas",
        "TimeUTC": "2026-09-28T22:54:45Z",
        "EventTime": 1790636085216,
        "DayUTC": "2026-09-28",
        "Depth_km": 5,
        "Longitude": -99.7052,
        "Latitude": 39.3409,
        "ReviewStatus": "reviewed",
        "MagnitudeType": "mb_lg",
        "USGS_URL": "https://earthquake.usgs.gov/earthquakes/eventpage/us6000ty8z",
        "Source": "USGS Earthquake Hazards Program",
        "SnapshotUTC": "2026-10-04T19:51:31Z"
      }
    },
    {
      "type": "Feature",
      "geometry": {
        "type": "Point",
        "coordinates": [
          -169.273,
          52.265
        ]
      },
      "properties": {
        "EventID": "aka2026tglryr",
        "Magnitude": 2.5,
        "MagnitudeGroup": "2.5 to <4.5",
        "Place": "80 km SSW of Nikolski, Alaska",
        "TimeUTC": "2026-09-28T22:53:10Z",
        "EventTime": 1790635990787,
        "DayUTC": "2026-09-28",
        "Depth_km": 20.5,
        "Longitude": -169.273,
        "Latitude": 52.265,
        "ReviewStatus": "reviewed",
        "MagnitudeType": "ml",
        "USGS_URL": "https://earthquake.usgs.gov/earthquakes/eventpage/aka2026tglryr",
        "Source": "USGS Earthquake Hazards Program",
        "SnapshotUTC": "2026-10-04T19:51:31Z"
      }
    },
    {
      "type": "Feature",
      "geometry": {
        "type": "Point",
        "coordinates": [
          -99.6976,
          39.2812
        ]
      },
      "properties": {
        "EventID": "us6000ty8y",
        "Magnitude": 2.5,
        "MagnitudeGroup": "2.5 to <4.5",
        "Place": "9 km S of Bogue, Kansas",
        "TimeUTC": "2026-09-28T22:50:25Z",
        "EventTime": 1790635825589,
        "DayUTC": "2026-09-28",
        "Depth_km": 10,
        "Longitude": -99.6976,
        "Latitude": 39.2812,
        "ReviewStatus": "reviewed",
        "MagnitudeType": "mb_lg",
        "USGS_URL": "https://earthquake.usgs.gov/earthquakes/eventpage/us6000ty8y",
        "Source": "USGS Earthquake Hazards Program",
        "SnapshotUTC": "2026-10-04T19:51:31Z"
      }
    },
    {
      "type": "Feature",
      "geometry": {
        "type": "Point",
        "coordinates": [
          178.7348,
          51.3963
        ]
      },
      "properties": {
        "EventID": "us6000tyhm",
        "Magnitude": 3,
        "MagnitudeGroup": "2.5 to <4.5",
        "Place": "Rat Islands, Aleutian Islands, Alaska",
        "TimeUTC": "2026-09-28T22:29:31Z",
        "EventTime": 1790634571108,
        "DayUTC": "2026-09-28",
        "Depth_km": 35,
        "Longitude": 178.7348,
        "Latitude": 51.3963,
        "ReviewStatus": "reviewed",
        "MagnitudeType": "ml",
        "USGS_URL": "https://earthquake.usgs.gov/earthquakes/eventpage/us6000tyhm",
        "Source": "USGS Earthquake Hazards Program",
        "SnapshotUTC": "2026-10-04T19:51:31Z"
      }
    },
    {
      "type": "Feature",
      "geometry": {
        "type": "Point",
        "coordinates": [
          -179.2457,
          -24.7523
        ]
      },
      "properties": {
        "EventID": "us6000ty8v",
        "Magnitude": 4.4,
        "MagnitudeGroup": "2.5 to <4.5",
        "Place": "south of the Fiji Islands",
        "TimeUTC": "2026-09-28T22:25:49Z",
        "EventTime": 1790634349241,
        "DayUTC": "2026-09-28",
        "Depth_km": 465.399,
        "Longitude": -179.2457,
        "Latitude": -24.7523,
        "ReviewStatus": "reviewed",
        "MagnitudeType": "mb",
        "USGS_URL": "https://earthquake.usgs.gov/earthquakes/eventpage/us6000ty8v",
        "Source": "USGS Earthquake Hazards Program",
        "SnapshotUTC": "2026-10-04T19:51:31Z"
      }
    },
    {
      "type": "Feature",
      "geometry": {
        "type": "Point",
        "coordinates": [
          -150.635,
          61.346
        ]
      },
      "properties": {
        "EventID": "aka2026tgirii",
        "Magnitude": 2.7,
        "MagnitudeGroup": "2.5 to <4.5",
        "Place": "22 km SSW of Susitna, Alaska",
        "TimeUTC": "2026-09-28T21:22:37Z",
        "EventTime": 1790630557091,
        "DayUTC": "2026-09-28",
        "Depth_km": 57.1,
        "Longitude": -150.635,
        "Latitude": 61.346,
        "ReviewStatus": "reviewed",
        "MagnitudeType": "ml",
        "USGS_URL": "https://earthquake.usgs.gov/earthquakes/eventpage/aka2026tgirii",
        "Source": "USGS Earthquake Hazards Program",
        "SnapshotUTC": "2026-10-04T19:51:31Z"
      }
    },
    {
      "type": "Feature",
      "geometry": {
        "type": "Point",
        "coordinates": [
          -164.0477,
          53.9119
        ]
      },
      "properties": {
        "EventID": "us6000tyib",
        "Magnitude": 3,
        "MagnitudeGroup": "2.5 to <4.5",
        "Place": "112 km SSW of False Pass, Alaska",
        "TimeUTC": "2026-09-28T20:13:51Z",
        "EventTime": 1790626431238,
        "DayUTC": "2026-09-28",
        "Depth_km": 35,
        "Longitude": -164.0477,
        "Latitude": 53.9119,
        "ReviewStatus": "reviewed",
        "MagnitudeType": "ml",
        "USGS_URL": "https://earthquake.usgs.gov/earthquakes/eventpage/us6000tyib",
        "Source": "USGS Earthquake Hazards Program",
        "SnapshotUTC": "2026-10-04T19:51:31Z"
      }
    },
    {
      "type": "Feature",
      "geometry": {
        "type": "Point",
        "coordinates": [
          139.7782,
          36.0809
        ]
      },
      "properties": {
        "EventID": "us6000ty7u",
        "Magnitude": 4.9,
        "MagnitudeGroup": "4.5 to <6",
        "Place": "2 km SW of Sakai, Japan",
        "TimeUTC": "2026-09-28T19:45:07Z",
        "EventTime": 1790624707515,
        "DayUTC": "2026-09-28",
        "Depth_km": 70.972,
        "Longitude": 139.7782,
        "Latitude": 36.0809,
        "ReviewStatus": "reviewed",
        "MagnitudeType": "mww",
        "USGS_URL": "https://earthquake.usgs.gov/earthquakes/eventpage/us6000ty7u",
        "Source": "USGS Earthquake Hazards Program",
        "SnapshotUTC": "2026-10-04T19:51:31Z"
      }
    },
    {
      "type": "Feature",
      "geometry": {
        "type": "Point",
        "coordinates": [
          -64.9403333333333,
          18.7485
        ]
      },
      "properties": {
        "EventID": "pr71535013",
        "Magnitude": 2.91,
        "MagnitudeGroup": "2.5 to <4.5",
        "Place": "45 km N of Charlotte Amalie, U.S. Virgin Islands",
        "TimeUTC": "2026-09-28T19:19:54Z",
        "EventTime": 1790623194480,
        "DayUTC": "2026-09-28",
        "Depth_km": 23.6,
        "Longitude": -64.9403333333333,
        "Latitude": 18.7485,
        "ReviewStatus": "reviewed",
        "MagnitudeType": "md",
        "USGS_URL": "https://earthquake.usgs.gov/earthquakes/eventpage/pr71535013",
        "Source": "USGS Earthquake Hazards Program",
        "SnapshotUTC": "2026-10-04T19:51:31Z"
      }
    },
    {
      "type": "Feature",
      "geometry": {
        "type": "Point",
        "coordinates": [
          -175.6996,
          51.4708
        ]
      },
      "properties": {
        "EventID": "us6000tyi8",
        "Magnitude": 3,
        "MagnitudeGroup": "2.5 to <4.5",
        "Place": "78 km SE of Adak, Alaska",
        "TimeUTC": "2026-09-28T19:10:40Z",
        "EventTime": 1790622640917,
        "DayUTC": "2026-09-28",
        "Depth_km": 35,
        "Longitude": -175.6996,
        "Latitude": 51.4708,
        "ReviewStatus": "reviewed",
        "MagnitudeType": "ml",
        "USGS_URL": "https://earthquake.usgs.gov/earthquakes/eventpage/us6000tyi8",
        "Source": "USGS Earthquake Hazards Program",
        "SnapshotUTC": "2026-10-04T19:51:31Z"
      }
    },
    {
      "type": "Feature",
      "geometry": {
        "type": "Point",
        "coordinates": [
          121.8063,
          23.702
        ]
      },
      "properties": {
        "EventID": "us6000ty73",
        "Magnitude": 4.6,
        "MagnitudeGroup": "4.5 to <6",
        "Place": "36 km SE of Hualien City, Taiwan",
        "TimeUTC": "2026-09-28T18:20:44Z",
        "EventTime": 1790619644330,
        "DayUTC": "2026-09-28",
        "Depth_km": 19.011,
        "Longitude": 121.8063,
        "Latitude": 23.702,
        "ReviewStatus": "reviewed",
        "MagnitudeType": "mwr",
        "USGS_URL": "https://earthquake.usgs.gov/earthquakes/eventpage/us6000ty73",
        "Source": "USGS Earthquake Hazards Program",
        "SnapshotUTC": "2026-10-04T19:51:31Z"
      }
    },
    {
      "type": "Feature",
      "geometry": {
        "type": "Point",
        "coordinates": [
          -173.806,
          51.353
        ]
      },
      "properties": {
        "EventID": "aka2026tgbunv",
        "Magnitude": 2.6,
        "MagnitudeGroup": "2.5 to <4.5",
        "Place": "97 km SSE of Atka, Alaska",
        "TimeUTC": "2026-09-28T17:56:09Z",
        "EventTime": 1790618169265,
        "DayUTC": "2026-09-28",
        "Depth_km": 40,
        "Longitude": -173.806,
        "Latitude": 51.353,
        "ReviewStatus": "reviewed",
        "MagnitudeType": "ml",
        "USGS_URL": "https://earthquake.usgs.gov/earthquakes/eventpage/aka2026tgbunv",
        "Source": "USGS Earthquake Hazards Program",
        "SnapshotUTC": "2026-10-04T19:51:31Z"
      }
    },
    {
      "type": "Feature",
      "geometry": {
        "type": "Point",
        "coordinates": [
          -151.729,
          60.168
        ]
      },
      "properties": {
        "EventID": "aka2026tgbuia",
        "Magnitude": 2.7,
        "MagnitudeGroup": "2.5 to <4.5",
        "Place": "13 km NNW of Ninilchik, Alaska",
        "TimeUTC": "2026-09-28T17:55:53Z",
        "EventTime": 1790618153281,
        "DayUTC": "2026-09-28",
        "Depth_km": 71.4,
        "Longitude": -151.729,
        "Latitude": 60.168,
        "ReviewStatus": "reviewed",
        "MagnitudeType": "ml",
        "USGS_URL": "https://earthquake.usgs.gov/earthquakes/eventpage/aka2026tgbuia",
        "Source": "USGS Earthquake Hazards Program",
        "SnapshotUTC": "2026-10-04T19:51:31Z"
      }
    },
    {
      "type": "Feature",
      "geometry": {
        "type": "Point",
        "coordinates": [
          51.4935,
          13.3879
        ]
      },
      "properties": {
        "EventID": "us6000ty71",
        "Magnitude": 4.8,
        "MagnitudeGroup": "4.5 to <6",
        "Place": "155 km NNW of Kilmia, Yemen",
        "TimeUTC": "2026-09-28T17:37:55Z",
        "EventTime": 1790617075108,
        "DayUTC": "2026-09-28",
        "Depth_km": 10,
        "Longitude": 51.4935,
        "Latitude": 13.3879,
        "ReviewStatus": "reviewed",
        "MagnitudeType": "mb",
        "USGS_URL": "https://earthquake.usgs.gov/earthquakes/eventpage/us6000ty71",
        "Source": "USGS Earthquake Hazards Program",
        "SnapshotUTC": "2026-10-04T19:51:31Z"
      }
    },
    {
      "type": "Feature",
      "geometry": {
        "type": "Point",
        "coordinates": [
          -150.092,
          62.822
        ]
      },
      "properties": {
        "EventID": "aka2026tgbcma",
        "Magnitude": 2.8,
        "MagnitudeGroup": "2.5 to <4.5",
        "Place": "41 km N of Chase, Alaska",
        "TimeUTC": "2026-09-28T17:35:06Z",
        "EventTime": 1790616906456,
        "DayUTC": "2026-09-28",
        "Depth_km": 71,
        "Longitude": -150.092,
        "Latitude": 62.822,
        "ReviewStatus": "reviewed",
        "MagnitudeType": "ml",
        "USGS_URL": "https://earthquake.usgs.gov/earthquakes/eventpage/aka2026tgbcma",
        "Source": "USGS Earthquake Hazards Program",
        "SnapshotUTC": "2026-10-04T19:51:31Z"
      }
    },
    {
      "type": "Feature",
      "geometry": {
        "type": "Point",
        "coordinates": [
          -174.6107,
          52.3736
        ]
      },
      "properties": {
        "EventID": "us6000tyi0",
        "Magnitude": 2.9,
        "MagnitudeGroup": "2.5 to <4.5",
        "Place": "34 km NW of Atka, Alaska",
        "TimeUTC": "2026-09-28T17:19:35Z",
        "EventTime": 1790615975642,
        "DayUTC": "2026-09-28",
        "Depth_km": 213.76,
        "Longitude": -174.6107,
        "Latitude": 52.3736,
        "ReviewStatus": "reviewed",
        "MagnitudeType": "ml",
        "USGS_URL": "https://earthquake.usgs.gov/earthquakes/eventpage/us6000tyi0",
        "Source": "USGS Earthquake Hazards Program",
        "SnapshotUTC": "2026-10-04T19:51:31Z"
      }
    },
    {
      "type": "Feature",
      "geometry": {
        "type": "Point",
        "coordinates": [
          179.345,
          51.099
        ]
      },
      "properties": {
        "EventID": "aka2026tfzxlg",
        "Magnitude": 2.5,
        "MagnitudeGroup": "2.5 to <4.5",
        "Place": "292 km WSW of Adak, Alaska",
        "TimeUTC": "2026-09-28T16:59:27Z",
        "EventTime": 1790614767730,
        "DayUTC": "2026-09-28",
        "Depth_km": 29.7,
        "Longitude": 179.345,
        "Latitude": 51.099,
        "ReviewStatus": "reviewed",
        "MagnitudeType": "ml",
        "USGS_URL": "https://earthquake.usgs.gov/earthquakes/eventpage/aka2026tfzxlg",
        "Source": "USGS Earthquake Hazards Program",
        "SnapshotUTC": "2026-10-04T19:51:31Z"
      }
    },
    {
      "type": "Feature",
      "geometry": {
        "type": "Point",
        "coordinates": [
          -152.565,
          59.674
        ]
      },
      "properties": {
        "EventID": "aka2026tfzjzc",
        "Magnitude": 3.6,
        "MagnitudeGroup": "2.5 to <4.5",
        "Place": "42 km WSW of Anchor Point, Alaska",
        "TimeUTC": "2026-09-28T16:44:00Z",
        "EventTime": 1790613840406,
        "DayUTC": "2026-09-28",
        "Depth_km": 86.6,
        "Longitude": -152.565,
        "Latitude": 59.674,
        "ReviewStatus": "reviewed",
        "MagnitudeType": "ml",
        "USGS_URL": "https://earthquake.usgs.gov/earthquakes/eventpage/aka2026tfzjzc",
        "Source": "USGS Earthquake Hazards Program",
        "SnapshotUTC": "2026-10-04T19:51:31Z"
      }
    },
    {
      "type": "Feature",
      "geometry": {
        "type": "Point",
        "coordinates": [
          127.0338,
          5.634
        ]
      },
      "properties": {
        "EventID": "us6000ty5m",
        "Magnitude": 4.9,
        "MagnitudeGroup": "4.5 to <6",
        "Place": "124 km SE of Pondaguitan, Philippines",
        "TimeUTC": "2026-09-28T15:01:39Z",
        "EventTime": 1790607699183,
        "DayUTC": "2026-09-28",
        "Depth_km": 78.202,
        "Longitude": 127.0338,
        "Latitude": 5.634,
        "ReviewStatus": "reviewed",
        "MagnitudeType": "mb",
        "USGS_URL": "https://earthquake.usgs.gov/earthquakes/eventpage/us6000ty5m",
        "Source": "USGS Earthquake Hazards Program",
        "SnapshotUTC": "2026-10-04T19:51:31Z"
      }
    },
    {
      "type": "Feature",
      "geometry": {
        "type": "Point",
        "coordinates": [
          -151.62,
          63.492
        ]
      },
      "properties": {
        "EventID": "aka2026tfvugv",
        "Magnitude": 4.2,
        "MagnitudeGroup": "2.5 to <4.5",
        "Place": "7 km SE of Denali National Park, Alaska",
        "TimeUTC": "2026-09-28T14:55:55Z",
        "EventTime": 1790607355260,
        "DayUTC": "2026-09-28",
        "Depth_km": 5,
        "Longitude": -151.62,
        "Latitude": 63.492,
        "ReviewStatus": "reviewed",
        "MagnitudeType": "ml",
        "USGS_URL": "https://earthquake.usgs.gov/earthquakes/eventpage/aka2026tfvugv",
        "Source": "USGS Earthquake Hazards Program",
        "SnapshotUTC": "2026-10-04T19:51:31Z"
      }
    },
    {
      "type": "Feature",
      "geometry": {
        "type": "Point",
        "coordinates": [
          94.3303,
          5.2548
        ]
      },
      "properties": {
        "EventID": "us6000ty5h",
        "Magnitude": 4.7,
        "MagnitudeGroup": "4.5 to <6",
        "Place": "115 km WSW of Banda Aceh, Indonesia",
        "TimeUTC": "2026-09-28T14:43:10Z",
        "EventTime": 1790606590687,
        "DayUTC": "2026-09-28",
        "Depth_km": 45.734,
        "Longitude": 94.3303,
        "Latitude": 5.2548,
        "ReviewStatus": "reviewed",
        "MagnitudeType": "mb",
        "USGS_URL": "https://earthquake.usgs.gov/earthquakes/eventpage/us6000ty5h",
        "Source": "USGS Earthquake Hazards Program",
        "SnapshotUTC": "2026-10-04T19:51:31Z"
      }
    },
    {
      "type": "Feature",
      "geometry": {
        "type": "Point",
        "coordinates": [
          -72.9604,
          6.8087
        ]
      },
      "properties": {
        "EventID": "us6000ty5f",
        "Magnitude": 4.3,
        "MagnitudeGroup": "2.5 to <4.5",
        "Place": "6 km NNE of Cepit\u00e1, Colombia",
        "TimeUTC": "2026-09-28T14:42:31Z",
        "EventTime": 1790606551470,
        "DayUTC": "2026-09-28",
        "Depth_km": 155.23,
        "Longitude": -72.9604,
        "Latitude": 6.8087,
        "ReviewStatus": "reviewed",
        "MagnitudeType": "mb",
        "USGS_URL": "https://earthquake.usgs.gov/earthquakes/eventpage/us6000ty5f",
        "Source": "USGS Earthquake Hazards Program",
        "SnapshotUTC": "2026-10-04T19:51:31Z"
      }
    },
    {
      "type": "Feature",
      "geometry": {
        "type": "Point",
        "coordinates": [
          -169.347,
          52.535
        ]
      },
      "properties": {
        "EventID": "aka2026tfuxum",
        "Magnitude": 2.5,
        "MagnitudeGroup": "2.5 to <4.5",
        "Place": "55 km SW of Nikolski, Alaska",
        "TimeUTC": "2026-09-28T14:30:00Z",
        "EventTime": 1790605800072,
        "DayUTC": "2026-09-28",
        "Depth_km": 16.3,
        "Longitude": -169.347,
        "Latitude": 52.535,
        "ReviewStatus": "reviewed",
        "MagnitudeType": "ml",
        "USGS_URL": "https://earthquake.usgs.gov/earthquakes/eventpage/aka2026tfuxum",
        "Source": "USGS Earthquake Hazards Program",
        "SnapshotUTC": "2026-10-04T19:51:31Z"
      }
    },
    {
      "type": "Feature",
      "geometry": {
        "type": "Point",
        "coordinates": [
          138.8008,
          31.8082
        ]
      },
      "properties": {
        "EventID": "us6000ty5c",
        "Magnitude": 4.3,
        "MagnitudeGroup": "2.5 to <4.5",
        "Place": "Izu Islands, Japan region",
        "TimeUTC": "2026-09-28T14:00:41Z",
        "EventTime": 1790604041104,
        "DayUTC": "2026-09-28",
        "Depth_km": 290.166,
        "Longitude": 138.8008,
        "Latitude": 31.8082,
        "ReviewStatus": "reviewed",
        "MagnitudeType": "mb",
        "USGS_URL": "https://earthquake.usgs.gov/earthquakes/eventpage/us6000ty5c",
        "Source": "USGS Earthquake Hazards Program",
        "SnapshotUTC": "2026-10-04T19:51:31Z"
      }
    },
    {
      "type": "Feature",
      "geometry": {
        "type": "Point",
        "coordinates": [
          159.5458,
          -9.5835
        ]
      },
      "properties": {
        "EventID": "us6000ty5b",
        "Magnitude": 4.9,
        "MagnitudeGroup": "4.5 to <6",
        "Place": "22 km WNW of Malango, Solomon Islands",
        "TimeUTC": "2026-09-28T13:38:40Z",
        "EventTime": 1790602720724,
        "DayUTC": "2026-09-28",
        "Depth_km": 10,
        "Longitude": 159.5458,
        "Latitude": -9.5835,
        "ReviewStatus": "reviewed",
        "MagnitudeType": "mb",
        "USGS_URL": "https://earthquake.usgs.gov/earthquakes/eventpage/us6000ty5b",
        "Source": "USGS Earthquake Hazards Program",
        "SnapshotUTC": "2026-10-04T19:51:31Z"
      }
    },
    {
      "type": "Feature",
      "geometry": {
        "type": "Point",
        "coordinates": [
          -127.4517,
          41.1377
        ]
      },
      "properties": {
        "EventID": "us6000ty59",
        "Magnitude": 3.2,
        "MagnitudeGroup": "2.5 to <4.5",
        "Place": "275 km W of Indianola, California",
        "TimeUTC": "2026-09-28T13:30:32Z",
        "EventTime": 1790602232105,
        "DayUTC": "2026-09-28",
        "Depth_km": 10,
        "Longitude": -127.4517,
        "Latitude": 41.1377,
        "ReviewStatus": "reviewed",
        "MagnitudeType": "ml",
        "USGS_URL": "https://earthquake.usgs.gov/earthquakes/eventpage/us6000ty59",
        "Source": "USGS Earthquake Hazards Program",
        "SnapshotUTC": "2026-10-04T19:51:31Z"
      }
    },
    {
      "type": "Feature",
      "geometry": {
        "type": "Point",
        "coordinates": [
          -7.1923,
          82.6385
        ]
      },
      "properties": {
        "EventID": "us6000ty57",
        "Magnitude": 5.4,
        "MagnitudeGroup": "4.5 to <6",
        "Place": "north of Svalbard",
        "TimeUTC": "2026-09-28T13:22:39Z",
        "EventTime": 1790601759769,
        "DayUTC": "2026-09-28",
        "Depth_km": 10,
        "Longitude": -7.1923,
        "Latitude": 82.6385,
        "ReviewStatus": "reviewed",
        "MagnitudeType": "mww",
        "USGS_URL": "https://earthquake.usgs.gov/earthquakes/eventpage/us6000ty57",
        "Source": "USGS Earthquake Hazards Program",
        "SnapshotUTC": "2026-10-04T19:51:31Z"
      }
    },
    {
      "type": "Feature",
      "geometry": {
        "type": "Point",
        "coordinates": [
          -148.775,
          63.758
        ]
      },
      "properties": {
        "EventID": "aka2026tfsled",
        "Magnitude": 3,
        "MagnitudeGroup": "2.5 to <4.5",
        "Place": "7 km ENE of Denali Park, Alaska",
        "TimeUTC": "2026-09-28T13:15:28Z",
        "EventTime": 1790601328123,
        "DayUTC": "2026-09-28",
        "Depth_km": 109.5,
        "Longitude": -148.775,
        "Latitude": 63.758,
        "ReviewStatus": "reviewed",
        "MagnitudeType": "ml",
        "USGS_URL": "https://earthquake.usgs.gov/earthquakes/eventpage/aka2026tfsled",
        "Source": "USGS Earthquake Hazards Program",
        "SnapshotUTC": "2026-10-04T19:51:31Z"
      }
    },
    {
      "type": "Feature",
      "geometry": {
        "type": "Point",
        "coordinates": [
          179.521,
          50.965
        ]
      },
      "properties": {
        "EventID": "aka2026tfrckv",
        "Magnitude": 2.6,
        "MagnitudeGroup": "2.5 to <4.5",
        "Place": "285 km WSW of Adak, Alaska",
        "TimeUTC": "2026-09-28T12:35:22Z",
        "EventTime": 1790598922189,
        "DayUTC": "2026-09-28",
        "Depth_km": 16.7,
        "Longitude": 179.521,
        "Latitude": 50.965,
        "ReviewStatus": "reviewed",
        "MagnitudeType": "ml",
        "USGS_URL": "https://earthquake.usgs.gov/earthquakes/eventpage/aka2026tfrckv",
        "Source": "USGS Earthquake Hazards Program",
        "SnapshotUTC": "2026-10-04T19:51:31Z"
      }
    },
    {
      "type": "Feature",
      "geometry": {
        "type": "Point",
        "coordinates": [
          -178.4971,
          -20.6932
        ]
      },
      "properties": {
        "EventID": "us6000ty4w",
        "Magnitude": 4.7,
        "MagnitudeGroup": "4.5 to <6",
        "Place": "Fiji region",
        "TimeUTC": "2026-09-28T12:14:24Z",
        "EventTime": 1790597664032,
        "DayUTC": "2026-09-28",
        "Depth_km": 573.114,
        "Longitude": -178.4971,
        "Latitude": -20.6932,
        "ReviewStatus": "reviewed",
        "MagnitudeType": "mb",
        "USGS_URL": "https://earthquake.usgs.gov/earthquakes/eventpage/us6000ty4w",
        "Source": "USGS Earthquake Hazards Program",
        "SnapshotUTC": "2026-10-04T19:51:31Z"
      }
    },
    {
      "type": "Feature",
      "geometry": {
        "type": "Point",
        "coordinates": [
          -148.093,
          62.952
        ]
      },
      "properties": {
        "EventID": "aka2026tfplzt",
        "Magnitude": 3.9,
        "MagnitudeGroup": "2.5 to <4.5",
        "Place": "65 km SE of Cantwell, Alaska",
        "TimeUTC": "2026-09-28T11:46:28Z",
        "EventTime": 1790595988611,
        "DayUTC": "2026-09-28",
        "Depth_km": 52.1,
        "Longitude": -148.093,
        "Latitude": 62.952,
        "ReviewStatus": "reviewed",
        "MagnitudeType": "ml",
        "USGS_URL": "https://earthquake.usgs.gov/earthquakes/eventpage/aka2026tfplzt",
        "Source": "USGS Earthquake Hazards Program",
        "SnapshotUTC": "2026-10-04T19:51:31Z"
      }
    },
    {
      "type": "Feature",
      "geometry": {
        "type": "Point",
        "coordinates": [
          -155.5175,
          19.1566666666667
        ]
      },
      "properties": {
        "EventID": "hv75044597",
        "Magnitude": 2.78,
        "MagnitudeGroup": "2.5 to <4.5",
        "Place": "6 km SW of P\u0101hala, Hawaii",
        "TimeUTC": "2026-09-28T11:35:25Z",
        "EventTime": 1790595325710,
        "DayUTC": "2026-09-28",
        "Depth_km": 34.58,
        "Longitude": -155.5175,
        "Latitude": 19.1566666666667,
        "ReviewStatus": "reviewed",
        "MagnitudeType": "ml",
        "USGS_URL": "https://earthquake.usgs.gov/earthquakes/eventpage/hv75044597",
        "Source": "USGS Earthquake Hazards Program",
        "SnapshotUTC": "2026-10-04T19:51:31Z"
      }
    },
    {
      "type": "Feature",
      "geometry": {
        "type": "Point",
        "coordinates": [
          -174.908,
          51.442
        ]
      },
      "properties": {
        "EventID": "aka2026tfojkt",
        "Magnitude": 3.3,
        "MagnitudeGroup": "2.5 to <4.5",
        "Place": "97 km SSW of Atka, Alaska",
        "TimeUTC": "2026-09-28T11:13:35Z",
        "EventTime": 1790594015798,
        "DayUTC": "2026-09-28",
        "Depth_km": 6.8,
        "Longitude": -174.908,
        "Latitude": 51.442,
        "ReviewStatus": "reviewed",
        "MagnitudeType": "ml",
        "USGS_URL": "https://earthquake.usgs.gov/earthquakes/eventpage/aka2026tfojkt",
        "Source": "USGS Earthquake Hazards Program",
        "SnapshotUTC": "2026-10-04T19:51:31Z"
      }
    },
    {
      "type": "Feature",
      "geometry": {
        "type": "Point",
        "coordinates": [
          -162.69,
          54.502
        ]
      },
      "properties": {
        "EventID": "aka2026tfoaya",
        "Magnitude": 3,
        "MagnitudeGroup": "2.5 to <4.5",
        "Place": "60 km SE of False Pass, Alaska",
        "TimeUTC": "2026-09-28T11:03:45Z",
        "EventTime": 1790593425276,
        "DayUTC": "2026-09-28",
        "Depth_km": 67.4,
        "Longitude": -162.69,
        "Latitude": 54.502,
        "ReviewStatus": "reviewed",
        "MagnitudeType": "ml",
        "USGS_URL": "https://earthquake.usgs.gov/earthquakes/eventpage/aka2026tfoaya",
        "Source": "USGS Earthquake Hazards Program",
        "SnapshotUTC": "2026-10-04T19:51:31Z"
      }
    },
    {
      "type": "Feature",
      "geometry": {
        "type": "Point",
        "coordinates": [
          -68.7173,
          18.4086
        ]
      },
      "properties": {
        "EventID": "pr2026271000",
        "Magnitude": 3.8,
        "MagnitudeGroup": "2.5 to <4.5",
        "Place": "5 km WSW of San Rafael del Yuma, Dominican Republic",
        "TimeUTC": "2026-09-28T10:54:05Z",
        "EventTime": 1790592845830,
        "DayUTC": "2026-09-28",
        "Depth_km": 153,
        "Longitude": -68.7173,
        "Latitude": 18.4086,
        "ReviewStatus": "reviewed",
        "MagnitudeType": "md",
        "USGS_URL": "https://earthquake.usgs.gov/earthquakes/eventpage/pr2026271000",
        "Source": "USGS Earthquake Hazards Program",
        "SnapshotUTC": "2026-10-04T19:51:31Z"
      }
    },
    {
      "type": "Feature",
      "geometry": {
        "type": "Point",
        "coordinates": [
          -65.604,
          18.7321666666667
        ]
      },
      "properties": {
        "EventID": "pr71534978",
        "Magnitude": 2.86,
        "MagnitudeGroup": "2.5 to <4.5",
        "Place": "41 km NNE of Luquillo, Puerto Rico",
        "TimeUTC": "2026-09-28T10:13:38Z",
        "EventTime": 1790590418810,
        "DayUTC": "2026-09-28",
        "Depth_km": 24.11,
        "Longitude": -65.604,
        "Latitude": 18.7321666666667,
        "ReviewStatus": "reviewed",
        "MagnitudeType": "md",
        "USGS_URL": "https://earthquake.usgs.gov/earthquakes/eventpage/pr71534978",
        "Source": "USGS Earthquake Hazards Program",
        "SnapshotUTC": "2026-10-04T19:51:31Z"
      }
    },
    {
      "type": "Feature",
      "geometry": {
        "type": "Point",
        "coordinates": [
          -177.664,
          51.17
        ]
      },
      "properties": {
        "EventID": "aka2026tfmapb",
        "Magnitude": 2.6,
        "MagnitudeGroup": "2.5 to <4.5",
        "Place": "106 km SW of Adak, Alaska",
        "TimeUTC": "2026-09-28T10:03:19Z",
        "EventTime": 1790589799995,
        "DayUTC": "2026-09-28",
        "Depth_km": 20.8,
        "Longitude": -177.664,
        "Latitude": 51.17,
        "ReviewStatus": "reviewed",
        "MagnitudeType": "ml",
        "USGS_URL": "https://earthquake.usgs.gov/earthquakes/eventpage/aka2026tfmapb",
        "Source": "USGS Earthquake Hazards Program",
        "SnapshotUTC": "2026-10-04T19:51:31Z"
      }
    },
    {
      "type": "Feature",
      "geometry": {
        "type": "Point",
        "coordinates": [
          -150.684,
          61.354
        ]
      },
      "properties": {
        "EventID": "aka2026tfkxeo",
        "Magnitude": 2.5,
        "MagnitudeGroup": "2.5 to <4.5",
        "Place": "23 km SSW of Susitna, Alaska",
        "TimeUTC": "2026-09-28T09:29:27Z",
        "EventTime": 1790587767218,
        "DayUTC": "2026-09-28",
        "Depth_km": 52.9,
        "Longitude": -150.684,
        "Latitude": 61.354,
        "ReviewStatus": "reviewed",
        "MagnitudeType": "ml",
        "USGS_URL": "https://earthquake.usgs.gov/earthquakes/eventpage/aka2026tfkxeo",
        "Source": "USGS Earthquake Hazards Program",
        "SnapshotUTC": "2026-10-04T19:51:31Z"
      }
    },
    {
      "type": "Feature",
      "geometry": {
        "type": "Point",
        "coordinates": [
          -129.6785,
          50.171
        ]
      },
      "properties": {
        "EventID": "us6000ty43",
        "Magnitude": 5.2,
        "MagnitudeGroup": "4.5 to <6",
        "Place": "190 km WSW of Port McNeill, Canada",
        "TimeUTC": "2026-09-28T09:13:39Z",
        "EventTime": 1790586819402,
        "DayUTC": "2026-09-28",
        "Depth_km": 10,
        "Longitude": -129.6785,
        "Latitude": 50.171,
        "ReviewStatus": "reviewed",
        "MagnitudeType": "mww",
        "USGS_URL": "https://earthquake.usgs.gov/earthquakes/eventpage/us6000ty43",
        "Source": "USGS Earthquake Hazards Program",
        "SnapshotUTC": "2026-10-04T19:51:31Z"
      }
    },
    {
      "type": "Feature",
      "geometry": {
        "type": "Point",
        "coordinates": [
          -126.8377,
          42.2555
        ]
      },
      "properties": {
        "EventID": "us6000ty40",
        "Magnitude": 2.7,
        "MagnitudeGroup": "2.5 to <4.5",
        "Place": "199 km W of Gold Beach, Oregon",
        "TimeUTC": "2026-09-28T08:45:20Z",
        "EventTime": 1790585120234,
        "DayUTC": "2026-09-28",
        "Depth_km": 10,
        "Longitude": -126.8377,
        "Latitude": 42.2555,
        "ReviewStatus": "reviewed",
        "MagnitudeType": "ml",
        "USGS_URL": "https://earthquake.usgs.gov/earthquakes/eventpage/us6000ty40",
        "Source": "USGS Earthquake Hazards Program",
        "SnapshotUTC": "2026-10-04T19:51:31Z"
      }
    },
    {
      "type": "Feature",
      "geometry": {
        "type": "Point",
        "coordinates": [
          -75.7141,
          3.7929
        ]
      },
      "properties": {
        "EventID": "us6000ty3z",
        "Magnitude": 4.3,
        "MagnitudeGroup": "2.5 to <4.5",
        "Place": "26 km WNW of Chaparral, Colombia",
        "TimeUTC": "2026-09-28T08:39:55Z",
        "EventTime": 1790584795313,
        "DayUTC": "2026-09-28",
        "Depth_km": 10,
        "Longitude": -75.7141,
        "Latitude": 3.7929,
        "ReviewStatus": "reviewed",
        "MagnitudeType": "mb",
        "USGS_URL": "https://earthquake.usgs.gov/earthquakes/eventpage/us6000ty3z",
        "Source": "USGS Earthquake Hazards Program",
        "SnapshotUTC": "2026-10-04T19:51:31Z"
      }
    },
    {
      "type": "Feature",
      "geometry": {
        "type": "Point",
        "coordinates": [
          126.6861,
          9.9585
        ]
      },
      "properties": {
        "EventID": "us6000ty3w",
        "Magnitude": 4.7,
        "MagnitudeGroup": "4.5 to <6",
        "Place": "65 km E of Pilar, Philippines",
        "TimeUTC": "2026-09-28T08:16:13Z",
        "EventTime": 1790583373363,
        "DayUTC": "2026-09-28",
        "Depth_km": 10,
        "Longitude": 126.6861,
        "Latitude": 9.9585,
        "ReviewStatus": "reviewed",
        "MagnitudeType": "mb",
        "USGS_URL": "https://earthquake.usgs.gov/earthquakes/eventpage/us6000ty3w",
        "Source": "USGS Earthquake Hazards Program",
        "SnapshotUTC": "2026-10-04T19:51:31Z"
      }
    },
    {
      "type": "Feature",
      "geometry": {
        "type": "Point",
        "coordinates": [
          -173.956,
          50.824
        ]
      },
      "properties": {
        "EventID": "aka2026tfijdt",
        "Magnitude": 2.7,
        "MagnitudeGroup": "2.5 to <4.5",
        "Place": "153 km S of Atka, Alaska",
        "TimeUTC": "2026-09-28T08:13:11Z",
        "EventTime": 1790583191876,
        "DayUTC": "2026-09-28",
        "Depth_km": 20,
        "Longitude": -173.956,
        "Latitude": 50.824,
        "ReviewStatus": "reviewed",
        "MagnitudeType": "ml",
        "USGS_URL": "https://earthquake.usgs.gov/earthquakes/eventpage/aka2026tfijdt",
        "Source": "USGS Earthquake Hazards Program",
        "SnapshotUTC": "2026-10-04T19:51:31Z"
      }
    },
    {
      "type": "Feature",
      "geometry": {
        "type": "Point",
        "coordinates": [
          -179.218,
          51.053
        ]
      },
      "properties": {
        "EventID": "aka2026tfhmir",
        "Magnitude": 2.7,
        "MagnitudeGroup": "2.5 to <4.5",
        "Place": "201 km WSW of Adak, Alaska",
        "TimeUTC": "2026-09-28T07:47:17Z",
        "EventTime": 1790581637931,
        "DayUTC": "2026-09-28",
        "Depth_km": 19.8,
        "Longitude": -179.218,
        "Latitude": 51.053,
        "ReviewStatus": "reviewed",
        "MagnitudeType": "ml",
        "USGS_URL": "https://earthquake.usgs.gov/earthquakes/eventpage/aka2026tfhmir",
        "Source": "USGS Earthquake Hazards Program",
        "SnapshotUTC": "2026-10-04T19:51:31Z"
      }
    },
    {
      "type": "Feature",
      "geometry": {
        "type": "Point",
        "coordinates": [
          -68.5103333333333,
          18.185
        ]
      },
      "properties": {
        "EventID": "pr71534948",
        "Magnitude": 3.37,
        "MagnitudeGroup": "2.5 to <4.5",
        "Place": "23 km SSE of Boca de Yuma, Dominican Republic",
        "TimeUTC": "2026-09-28T07:35:09Z",
        "EventTime": 1790580909620,
        "DayUTC": "2026-09-28",
        "Depth_km": 86.48,
        "Longitude": -68.5103333333333,
        "Latitude": 18.185,
        "ReviewStatus": "reviewed",
        "MagnitudeType": "md",
        "USGS_URL": "https://earthquake.usgs.gov/earthquakes/eventpage/pr71534948",
        "Source": "USGS Earthquake Hazards Program",
        "SnapshotUTC": "2026-10-04T19:51:31Z"
      }
    },
    {
      "type": "Feature",
      "geometry": {
        "type": "Point",
        "coordinates": [
          -104.3766,
          18.9102
        ]
      },
      "properties": {
        "EventID": "us6000ty3k",
        "Magnitude": 4.4,
        "MagnitudeGroup": "2.5 to <4.5",
        "Place": "20 km SW of El Colomo, Mexico",
        "TimeUTC": "2026-09-28T07:21:55Z",
        "EventTime": 1790580115131,
        "DayUTC": "2026-09-28",
        "Depth_km": 51.814,
        "Longitude": -104.3766,
        "Latitude": 18.9102,
        "ReviewStatus": "reviewed",
        "MagnitudeType": "mb",
        "USGS_URL": "https://earthquake.usgs.gov/earthquakes/eventpage/us6000ty3k",
        "Source": "USGS Earthquake Hazards Program",
        "SnapshotUTC": "2026-10-04T19:51:31Z"
      }
    },
    {
      "type": "Feature",
      "geometry": {
        "type": "Point",
        "coordinates": [
          -164.561,
          53.907
        ]
      },
      "properties": {
        "EventID": "aka2026tfglxg",
        "Magnitude": 2.6,
        "MagnitudeGroup": "2.5 to <4.5",
        "Place": "83 km ESE of Akutan, Alaska",
        "TimeUTC": "2026-09-28T07:16:27Z",
        "EventTime": 1790579787915,
        "DayUTC": "2026-09-28",
        "Depth_km": 24.3,
        "Longitude": -164.561,
        "Latitude": 53.907,
        "ReviewStatus": "reviewed",
        "MagnitudeType": "ml",
        "USGS_URL": "https://earthquake.usgs.gov/earthquakes/eventpage/aka2026tfglxg",
        "Source": "USGS Earthquake Hazards Program",
        "SnapshotUTC": "2026-10-04T19:51:31Z"
      }
    },
    {
      "type": "Feature",
      "geometry": {
        "type": "Point",
        "coordinates": [
          179.6666,
          -36.8177
        ]
      },
      "properties": {
        "EventID": "us6000ty3c",
        "Magnitude": 4.7,
        "MagnitudeGroup": "4.5 to <6",
        "Place": "149 km NE of Hicks Bay, New Zealand",
        "TimeUTC": "2026-09-28T06:37:56Z",
        "EventTime": 1790577476356,
        "DayUTC": "2026-09-28",
        "Depth_km": 10,
        "Longitude": 179.6666,
        "Latitude": -36.8177,
        "ReviewStatus": "reviewed",
        "MagnitudeType": "mb",
        "USGS_URL": "https://earthquake.usgs.gov/earthquakes/eventpage/us6000ty3c",
        "Source": "USGS Earthquake Hazards Program",
        "SnapshotUTC": "2026-10-04T19:51:31Z"
      }
    },
    {
      "type": "Feature",
      "geometry": {
        "type": "Point",
        "coordinates": [
          -164.966,
          53.464
        ]
      },
      "properties": {
        "EventID": "aka2026tfduzs",
        "Magnitude": 2.6,
        "MagnitudeGroup": "2.5 to <4.5",
        "Place": "91 km SE of Akutan, Alaska",
        "TimeUTC": "2026-09-28T05:57:06Z",
        "EventTime": 1790575026596,
        "DayUTC": "2026-09-28",
        "Depth_km": 20,
        "Longitude": -164.966,
        "Latitude": 53.464,
        "ReviewStatus": "reviewed",
        "MagnitudeType": "ml",
        "USGS_URL": "https://earthquake.usgs.gov/earthquakes/eventpage/aka2026tfduzs",
        "Source": "USGS Earthquake Hazards Program",
        "SnapshotUTC": "2026-10-04T19:51:31Z"
      }
    },
    {
      "type": "Feature",
      "geometry": {
        "type": "Point",
        "coordinates": [
          -115.2938,
          38.896
        ]
      },
      "properties": {
        "EventID": "nn00924977",
        "Magnitude": 3.3,
        "MagnitudeGroup": "2.5 to <4.5",
        "Place": "20 km W of Preston, Nevada",
        "TimeUTC": "2026-09-28T05:53:11Z",
        "EventTime": 1790574791730,
        "DayUTC": "2026-09-28",
        "Depth_km": 0,
        "Longitude": -115.2938,
        "Latitude": 38.896,
        "ReviewStatus": "reviewed",
        "MagnitudeType": "ml",
        "USGS_URL": "https://earthquake.usgs.gov/earthquakes/eventpage/nn00924977",
        "Source": "USGS Earthquake Hazards Program",
        "SnapshotUTC": "2026-10-04T19:51:31Z"
      }
    },
    {
      "type": "Feature",
      "geometry": {
        "type": "Point",
        "coordinates": [
          168.4274,
          -21.2247
        ]
      },
      "properties": {
        "EventID": "us6000ty38",
        "Magnitude": 5.2,
        "MagnitudeGroup": "4.5 to <6",
        "Place": "67 km ENE of Tadine, New Caledonia",
        "TimeUTC": "2026-09-28T05:45:29Z",
        "EventTime": 1790574329689,
        "DayUTC": "2026-09-28",
        "Depth_km": 10,
        "Longitude": 168.4274,
        "Latitude": -21.2247,
        "ReviewStatus": "reviewed",
        "MagnitudeType": "mb",
        "USGS_URL": "https://earthquake.usgs.gov/earthquakes/eventpage/us6000ty38",
        "Source": "USGS Earthquake Hazards Program",
        "SnapshotUTC": "2026-10-04T19:51:31Z"
      }
    },
    {
      "type": "Feature",
      "geometry": {
        "type": "Point",
        "coordinates": [
          168.2294,
          -21.3968
        ]
      },
      "properties": {
        "EventID": "us6000ty36",
        "Magnitude": 4.9,
        "MagnitudeGroup": "4.5 to <6",
        "Place": "39 km ENE of Tadine, New Caledonia",
        "TimeUTC": "2026-09-28T05:42:32Z",
        "EventTime": 1790574152024,
        "DayUTC": "2026-09-28",
        "Depth_km": 10,
        "Longitude": 168.2294,
        "Latitude": -21.3968,
        "ReviewStatus": "reviewed",
        "MagnitudeType": "mb",
        "USGS_URL": "https://earthquake.usgs.gov/earthquakes/eventpage/us6000ty36",
        "Source": "USGS Earthquake Hazards Program",
        "SnapshotUTC": "2026-10-04T19:51:31Z"
      }
    },
    {
      "type": "Feature",
      "geometry": {
        "type": "Point",
        "coordinates": [
          168.3953,
          -21.2372
        ]
      },
      "properties": {
        "EventID": "us6000ty3a",
        "Magnitude": 4.6,
        "MagnitudeGroup": "4.5 to <6",
        "Place": "63 km ENE of Tadine, New Caledonia",
        "TimeUTC": "2026-09-28T05:42:21Z",
        "EventTime": 1790574141379,
        "DayUTC": "2026-09-28",
        "Depth_km": 10,
        "Longitude": 168.3953,
        "Latitude": -21.2372,
        "ReviewStatus": "reviewed",
        "MagnitudeType": "mb",
        "USGS_URL": "https://earthquake.usgs.gov/earthquakes/eventpage/us6000ty3a",
        "Source": "USGS Earthquake Hazards Program",
        "SnapshotUTC": "2026-10-04T19:51:31Z"
      }
    },
    {
      "type": "Feature",
      "geometry": {
        "type": "Point",
        "coordinates": [
          -155.688,
          58.45
        ]
      },
      "properties": {
        "EventID": "aka2026tfdfhc",
        "Magnitude": 2.8,
        "MagnitudeGroup": "2.5 to <4.5",
        "Place": "62 km ESE of King Salmon, Alaska",
        "TimeUTC": "2026-09-28T05:38:53Z",
        "EventTime": 1790573933403,
        "DayUTC": "2026-09-28",
        "Depth_km": 151.8,
        "Longitude": -155.688,
        "Latitude": 58.45,
        "ReviewStatus": "reviewed",
        "MagnitudeType": "ml",
        "USGS_URL": "https://earthquake.usgs.gov/earthquakes/eventpage/aka2026tfdfhc",
        "Source": "USGS Earthquake Hazards Program",
        "SnapshotUTC": "2026-10-04T19:51:31Z"
      }
    },
    {
      "type": "Feature",
      "geometry": {
        "type": "Point",
        "coordinates": [
          168.5459,
          -21.2065
        ]
      },
      "properties": {
        "EventID": "us6000ty33",
        "Magnitude": 5.1,
        "MagnitudeGroup": "4.5 to <6",
        "Place": "78 km ENE of Tadine, New Caledonia",
        "TimeUTC": "2026-09-28T05:28:08Z",
        "EventTime": 1790573288891,
        "DayUTC": "2026-09-28",
        "Depth_km": 10,
        "Longitude": 168.5459,
        "Latitude": -21.2065,
        "ReviewStatus": "reviewed",
        "MagnitudeType": "mb",
        "USGS_URL": "https://earthquake.usgs.gov/earthquakes/eventpage/us6000ty33",
        "Source": "USGS Earthquake Hazards Program",
        "SnapshotUTC": "2026-10-04T19:51:31Z"
      }
    },
    {
      "type": "Feature",
      "geometry": {
        "type": "Point",
        "coordinates": [
          151.5708,
          49.0259
        ]
      },
      "properties": {
        "EventID": "us6000ty2w",
        "Magnitude": 4.6,
        "MagnitudeGroup": "4.5 to <6",
        "Place": "northwest of the Kuril Islands",
        "TimeUTC": "2026-09-28T04:42:56Z",
        "EventTime": 1790570576780,
        "DayUTC": "2026-09-28",
        "Depth_km": 258.706,
        "Longitude": 151.5708,
        "Latitude": 49.0259,
        "ReviewStatus": "reviewed",
        "MagnitudeType": "mb",
        "USGS_URL": "https://earthquake.usgs.gov/earthquakes/eventpage/us6000ty2w",
        "Source": "USGS Earthquake Hazards Program",
        "SnapshotUTC": "2026-10-04T19:51:31Z"
      }
    },
    {
      "type": "Feature",
      "geometry": {
        "type": "Point",
        "coordinates": [
          -25.347,
          -57.6502
        ]
      },
      "properties": {
        "EventID": "us6000ty2y",
        "Magnitude": 4.9,
        "MagnitudeGroup": "4.5 to <6",
        "Place": "South Sandwich Islands region",
        "TimeUTC": "2026-09-28T04:41:33Z",
        "EventTime": 1790570493467,
        "DayUTC": "2026-09-28",
        "Depth_km": 35,
        "Longitude": -25.347,
        "Latitude": -57.6502,
        "ReviewStatus": "reviewed",
        "MagnitudeType": "mb",
        "USGS_URL": "https://earthquake.usgs.gov/earthquakes/eventpage/us6000ty2y",
        "Source": "USGS Earthquake Hazards Program",
        "SnapshotUTC": "2026-10-04T19:51:31Z"
      }
    },
    {
      "type": "Feature",
      "geometry": {
        "type": "Point",
        "coordinates": [
          -130.2208,
          50.0527
        ]
      },
      "properties": {
        "EventID": "us6000ty2u",
        "Magnitude": 5.4,
        "MagnitudeGroup": "4.5 to <6",
        "Place": "231 km WSW of Port McNeill, Canada",
        "TimeUTC": "2026-09-28T04:41:21Z",
        "EventTime": 1790570481639,
        "DayUTC": "2026-09-28",
        "Depth_km": 10,
        "Longitude": -130.2208,
        "Latitude": 50.0527,
        "ReviewStatus": "reviewed",
        "MagnitudeType": "mww",
        "USGS_URL": "https://earthquake.usgs.gov/earthquakes/eventpage/us6000ty2u",
        "Source": "USGS Earthquake Hazards Program",
        "SnapshotUTC": "2026-10-04T19:51:31Z"
      }
    },
    {
      "type": "Feature",
      "geometry": {
        "type": "Point",
        "coordinates": [
          76.9838,
          43.2073
        ]
      },
      "properties": {
        "EventID": "us6000ty55",
        "Magnitude": 3.4,
        "MagnitudeGroup": "2.5 to <4.5",
        "Place": "7 km SE of Almaty, Kazakhstan",
        "TimeUTC": "2026-09-28T04:38:10Z",
        "EventTime": 1790570290605,
        "DayUTC": "2026-09-28",
        "Depth_km": 10,
        "Longitude": 76.9838,
        "Latitude": 43.2073,
        "ReviewStatus": "reviewed",
        "MagnitudeType": "ml",
        "USGS_URL": "https://earthquake.usgs.gov/earthquakes/eventpage/us6000ty55",
        "Source": "USGS Earthquake Hazards Program",
        "SnapshotUTC": "2026-10-04T19:51:31Z"
      }
    },
    {
      "type": "Feature",
      "geometry": {
        "type": "Point",
        "coordinates": [
          -66.2358333333333,
          18.3465
        ]
      },
      "properties": {
        "EventID": "pr71534903",
        "Magnitude": 2.59,
        "MagnitudeGroup": "2.5 to <4.5",
        "Place": "3 km SE of Galateo, Puerto Rico",
        "TimeUTC": "2026-09-28T03:55:31Z",
        "EventTime": 1790567731610,
        "DayUTC": "2026-09-28",
        "Depth_km": 66.53,
        "Longitude": -66.2358333333333,
        "Latitude": 18.3465,
        "ReviewStatus": "reviewed",
        "MagnitudeType": "md",
        "USGS_URL": "https://earthquake.usgs.gov/earthquakes/eventpage/pr71534903",
        "Source": "USGS Earthquake Hazards Program",
        "SnapshotUTC": "2026-10-04T19:51:31Z"
      }
    },
    {
      "type": "Feature",
      "geometry": {
        "type": "Point",
        "coordinates": [
          -152.143,
          60.559
        ]
      },
      "properties": {
        "EventID": "aka2026tezneu",
        "Magnitude": 2.8,
        "MagnitudeGroup": "2.5 to <4.5",
        "Place": "45 km W of Salamatof, Alaska",
        "TimeUTC": "2026-09-28T03:48:02Z",
        "EventTime": 1790567282866,
        "DayUTC": "2026-09-28",
        "Depth_km": 91.2,
        "Longitude": -152.143,
        "Latitude": 60.559,
        "ReviewStatus": "reviewed",
        "MagnitudeType": "ml",
        "USGS_URL": "https://earthquake.usgs.gov/earthquakes/eventpage/aka2026tezneu",
        "Source": "USGS Earthquake Hazards Program",
        "SnapshotUTC": "2026-10-04T19:51:31Z"
      }
    },
    {
      "type": "Feature",
      "geometry": {
        "type": "Point",
        "coordinates": [
          -25.2785,
          -57.6701
        ]
      },
      "properties": {
        "EventID": "us6000ty2e",
        "Magnitude": 5.1,
        "MagnitudeGroup": "4.5 to <6",
        "Place": "South Sandwich Islands region",
        "TimeUTC": "2026-09-28T03:43:44Z",
        "EventTime": 1790567024172,
        "DayUTC": "2026-09-28",
        "Depth_km": 35,
        "Longitude": -25.2785,
        "Latitude": -57.6701,
        "ReviewStatus": "reviewed",
        "MagnitudeType": "mb",
        "USGS_URL": "https://earthquake.usgs.gov/earthquakes/eventpage/us6000ty2e",
        "Source": "USGS Earthquake Hazards Program",
        "SnapshotUTC": "2026-10-04T19:51:31Z"
      }
    },
    {
      "type": "Feature",
      "geometry": {
        "type": "Point",
        "coordinates": [
          168.3545,
          -21.2245
        ]
      },
      "properties": {
        "EventID": "us6000ty2b",
        "Magnitude": 5.3,
        "MagnitudeGroup": "4.5 to <6",
        "Place": "60 km NE of Tadine, New Caledonia",
        "TimeUTC": "2026-09-28T03:25:06Z",
        "EventTime": 1790565906893,
        "DayUTC": "2026-09-28",
        "Depth_km": 10,
        "Longitude": 168.3545,
        "Latitude": -21.2245,
        "ReviewStatus": "reviewed",
        "MagnitudeType": "mww",
        "USGS_URL": "https://earthquake.usgs.gov/earthquakes/eventpage/us6000ty2b",
        "Source": "USGS Earthquake Hazards Program",
        "SnapshotUTC": "2026-10-04T19:51:31Z"
      }
    },
    {
      "type": "Feature",
      "geometry": {
        "type": "Point",
        "coordinates": [
          168.2188,
          -21.1166
        ]
      },
      "properties": {
        "EventID": "us6000ty3j",
        "Magnitude": 4.7,
        "MagnitudeGroup": "4.5 to <6",
        "Place": "59 km NE of Tadine, New Caledonia",
        "TimeUTC": "2026-09-28T03:15:54Z",
        "EventTime": 1790565354201,
        "DayUTC": "2026-09-28",
        "Depth_km": 10,
        "Longitude": 168.2188,
        "Latitude": -21.1166,
        "ReviewStatus": "reviewed",
        "MagnitudeType": "mb",
        "USGS_URL": "https://earthquake.usgs.gov/earthquakes/eventpage/us6000ty3j",
        "Source": "USGS Earthquake Hazards Program",
        "SnapshotUTC": "2026-10-04T19:51:31Z"
      }
    },
    {
      "type": "Feature",
      "geometry": {
        "type": "Point",
        "coordinates": [
          -129.7765,
          50.2372
        ]
      },
      "properties": {
        "EventID": "us6000ty27",
        "Magnitude": 4.9,
        "MagnitudeGroup": "4.5 to <6",
        "Place": "195 km WSW of Port McNeill, Canada",
        "TimeUTC": "2026-09-28T02:53:43Z",
        "EventTime": 1790564023974,
        "DayUTC": "2026-09-28",
        "Depth_km": 10,
        "Longitude": -129.7765,
        "Latitude": 50.2372,
        "ReviewStatus": "reviewed",
        "MagnitudeType": "mww",
        "USGS_URL": "https://earthquake.usgs.gov/earthquakes/eventpage/us6000ty27",
        "Source": "USGS Earthquake Hazards Program",
        "SnapshotUTC": "2026-10-04T19:51:31Z"
      }
    },
    {
      "type": "Feature",
      "geometry": {
        "type": "Point",
        "coordinates": [
          -104.505,
          31.717
        ]
      },
      "properties": {
        "EventID": "tx2026tbsorg",
        "Magnitude": 2.5,
        "MagnitudeGroup": "2.5 to <4.5",
        "Place": "52 km SSW of Whites City, New Mexico",
        "TimeUTC": "2026-09-28T01:15:29Z",
        "EventTime": 1790558129698,
        "DayUTC": "2026-09-28",
        "Depth_km": 5.7922,
        "Longitude": -104.505,
        "Latitude": 31.717,
        "ReviewStatus": "reviewed",
        "MagnitudeType": "ml",
        "USGS_URL": "https://earthquake.usgs.gov/earthquakes/eventpage/tx2026tbsorg",
        "Source": "USGS Earthquake Hazards Program",
        "SnapshotUTC": "2026-10-04T19:51:31Z"
      }
    },
    {
      "type": "Feature",
      "geometry": {
        "type": "Point",
        "coordinates": [
          -68.8423333333333,
          18.3016666666667
        ]
      },
      "properties": {
        "EventID": "pr71534883",
        "Magnitude": 3.43,
        "MagnitudeGroup": "2.5 to <4.5",
        "Place": "19 km SE of La Romana, Dominican Republic",
        "TimeUTC": "2026-09-28T01:05:11Z",
        "EventTime": 1790557511190,
        "DayUTC": "2026-09-28",
        "Depth_km": 156.59,
        "Longitude": -68.8423333333333,
        "Latitude": 18.3016666666667,
        "ReviewStatus": "reviewed",
        "MagnitudeType": "md",
        "USGS_URL": "https://earthquake.usgs.gov/earthquakes/eventpage/pr71534883",
        "Source": "USGS Earthquake Hazards Program",
        "SnapshotUTC": "2026-10-04T19:51:31Z"
      }
    },
    {
      "type": "Feature",
      "geometry": {
        "type": "Point",
        "coordinates": [
          -153.311,
          59.819
        ]
      },
      "properties": {
        "EventID": "aka2026teuaqx",
        "Magnitude": 3.1,
        "MagnitudeGroup": "2.5 to <4.5",
        "Place": "44 km E of Pedro Bay, Alaska",
        "TimeUTC": "2026-09-28T01:03:39Z",
        "EventTime": 1790557419347,
        "DayUTC": "2026-09-28",
        "Depth_km": 138.3,
        "Longitude": -153.311,
        "Latitude": 59.819,
        "ReviewStatus": "reviewed",
        "MagnitudeType": "ml",
        "USGS_URL": "https://earthquake.usgs.gov/earthquakes/eventpage/aka2026teuaqx",
        "Source": "USGS Earthquake Hazards Program",
        "SnapshotUTC": "2026-10-04T19:51:31Z"
      }
    },
    {
      "type": "Feature",
      "geometry": {
        "type": "Point",
        "coordinates": [
          119.503,
          15.4374
        ]
      },
      "properties": {
        "EventID": "us6000ty1l",
        "Magnitude": 4.9,
        "MagnitudeGroup": "4.5 to <6",
        "Place": "43 km W of Palauig, Philippines",
        "TimeUTC": "2026-09-28T00:54:43Z",
        "EventTime": 1790556883108,
        "DayUTC": "2026-09-28",
        "Depth_km": 10,
        "Longitude": 119.503,
        "Latitude": 15.4374,
        "ReviewStatus": "reviewed",
        "MagnitudeType": "mb",
        "USGS_URL": "https://earthquake.usgs.gov/earthquakes/eventpage/us6000ty1l",
        "Source": "USGS Earthquake Hazards Program",
        "SnapshotUTC": "2026-10-04T19:51:31Z"
      }
    },
    {
      "type": "Feature",
      "geometry": {
        "type": "Point",
        "coordinates": [
          168.6452,
          -21.4457
        ]
      },
      "properties": {
        "EventID": "us6000ty1m",
        "Magnitude": 4.8,
        "MagnitudeGroup": "4.5 to <6",
        "Place": "80 km E of Tadine, New Caledonia",
        "TimeUTC": "2026-09-28T00:47:33Z",
        "EventTime": 1790556453083,
        "DayUTC": "2026-09-28",
        "Depth_km": 10,
        "Longitude": 168.6452,
        "Latitude": -21.4457,
        "ReviewStatus": "reviewed",
        "MagnitudeType": "mb",
        "USGS_URL": "https://earthquake.usgs.gov/earthquakes/eventpage/us6000ty1m",
        "Source": "USGS Earthquake Hazards Program",
        "SnapshotUTC": "2026-10-04T19:51:31Z"
      }
    },
    {
      "type": "Feature",
      "geometry": {
        "type": "Point",
        "coordinates": [
          163.9027,
          58.7371
        ]
      },
      "properties": {
        "EventID": "us6000ty1j",
        "Magnitude": 4.5,
        "MagnitudeGroup": "4.5 to <6",
        "Place": "74 km SE of Ossora, Russia",
        "TimeUTC": "2026-09-28T00:37:59Z",
        "EventTime": 1790555879117,
        "DayUTC": "2026-09-28",
        "Depth_km": 10,
        "Longitude": 163.9027,
        "Latitude": 58.7371,
        "ReviewStatus": "reviewed",
        "MagnitudeType": "mb",
        "USGS_URL": "https://earthquake.usgs.gov/earthquakes/eventpage/us6000ty1j",
        "Source": "USGS Earthquake Hazards Program",
        "SnapshotUTC": "2026-10-04T19:51:31Z"
      }
    },
    {
      "type": "Feature",
      "geometry": {
        "type": "Point",
        "coordinates": [
          -121.518666666667,
          46.2126666666667
        ]
      },
      "properties": {
        "EventID": "uw714110692",
        "Magnitude": 2.56,
        "MagnitudeGroup": "2.5 to <4.5",
        "Place": "23 km N of Trout Lake, Washington",
        "TimeUTC": "2026-09-28T00:12:09Z",
        "EventTime": 1790554329330,
        "DayUTC": "2026-09-28",
        "Depth_km": -1.07,
        "Longitude": -121.518666666667,
        "Latitude": 46.2126666666667,
        "ReviewStatus": "reviewed",
        "MagnitudeType": "ml",
        "USGS_URL": "https://earthquake.usgs.gov/earthquakes/eventpage/uw714110692",
        "Source": "USGS Earthquake Hazards Program",
        "SnapshotUTC": "2026-10-04T19:51:31Z"
      }
    },
    {
      "type": "Feature",
      "geometry": {
        "type": "Point",
        "coordinates": [
          -177.551,
          51.5332
        ]
      },
      "properties": {
        "EventID": "us6000ty8e",
        "Magnitude": 3,
        "MagnitudeGroup": "2.5 to <4.5",
        "Place": "73 km WSW of Adak, Alaska",
        "TimeUTC": "2026-09-28T00:02:23Z",
        "EventTime": 1790553743459,
        "DayUTC": "2026-09-28",
        "Depth_km": 28.498,
        "Longitude": -177.551,
        "Latitude": 51.5332,
        "ReviewStatus": "reviewed",
        "MagnitudeType": "ml",
        "USGS_URL": "https://earthquake.usgs.gov/earthquakes/eventpage/us6000ty8e",
        "Source": "USGS Earthquake Hazards Program",
        "SnapshotUTC": "2026-10-04T19:51:31Z"
      }
    },
    {
      "type": "Feature",
      "geometry": {
        "type": "Point",
        "coordinates": [
          -179.7824,
          -21.9936
        ]
      },
      "properties": {
        "EventID": "us6000ty1a",
        "Magnitude": 4.5,
        "MagnitudeGroup": "4.5 to <6",
        "Place": "Fiji region",
        "TimeUTC": "2026-09-27T23:55:48Z",
        "EventTime": 1790553348800,
        "DayUTC": "2026-09-27",
        "Depth_km": 602.188,
        "Longitude": -179.7824,
        "Latitude": -21.9936,
        "ReviewStatus": "reviewed",
        "MagnitudeType": "mb",
        "USGS_URL": "https://earthquake.usgs.gov/earthquakes/eventpage/us6000ty1a",
        "Source": "USGS Earthquake Hazards Program",
        "SnapshotUTC": "2026-10-04T19:51:31Z"
      }
    },
    {
      "type": "Feature",
      "geometry": {
        "type": "Point",
        "coordinates": [
          -104.312,
          31.617
        ]
      },
      "properties": {
        "EventID": "tx2026tbppja",
        "Magnitude": 2.5,
        "MagnitudeGroup": "2.5 to <4.5",
        "Place": "59 km NW of Toyah, Texas",
        "TimeUTC": "2026-09-27T23:45:52Z",
        "EventTime": 1790552752397,
        "DayUTC": "2026-09-27",
        "Depth_km": 8.4583,
        "Longitude": -104.312,
        "Latitude": 31.617,
        "ReviewStatus": "reviewed",
        "MagnitudeType": "ml",
        "USGS_URL": "https://earthquake.usgs.gov/earthquakes/eventpage/tx2026tbppja",
        "Source": "USGS Earthquake Hazards Program",
        "SnapshotUTC": "2026-10-04T19:51:31Z"
      }
    },
    {
      "type": "Feature",
      "geometry": {
        "type": "Point",
        "coordinates": [
          -174.5615,
          51.5777
        ]
      },
      "properties": {
        "EventID": "us6000ty2n",
        "Magnitude": 3.5,
        "MagnitudeGroup": "2.5 to <4.5",
        "Place": "73 km SSW of Atka, Alaska",
        "TimeUTC": "2026-09-27T22:09:02Z",
        "EventTime": 1790546942880,
        "DayUTC": "2026-09-27",
        "Depth_km": 10,
        "Longitude": -174.5615,
        "Latitude": 51.5777,
        "ReviewStatus": "reviewed",
        "MagnitudeType": "ml",
        "USGS_URL": "https://earthquake.usgs.gov/earthquakes/eventpage/us6000ty2n",
        "Source": "USGS Earthquake Hazards Program",
        "SnapshotUTC": "2026-10-04T19:51:31Z"
      }
    },
    {
      "type": "Feature",
      "geometry": {
        "type": "Point",
        "coordinates": [
          -76.7753,
          4.5313
        ]
      },
      "properties": {
        "EventID": "us6000ty0u",
        "Magnitude": 4.6,
        "MagnitudeGroup": "4.5 to <6",
        "Place": "19 km SW of Sip\u00ed, Colombia",
        "TimeUTC": "2026-09-27T21:57:52Z",
        "EventTime": 1790546272827,
        "DayUTC": "2026-09-27",
        "Depth_km": 70.497,
        "Longitude": -76.7753,
        "Latitude": 4.5313,
        "ReviewStatus": "reviewed",
        "MagnitudeType": "mb",
        "USGS_URL": "https://earthquake.usgs.gov/earthquakes/eventpage/us6000ty0u",
        "Source": "USGS Earthquake Hazards Program",
        "SnapshotUTC": "2026-10-04T19:51:31Z"
      }
    },
    {
      "type": "Feature",
      "geometry": {
        "type": "Point",
        "coordinates": [
          -149.453,
          62.611
        ]
      },
      "properties": {
        "EventID": "aka2026tenrvu",
        "Magnitude": 2.6,
        "MagnitudeGroup": "2.5 to <4.5",
        "Place": "37 km ENE of Chase, Alaska",
        "TimeUTC": "2026-09-27T21:53:36Z",
        "EventTime": 1790546016911,
        "DayUTC": "2026-09-27",
        "Depth_km": 61.7,
        "Longitude": -149.453,
        "Latitude": 62.611,
        "ReviewStatus": "automatic",
        "MagnitudeType": "ml",
        "USGS_URL": "https://earthquake.usgs.gov/earthquakes/eventpage/aka2026tenrvu",
        "Source": "USGS Earthquake Hazards Program",
        "SnapshotUTC": "2026-10-04T19:51:31Z"
      }
    },
    {
      "type": "Feature",
      "geometry": {
        "type": "Point",
        "coordinates": [
          -68.9986,
          18.5869
        ]
      },
      "properties": {
        "EventID": "us6000ty0q",
        "Magnitude": 4.8,
        "MagnitudeGroup": "4.5 to <6",
        "Place": "2 km W of Guaymate, Dominican Republic",
        "TimeUTC": "2026-09-27T21:49:48Z",
        "EventTime": 1790545788024,
        "DayUTC": "2026-09-27",
        "Depth_km": 119.235,
        "Longitude": -68.9986,
        "Latitude": 18.5869,
        "ReviewStatus": "reviewed",
        "MagnitudeType": "mww",
        "USGS_URL": "https://earthquake.usgs.gov/earthquakes/eventpage/us6000ty0q",
        "Source": "USGS Earthquake Hazards Program",
        "SnapshotUTC": "2026-10-04T19:51:31Z"
      }
    },
    {
      "type": "Feature",
      "geometry": {
        "type": "Point",
        "coordinates": [
          -157.7326,
          53.511
        ]
      },
      "properties": {
        "EventID": "us6000ty2m",
        "Magnitude": 3.3,
        "MagnitudeGroup": "2.5 to <4.5",
        "Place": "271 km SE of Sand Point, Alaska",
        "TimeUTC": "2026-09-27T21:36:20Z",
        "EventTime": 1790544980167,
        "DayUTC": "2026-09-27",
        "Depth_km": 10,
        "Longitude": -157.7326,
        "Latitude": 53.511,
        "ReviewStatus": "reviewed",
        "MagnitudeType": "ml",
        "USGS_URL": "https://earthquake.usgs.gov/earthquakes/eventpage/us6000ty2m",
        "Source": "USGS Earthquake Hazards Program",
        "SnapshotUTC": "2026-10-04T19:51:31Z"
      }
    },
    {
      "type": "Feature",
      "geometry": {
        "type": "Point",
        "coordinates": [
          -150.41,
          63.139
        ]
      },
      "properties": {
        "EventID": "aka2026temmhr",
        "Magnitude": 2.6,
        "MagnitudeGroup": "2.5 to <4.5",
        "Place": "73 km NNE of Petersville, Alaska",
        "TimeUTC": "2026-09-27T21:17:13Z",
        "EventTime": 1790543833242,
        "DayUTC": "2026-09-27",
        "Depth_km": 111.7,
        "Longitude": -150.41,
        "Latitude": 63.139,
        "ReviewStatus": "automatic",
        "MagnitudeType": "ml",
        "USGS_URL": "https://earthquake.usgs.gov/earthquakes/eventpage/aka2026temmhr",
        "Source": "USGS Earthquake Hazards Program",
        "SnapshotUTC": "2026-10-04T19:51:31Z"
      }
    },
    {
      "type": "Feature",
      "geometry": {
        "type": "Point",
        "coordinates": [
          123.7756,
          -9.5995
        ]
      },
      "properties": {
        "EventID": "us6000ty0k",
        "Magnitude": 4.5,
        "MagnitudeGroup": "4.5 to <6",
        "Place": "0 km ESE of Naisano Dua, Indonesia",
        "TimeUTC": "2026-09-27T21:14:51Z",
        "EventTime": 1790543691832,
        "DayUTC": "2026-09-27",
        "Depth_km": 35,
        "Longitude": 123.7756,
        "Latitude": -9.5995,
        "ReviewStatus": "reviewed",
        "MagnitudeType": "mb",
        "USGS_URL": "https://earthquake.usgs.gov/earthquakes/eventpage/us6000ty0k",
        "Source": "USGS Earthquake Hazards Program",
        "SnapshotUTC": "2026-10-04T19:51:31Z"
      }
    },
    {
      "type": "Feature",
      "geometry": {
        "type": "Point",
        "coordinates": [
          -25.8945,
          -59.0586
        ]
      },
      "properties": {
        "EventID": "us6000ty0j",
        "Magnitude": 5,
        "MagnitudeGroup": "4.5 to <6",
        "Place": "South Sandwich Islands region",
        "TimeUTC": "2026-09-27T21:13:33Z",
        "EventTime": 1790543613366,
        "DayUTC": "2026-09-27",
        "Depth_km": 103.838,
        "Longitude": -25.8945,
        "Latitude": -59.0586,
        "ReviewStatus": "reviewed",
        "MagnitudeType": "mb",
        "USGS_URL": "https://earthquake.usgs.gov/earthquakes/eventpage/us6000ty0j",
        "Source": "USGS Earthquake Hazards Program",
        "SnapshotUTC": "2026-10-04T19:51:31Z"
      }
    },
    {
      "type": "Feature",
      "geometry": {
        "type": "Point",
        "coordinates": [
          156.778,
          48.2909
        ]
      },
      "properties": {
        "EventID": "us6000ty0g",
        "Magnitude": 4.4,
        "MagnitudeGroup": "2.5 to <4.5",
        "Place": "269 km S of Severo-Kuril\u2019sk, Russia",
        "TimeUTC": "2026-09-27T20:49:21Z",
        "EventTime": 1790542161865,
        "DayUTC": "2026-09-27",
        "Depth_km": 10,
        "Longitude": 156.778,
        "Latitude": 48.2909,
        "ReviewStatus": "reviewed",
        "MagnitudeType": "mb",
        "USGS_URL": "https://earthquake.usgs.gov/earthquakes/eventpage/us6000ty0g",
        "Source": "USGS Earthquake Hazards Program",
        "SnapshotUTC": "2026-10-04T19:51:31Z"
      }
    },
    {
      "type": "Feature",
      "geometry": {
        "type": "Point",
        "coordinates": [
          177.0077,
          -37.6646
        ]
      },
      "properties": {
        "EventID": "us6000ty0e",
        "Magnitude": 4,
        "MagnitudeGroup": "2.5 to <4.5",
        "Place": "32 km N of Whakatane, New Zealand",
        "TimeUTC": "2026-09-27T20:49:20Z",
        "EventTime": 1790542160522,
        "DayUTC": "2026-09-27",
        "Depth_km": 151.349,
        "Longitude": 177.0077,
        "Latitude": -37.6646,
        "ReviewStatus": "reviewed",
        "MagnitudeType": "mb",
        "USGS_URL": "https://earthquake.usgs.gov/earthquakes/eventpage/us6000ty0e",
        "Source": "USGS Earthquake Hazards Program",
        "SnapshotUTC": "2026-10-04T19:51:31Z"
      }
    }
  ]
}