{"type":"FeatureCollection","metadata":{"generated":1791143491000,"url":"https://earthquake.usgs.gov/earthquakes/feed/v1.0/summary/2.5_week.geojson","title":"USGS Magnitude 2.5+ Earthquakes, Past Week","status":200,"api":"2.7.0","count":325},"features":[{"type":"Feature","properties":{"mag":3.2,"place":"off the coast of Oregon","time":1791140174005,"updated":1791142713040,"tz":null,"url":"https://earthquake.usgs.gov/earthquakes/eventpage/us6000tzka","detail":"https://earthquake.usgs.gov/earthquakes/feed/v1.0/detail/us6000tzka.geojson","felt":null,"cdi":null,"mmi":null,"alert":null,"status":"reviewed","tsunami":0,"sig":158,"net":"us","code":"6000tzka","ids":",us6000tzka,","sources":",us,","types":",origin,phase-data,","nst":38,"dmin":3.71,"rms":0.52,"gap":266,"magType":"ml","type":"earthquake","title":"M 3.2 - off the coast of Oregon"},"geometry":{"type":"Point","coordinates":[-129.1453,44.2452,10]},"id":"us6000tzka"},
{"type":"Feature","properties":{"mag":4.2,"place":"21 km E of Feke, Turkey","time":1791134893722,"updated":1791137639040,"tz":null,"url":"https://earthquake.usgs.gov/earthquakes/eventpage/us6000tzjy","detail":"https://earthquake.usgs.gov/earthquakes/feed/v1.0/detail/us6000tzjy.geojson","felt":null,"cdi":null,"mmi":null,"alert":null,"status":"reviewed","tsunami":0,"sig":271,"net":"us","code":"6000tzjy","ids":",us6000tzjy,","sources":",us,","types":",moment-tensor,origin,phase-data,","nst":50,"dmin":0.251,"rms":0.87,"gap":42,"magType":"mwr","type":"earthquake","title":"M 4.2 - 21 km E of Feke, Turkey"},"geometry":{"type":"Point","coordinates":[36.1523,37.7789,11.956]},"id":"us6000tzjy"},
{"type":"Feature","properties":{"mag":4.4,"place":"13 km N of Xunchang, China","time":1791134393148,"updated":1791136746040,"tz":null,"url":"https://earthquake.usgs.gov/earthquakes/eventpage/us6000tzjw","detail":"https://earthquake.usgs.gov/earthquakes/feed/v1.0/detail/us6000tzjw.geojson","felt":null,"cdi":null,"mmi":null,"alert":null,"status":"reviewed","tsunami":0,"sig":298,"net":"us","code":"6000tzjw","ids":",us6000tzjw,","sources":",us,","types":",origin,phase-data,","nst":52,"dmin":4.503,"rms":0.76,"gap":130,"magType":"mb","type":"earthquake","title":"M 4.4 - 13 km N of Xunchang, China"},"geometry":{"type":"Point","coordinates":[104.7108,28.5785,10]},"id":"us6000tzjw"},
{"type":"Feature","properties":{"mag":2.45,"place":"27 km NNW of Pāhala, Hawaii","time":1791134100280,"updated":1791135974040,"tz":null,"url":"https://earthquake.usgs.gov/earthquakes/eventpage/hv75049762","detail":"https://earthquake.usgs.gov/earthquakes/feed/v1.0/detail/hv75049762.geojson","felt":null,"cdi":null,"mmi":null,"alert":null,"status":"automatic","tsunami":0,"sig":92,"net":"hv","code":"75049762","ids":",us6000tzju,hv75049762,","sources":",us,hv,","types":",origin,phase-data,","nst":43,"dmin":0.03806,"rms":0.389999986,"gap":43,"magType":"ml","type":"earthquake","title":"M 2.5 - 27 km NNW of Pāhala, Hawaii"},"geometry":{"type":"Point","coordinates":[-155.593994140625,19.4303340911865,40.689998626709]},"id":"hv75049762"},
{"type":"Feature","properties":{"mag":2.52,"place":"36 km ESE of Mina, Nevada","time":1791132445790,"updated":1791138920040,"tz":null,"url":"https://earthquake.usgs.gov/earthquakes/eventpage/nn00925269","detail":"https://earthquake.usgs.gov/earthquakes/feed/v1.0/detail/nn00925269.geojson","felt":null,"cdi":null,"mmi":null,"alert":null,"status":"automatic","tsunami":0,"sig":98,"net":"nn","code":"00925269","ids":",us6000tzjt,nn00925269,","sources":",us,nn,","types":",origin,phase-data,","nst":44,"dmin":0.446,"rms":0.5274,"gap":58,"magType":"ml","type":"earthquake","title":"M 2.5 - 36 km ESE of Mina, Nevada"},"geometry":{"type":"Point","coordinates":[-117.7635,38.2097,4.1361]},"id":"nn00925269"},
{"type":"Feature","properties":{"mag":3,"place":"62 km WNW of Elfin Cove, Alaska","time":1791131436607,"updated":1791136197040,"tz":null,"url":"https://earthquake.usgs.gov/earthquakes/eventpage/aka2026trbbuc","detail":"https://earthquake.usgs.gov/earthquakes/feed/v1.0/detail/aka2026trbbuc.geojson","felt":null,"cdi":null,"mmi":null,"alert":null,"status":"automatic","tsunami":0,"sig":138,"net":"ak","code":"a2026trbbuc","ids":",us6000tzjr,aka2026trbbuc,","sources":",us,ak,","types":",origin,phase-data,","nst":22,"dmin":0.8,"rms":0.7,"gap":155,"magType":"ml","type":"earthquake","title":"M 3.0 - 62 km WNW of Elfin Cove, Alaska"},"geometry":{"type":"Point","coordinates":[-137.235,58.51,5]},"id":"aka2026trbbuc"},
{"type":"Feature","properties":{"mag":4.3,"place":"20 km ESE of Feke, Turkey","time":1791129626211,"updated":1791137536040,"tz":null,"url":"https://earthquake.usgs.gov/earthquakes/eventpage/us6000tzjn","detail":"https://earthquake.usgs.gov/earthquakes/feed/v1.0/detail/us6000tzjn.geojson","felt":null,"cdi":null,"mmi":null,"alert":null,"status":"reviewed","tsunami":0,"sig":284,"net":"us","code":"6000tzjn","ids":",us6000tzjn,","sources":",us,","types":",origin,phase-data,","nst":25,"dmin":0.254,"rms":1.03,"gap":71,"magType":"mb","type":"earthquake","title":"M 4.3 - 20 km ESE of Feke, Turkey"},"geometry":{"type":"Point","coordinates":[36.1388,37.7748,10]},"id":"us6000tzjn"},
{"type":"Feature","properties":{"mag":2.5,"place":"60 km SSE of Perryville, Alaska","time":1791126210731,"updated":1791126273499,"tz":null,"url":"https://earthquake.usgs.gov/earthquakes/eventpage/aka2026tqyehr","detail":"https://earthquake.usgs.gov/earthquakes/feed/v1.0/detail/aka2026tqyehr.geojson","felt":null,"cdi":null,"mmi":null,"alert":null,"status":"automatic","tsunami":0,"sig":96,"net":"ak","code":"a2026tqyehr","ids":",aka2026tqyehr,","sources":",ak,","types":",origin,phase-data,","nst":13,"dmin":0.7,"rms":0.1,"gap":312,"magType":"ml","type":"earthquake","title":"M 2.5 - 60 km SSE of Perryville, Alaska"},"geometry":{"type":"Point","coordinates":[-158.759,55.418,27.6]},"id":"aka2026tqyehr"},
{"type":"Feature","properties":{"mag":4.2,"place":"65 km SW of Tambolaka, Indonesia","time":1791125984179,"updated":1791137023040,"tz":null,"url":"https://earthquake.usgs.gov/earthquakes/eventpage/us6000tzjg","detail":"https://earthquake.usgs.gov/earthquakes/feed/v1.0/detail/us6000tzjg.geojson","felt":null,"cdi":null,"mmi":null,"alert":null,"status":"reviewed","tsunami":0,"sig":271,"net":"us","code":"6000tzjg","ids":",us6000tzjg,","sources":",us,","types":",origin,phase-data,","nst":21,"dmin":4.914,"rms":1.02,"gap":126,"magType":"mb","type":"earthquake","title":"M 4.2 - 65 km SW of Tambolaka, Indonesia"},"geometry":{"type":"Point","coordinates":[118.8554,-9.8792,25.554]},"id":"us6000tzjg"},
{"type":"Feature","properties":{"mag":2.9,"place":"31 km SSE of Hope, New Mexico","time":1791122996506,"updated":1791128874040,"tz":null,"url":"https://earthquake.usgs.gov/earthquakes/eventpage/us6000tzj9","detail":"https://earthquake.usgs.gov/earthquakes/feed/v1.0/detail/us6000tzj9.geojson","felt":null,"cdi":null,"mmi":null,"alert":null,"status":"reviewed","tsunami":0,"sig":129,"net":"us","code":"6000tzj9","ids":",us6000tzj9,","sources":",us,","types":",origin,phase-data,","nst":28,"dmin":0.07,"rms":0.45,"gap":79,"magType":"ml","type":"earthquake","title":"M 2.9 - 31 km SSE of Hope, New Mexico"},"geometry":{"type":"Point","coordinates":[-104.6295,32.5442,5]},"id":"us6000tzj9"},
{"type":"Feature","properties":{"mag":5,"place":"295 km S of Burica, Panama","time":1791122770385,"updated":1791124122040,"tz":null,"url":"https://earthquake.usgs.gov/earthquakes/eventpage/us6000tzj8","detail":"https://earthquake.usgs.gov/earthquakes/feed/v1.0/detail/us6000tzj8.geojson","felt":null,"cdi":null,"mmi":null,"alert":null,"status":"reviewed","tsunami":0,"sig":385,"net":"us","code":"6000tzj8","ids":",us6000tzj8,","sources":",us,","types":",origin,phase-data,","nst":61,"dmin":3.903,"rms":1.44,"gap":64,"magType":"mww","type":"earthquake","title":"M 5.0 - 295 km S of Burica, Panama"},"geometry":{"type":"Point","coordinates":[-82.7171,5.3695,10]},"id":"us6000tzj8"},
{"type":"Feature","properties":{"mag":3.4,"place":"56 km W of Akhiok, Alaska","time":1791121087206,"updated":1791122203040,"tz":null,"url":"https://earthquake.usgs.gov/earthquakes/eventpage/aka2026tqvifo","detail":"https://earthquake.usgs.gov/earthquakes/feed/v1.0/detail/aka2026tqvifo.geojson","felt":null,"cdi":null,"mmi":2.177,"alert":null,"status":"automatic","tsunami":0,"sig":178,"net":"ak","code":"a2026tqvifo","ids":",us6000tzj4,aka2026tqvifo,","sources":",us,ak,","types":",origin,phase-data,shakemap,","nst":87,"dmin":0.9,"rms":0.5,"gap":189,"magType":"ml","type":"earthquake","title":"M 3.4 - 56 km W of Akhiok, Alaska"},"geometry":{"type":"Point","coordinates":[-155.084,57.033,65.3]},"id":"aka2026tqvifo"},
{"type":"Feature","properties":{"mag":2.6,"place":"18 km WNW of Clam Gulch, Alaska","time":1791120288891,"updated":1791120489542,"tz":null,"url":"https://earthquake.usgs.gov/earthquakes/eventpage/aka2026tquwqe","detail":"https://earthquake.usgs.gov/earthquakes/feed/v1.0/detail/aka2026tquwqe.geojson","felt":null,"cdi":null,"mmi":null,"alert":null,"status":"automatic","tsunami":0,"sig":104,"net":"ak","code":"a2026tquwqe","ids":",aka2026tquwqe,","sources":",ak,","types":",origin,phase-data,","nst":88,"dmin":0.4,"rms":0.7,"gap":47,"magType":"ml","type":"earthquake","title":"M 2.6 - 18 km WNW of Clam Gulch, Alaska"},"geometry":{"type":"Point","coordinates":[-151.695,60.301,70.4]},"id":"aka2026tquwqe"},
{"type":"Feature","properties":{"mag":3.4,"place":"14 km SSE of Funny River, Alaska","time":1791117990522,"updated":1791129100381,"tz":null,"url":"https://earthquake.usgs.gov/earthquakes/eventpage/aka2026tqtplt","detail":"https://earthquake.usgs.gov/earthquakes/feed/v1.0/detail/aka2026tqtplt.geojson","felt":1,"cdi":2.2,"mmi":1.988,"alert":null,"status":"automatic","tsunami":0,"sig":178,"net":"ak","code":"a2026tqtplt","ids":",aka2026tqtplt,us6000tzj0,","sources":",ak,us,","types":",dyfi,origin,phase-data,shakemap,","nst":175,"dmin":0.5,"rms":0.9,"gap":69,"magType":"ml","type":"earthquake","title":"M 3.4 - 14 km SSE of Funny River, Alaska"},"geometry":{"type":"Point","coordinates":[-150.666,60.381,68.2]},"id":"aka2026tqtplt"},
{"type":"Feature","properties":{"mag":4.6,"place":"110 km S of Dampit, Indonesia","time":1791117407744,"updated":1791119117040,"tz":null,"url":"https://earthquake.usgs.gov/earthquakes/eventpage/us6000tziz","detail":"https://earthquake.usgs.gov/earthquakes/feed/v1.0/detail/us6000tziz.geojson","felt":null,"cdi":null,"mmi":null,"alert":null,"status":"reviewed","tsunami":0,"sig":326,"net":"us","code":"6000tziz","ids":",us6000tziz,","sources":",us,","types":",origin,phase-data,","nst":39,"dmin":6.961,"rms":0.83,"gap":79,"magType":"mb","type":"earthquake","title":"M 4.6 - 110 km S of Dampit, Indonesia"},"geometry":{"type":"Point","coordinates":[112.6395,-9.2014,52.773]},"id":"us6000tziz"},
{"type":"Feature","properties":{"mag":2.7,"place":"48 km SW of Primo Tapia, B.C., MX","time":1791116295060,"updated":1791126345466,"tz":null,"url":"https://earthquake.usgs.gov/earthquakes/eventpage/ci41342975","detail":"https://earthquake.usgs.gov/earthquakes/feed/v1.0/detail/ci41342975.geojson","felt":null,"cdi":null,"mmi":null,"alert":null,"status":"reviewed","tsunami":0,"sig":112,"net":"ci","code":"41342975","ids":",ci41342975,us6000tziv,","sources":",ci,us,","types":",nearby-cities,origin,phase-data,scitech-link,","nst":9,"dmin":0.452,"rms":0.13,"gap":252,"magType":"ml","type":"earthquake","title":"M 2.7 - 48 km SW of Primo Tapia, B.C., MX"},"geometry":{"type":"Point","coordinates":[-117.2305,31.8803333333333,16.02]},"id":"ci41342975"},
{"type":"Feature","properties":{"mag":4.2,"place":"77 km ESE of Ollagüe, Chile","time":1791115673879,"updated":1791119669040,"tz":null,"url":"https://earthquake.usgs.gov/earthquakes/eventpage/us6000tzis","detail":"https://earthquake.usgs.gov/earthquakes/feed/v1.0/detail/us6000tzis.geojson","felt":null,"cdi":null,"mmi":null,"alert":null,"status":"reviewed","tsunami":0,"sig":271,"net":"us","code":"6000tzis","ids":",us6000tzis,","sources":",us,","types":",origin,phase-data,","nst":40,"dmin":1.622,"rms":0.68,"gap":86,"magType":"mb","type":"earthquake","title":"M 4.2 - 77 km ESE of Ollagüe, Chile"},"geometry":{"type":"Point","coordinates":[-67.5431,-21.4303,169.095]},"id":"us6000tzis"},
{"type":"Feature","properties":{"mag":5,"place":"21 km ESE of Feke, Turkey","time":1791114203167,"updated":1791139550468,"tz":null,"url":"https://earthquake.usgs.gov/earthquakes/eventpage/us6000tzip","detail":"https://earthquake.usgs.gov/earthquakes/feed/v1.0/detail/us6000tzip.geojson","felt":3,"cdi":4.1,"mmi":null,"alert":null,"status":"reviewed","tsunami":0,"sig":386,"net":"us","code":"6000tzip","ids":",us6000tzip,","sources":",us,","types":",dyfi,moment-tensor,origin,phase-data,","nst":121,"dmin":0.228,"rms":0.85,"gap":46,"magType":"mww","type":"earthquake","title":"M 5.0 - 21 km ESE of Feke, Turkey"},"geometry":{"type":"Point","coordinates":[36.1272,37.7292,10]},"id":"us6000tzip"},
{"type":"Feature","properties":{"mag":4.7,"place":"22 km E of Feke, Turkey","time":1791113786451,"updated":1791118593040,"tz":null,"url":"https://earthquake.usgs.gov/earthquakes/eventpage/us6000tzil","detail":"https://earthquake.usgs.gov/earthquakes/feed/v1.0/detail/us6000tzil.geojson","felt":null,"cdi":null,"mmi":null,"alert":null,"status":"reviewed","tsunami":0,"sig":340,"net":"us","code":"6000tzil","ids":",us6000tzil,","sources":",us,","types":",moment-tensor,origin,phase-data,","nst":61,"dmin":0.24,"rms":0.83,"gap":35,"magType":"mww","type":"earthquake","title":"M 4.7 - 22 km E of Feke, Turkey"},"geometry":{"type":"Point","coordinates":[36.1685,37.7757,10]},"id":"us6000tzil"},
{"type":"Feature","properties":{"mag":4.7,"place":"21 km SSE of Saimbeyli, Turkey","time":1791112766314,"updated":1791115473686,"tz":null,"url":"https://earthquake.usgs.gov/earthquakes/eventpage/us6000tzif","detail":"https://earthquake.usgs.gov/earthquakes/feed/v1.0/detail/us6000tzif.geojson","felt":0,"cdi":1,"mmi":null,"alert":null,"status":"reviewed","tsunami":0,"sig":340,"net":"us","code":"6000tzif","ids":",us6000tzif,","sources":",us,","types":",dyfi,moment-tensor,origin,phase-data,","nst":77,"dmin":0.26,"rms":0.58,"gap":45,"magType":"mww","type":"earthquake","title":"M 4.7 - 21 km SSE of Saimbeyli, Turkey"},"geometry":{"type":"Point","coordinates":[36.1749,37.8028,10]},"id":"us6000tzif"},
{"type":"Feature","properties":{"mag":5.5,"place":"Volcano Islands, Japan region","time":1791112368270,"updated":1791119883279,"tz":null,"url":"https://earthquake.usgs.gov/earthquakes/eventpage/us6000tzid","detail":"https://earthquake.usgs.gov/earthquakes/feed/v1.0/detail/us6000tzid.geojson","felt":null,"cdi":null,"mmi":0,"alert":"green","status":"reviewed","tsunami":0,"sig":465,"net":"us","code":"6000tzid","ids":",us6000tzid,","sources":",us,","types":",losspager,origin,phase-data,shakemap,","nst":101,"dmin":12.618,"rms":0.68,"gap":80,"magType":"mb","type":"earthquake","title":"M 5.5 - Volcano Islands, Japan region"},"geometry":{"type":"Point","coordinates":[144.6734,22.8286,10]},"id":"us6000tzid"},
{"type":"Feature","properties":{"mag":4.6,"place":"121 km SW of Kokopo, Papua New Guinea","time":1791112187398,"updated":1791116316040,"tz":null,"url":"https://earthquake.usgs.gov/earthquakes/eventpage/us6000tzic","detail":"https://earthquake.usgs.gov/earthquakes/feed/v1.0/detail/us6000tzic.geojson","felt":null,"cdi":null,"mmi":null,"alert":null,"status":"reviewed","tsunami":0,"sig":326,"net":"us","code":"6000tzic","ids":",us6000tzic,","sources":",us,","types":",origin,phase-data,","nst":57,"dmin":1.122,"rms":0.64,"gap":98,"magType":"mb","type":"earthquake","title":"M 4.6 - 121 km SW of Kokopo, Papua New Guinea"},"geometry":{"type":"Point","coordinates":[151.4257,-5.0439,162.143]},"id":"us6000tzic"},
{"type":"Feature","properties":{"mag":4.8,"place":"43 km N of Ruteng, Indonesia","time":1791111147344,"updated":1791112480040,"tz":null,"url":"https://earthquake.usgs.gov/earthquakes/eventpage/us6000tzi8","detail":"https://earthquake.usgs.gov/earthquakes/feed/v1.0/detail/us6000tzi8.geojson","felt":null,"cdi":null,"mmi":null,"alert":null,"status":"reviewed","tsunami":0,"sig":354,"net":"us","code":"6000tzi8","ids":",us6000tzi8,","sources":",us,","types":",origin,phase-data,","nst":35,"dmin":3.281,"rms":0.75,"gap":66,"magType":"mb","type":"earthquake","title":"M 4.8 - 43 km N of Ruteng, Indonesia"},"geometry":{"type":"Point","coordinates":[120.5325,-8.2236,10]},"id":"us6000tzi8"},
{"type":"Feature","properties":{"mag":5,"place":"37 km N of Ruteng, Indonesia","time":1791108787298,"updated":1791109868040,"tz":null,"url":"https://earthquake.usgs.gov/earthquakes/eventpage/us6000tzi5","detail":"https://earthquake.usgs.gov/earthquakes/feed/v1.0/detail/us6000tzi5.geojson","felt":null,"cdi":null,"mmi":null,"alert":null,"status":"reviewed","tsunami":0,"sig":385,"net":"us","code":"6000tzi5","ids":",us6000tzi5,","sources":",us,","types":",origin,phase-data,","nst":54,"dmin":3.308,"rms":1,"gap":69,"magType":"mb","type":"earthquake","title":"M 5.0 - 37 km N of Ruteng, Indonesia"},"geometry":{"type":"Point","coordinates":[120.4532,-8.2698,10]},"id":"us6000tzi5"},
{"type":"Feature","properties":{"mag":2.9,"place":"41 km NNE of Ambler, Alaska","time":1791105225974,"updated":1791105899210,"tz":null,"url":"https://earthquake.usgs.gov/earthquakes/eventpage/aka2026tqmmzk","detail":"https://earthquake.usgs.gov/earthquakes/feed/v1.0/detail/aka2026tqmmzk.geojson","felt":null,"cdi":null,"mmi":null,"alert":null,"status":"automatic","tsunami":0,"sig":129,"net":"ak","code":"a2026tqmmzk","ids":",aka2026tqmmzk,","sources":",ak,","types":",origin,phase-data,","nst":38,"dmin":1.3,"rms":0.8,"gap":68,"magType":"ml","type":"earthquake","title":"M 2.9 - 41 km NNE of Ambler, Alaska"},"geometry":{"type":"Point","coordinates":[-157.345,67.4,0.8]},"id":"aka2026tqmmzk"},
{"type":"Feature","properties":{"mag":3.99,"place":"3 km SW of Punta Cana, Dominican Republic","time":1791104366420,"updated":1791113895685,"tz":null,"url":"https://earthquake.usgs.gov/earthquakes/eventpage/pr2026277001","detail":"https://earthquake.usgs.gov/earthquakes/feed/v1.0/detail/pr2026277001.geojson","felt":null,"cdi":null,"mmi":null,"alert":null,"status":"reviewed","tsunami":0,"sig":245,"net":"pr","code":"2026277001","ids":",pr2026277001,","sources":",pr,","types":",origin,phase-data,","nst":28,"dmin":0.0659,"rms":0.49,"gap":136,"magType":"md","type":"earthquake","title":"M 4.0 - 3 km SW of Punta Cana, Dominican Republic"},"geometry":{"type":"Point","coordinates":[-68.4311,18.5571,141]},"id":"pr2026277001"},
{"type":"Feature","properties":{"mag":4.3,"place":"42 km WNW of Puerto Bolívar, Ecuador","time":1791104241555,"updated":1791105269040,"tz":null,"url":"https://earthquake.usgs.gov/earthquakes/eventpage/us6000tzhy","detail":"https://earthquake.usgs.gov/earthquakes/feed/v1.0/detail/us6000tzhy.geojson","felt":null,"cdi":null,"mmi":null,"alert":null,"status":"reviewed","tsunami":0,"sig":284,"net":"us","code":"6000tzhy","ids":",us6000tzhy,","sources":",us,","types":",origin,phase-data,","nst":28,"dmin":0.54,"rms":0.96,"gap":143,"magType":"mb","type":"earthquake","title":"M 4.3 - 42 km WNW of Puerto Bolívar, Ecuador"},"geometry":{"type":"Point","coordinates":[-80.326,-3.0707,42.93]},"id":"us6000tzhy"},
{"type":"Feature","properties":{"mag":3.01,"place":"68 km N of Charlotte Amalie, U.S. Virgin Islands","time":1791102024570,"updated":1791116837470,"tz":null,"url":"https://earthquake.usgs.gov/earthquakes/eventpage/pr71535688","detail":"https://earthquake.usgs.gov/earthquakes/feed/v1.0/detail/pr71535688.geojson","felt":null,"cdi":null,"mmi":null,"alert":null,"status":"reviewed","tsunami":0,"sig":139,"net":"pr","code":"71535688","ids":",pr71535688,","sources":",pr,","types":",origin,phase-data,","nst":10,"dmin":0.607,"rms":0.38,"gap":247,"magType":"md","type":"earthquake","title":"M 3.0 - 68 km N of Charlotte Amalie, U.S. Virgin Islands"},"geometry":{"type":"Point","coordinates":[-64.924,18.9618333333333,21.74]},"id":"pr71535688"},
{"type":"Feature","properties":{"mag":3.38,"place":"89 km NNE of Cruz Bay, U.S. Virgin Islands","time":1791101481000,"updated":1791104020080,"tz":null,"url":"https://earthquake.usgs.gov/earthquakes/eventpage/pr71535683","detail":"https://earthquake.usgs.gov/earthquakes/feed/v1.0/detail/pr71535683.geojson","felt":null,"cdi":null,"mmi":null,"alert":null,"status":"reviewed","tsunami":0,"sig":176,"net":"pr","code":"71535683","ids":",pr71535683,","sources":",pr,","types":",origin,phase-data,","nst":4,"dmin":0.61,"rms":0.15,"gap":306,"magType":"md","type":"earthquake","title":"M 3.4 - 89 km NNE of Cruz Bay, U.S. Virgin Islands"},"geometry":{"type":"Point","coordinates":[-64.5201666666667,19.0931666666667,9.46]},"id":"pr71535683"},
{"type":"Feature","properties":{"mag":4.6,"place":"121 km WNW of Chauk, Burma (Myanmar)","time":1791093306861,"updated":1791095004040,"tz":null,"url":"https://earthquake.usgs.gov/earthquakes/eventpage/us6000tzh0","detail":"https://earthquake.usgs.gov/earthquakes/feed/v1.0/detail/us6000tzh0.geojson","felt":null,"cdi":null,"mmi":null,"alert":null,"status":"reviewed","tsunami":0,"sig":326,"net":"us","code":"6000tzh0","ids":",us6000tzh0,","sources":",us,","types":",origin,phase-data,","nst":51,"dmin":5.49,"rms":0.67,"gap":91,"magType":"mb","type":"earthquake","title":"M 4.6 - 121 km WNW of Chauk, Burma (Myanmar)"},"geometry":{"type":"Point","coordinates":[93.7503,21.3382,58.258]},"id":"us6000tzh0"},
{"type":"Feature","properties":{"mag":2.6,"place":"9 km NE of Skwentna, Alaska","time":1791088288295,"updated":1791090888263,"tz":null,"url":"https://earthquake.usgs.gov/earthquakes/eventpage/aka2026tqdcgd","detail":"https://earthquake.usgs.gov/earthquakes/feed/v1.0/detail/aka2026tqdcgd.geojson","felt":1,"cdi":1,"mmi":null,"alert":null,"status":"automatic","tsunami":0,"sig":104,"net":"ak","code":"a2026tqdcgd","ids":",aka2026tqdcgd,","sources":",ak,","types":",dyfi,origin,phase-data,","nst":65,"dmin":0.5,"rms":0.6,"gap":42,"magType":"ml","type":"earthquake","title":"M 2.6 - 9 km NE of Skwentna, Alaska"},"geometry":{"type":"Point","coordinates":[-151.258,62.045,90.1]},"id":"aka2026tqdcgd"},
{"type":"Feature","properties":{"mag":2.51,"place":"5 km WSW of Guánica, Puerto Rico","time":1791083684990,"updated":1791088045960,"tz":null,"url":"https://earthquake.usgs.gov/earthquakes/eventpage/pr71535643","detail":"https://earthquake.usgs.gov/earthquakes/feed/v1.0/detail/pr71535643.geojson","felt":null,"cdi":null,"mmi":null,"alert":null,"status":"reviewed","tsunami":0,"sig":97,"net":"pr","code":"71535643","ids":",pr71535643,","sources":",pr,","types":",origin,phase-data,","nst":9,"dmin":0.07233,"rms":0.14,"gap":202,"magType":"md","type":"earthquake","title":"M 2.5 - 5 km WSW of Guánica, Puerto Rico"},"geometry":{"type":"Point","coordinates":[-66.9531666666667,17.9581666666667,7.6]},"id":"pr71535643"},
{"type":"Feature","properties":{"mag":3.25,"place":"64 km NNE of Cruz Bay, U.S. Virgin Islands","time":1791083456550,"updated":1791088882040,"tz":null,"url":"https://earthquake.usgs.gov/earthquakes/eventpage/pr71535638","detail":"https://earthquake.usgs.gov/earthquakes/feed/v1.0/detail/pr71535638.geojson","felt":null,"cdi":null,"mmi":null,"alert":null,"status":"reviewed","tsunami":0,"sig":162,"net":"pr","code":"71535638","ids":",us6000tzgl,pr71535638,","sources":",us,pr,","types":",origin,phase-data,","nst":15,"dmin":0.3289,"rms":0.21,"gap":271,"magType":"md","type":"earthquake","title":"M 3.3 - 64 km NNE of Cruz Bay, U.S. Virgin Islands"},"geometry":{"type":"Point","coordinates":[-64.4615,18.816,16.89]},"id":"pr71535638"},
{"type":"Feature","properties":{"mag":3.33,"place":"65 km NNE of Cruz Bay, U.S. Virgin Islands","time":1791083317010,"updated":1791085513550,"tz":null,"url":"https://earthquake.usgs.gov/earthquakes/eventpage/pr71535613","detail":"https://earthquake.usgs.gov/earthquakes/feed/v1.0/detail/pr71535613.geojson","felt":null,"cdi":null,"mmi":null,"alert":null,"status":"reviewed","tsunami":0,"sig":171,"net":"pr","code":"71535613","ids":",us6000tzgd,pr71535613,","sources":",us,pr,","types":",origin,phase-data,","nst":12,"dmin":0.3608,"rms":0.12,"gap":272,"magType":"md","type":"earthquake","title":"M 3.3 - 65 km NNE of Cruz Bay, U.S. Virgin Islands"},"geometry":{"type":"Point","coordinates":[-64.487,18.8438333333333,9.64]},"id":"pr71535613"},
{"type":"Feature","properties":{"mag":3.5,"place":"32 km N of Fishhook, Alaska","time":1791079087580,"updated":1791094694193,"tz":null,"url":"https://earthquake.usgs.gov/earthquakes/eventpage/aka2026tpxzfg","detail":"https://earthquake.usgs.gov/earthquakes/feed/v1.0/detail/aka2026tpxzfg.geojson","felt":3,"cdi":2.2,"mmi":3.055,"alert":null,"status":"reviewed","tsunami":0,"sig":189,"net":"ak","code":"a2026tpxzfg","ids":",aka2026tpxzfg,us6000tzfz,","sources":",ak,us,","types":",dyfi,origin,phase-data,shakemap,","nst":164,"dmin":0.3,"rms":1.2,"gap":30,"magType":"ml","type":"earthquake","title":"M 3.5 - 32 km N of Fishhook, Alaska"},"geometry":{"type":"Point","coordinates":[-149.233,62.032,18.7]},"id":"aka2026tpxzfg"},
{"type":"Feature","properties":{"mag":4.9,"place":"South Sandwich Islands region","time":1791078472030,"updated":1791083527040,"tz":null,"url":"https://earthquake.usgs.gov/earthquakes/eventpage/us6000tzg0","detail":"https://earthquake.usgs.gov/earthquakes/feed/v1.0/detail/us6000tzg0.geojson","felt":null,"cdi":null,"mmi":null,"alert":null,"status":"reviewed","tsunami":0,"sig":369,"net":"us","code":"6000tzg0","ids":",us6000tzg0,","sources":",us,","types":",origin,phase-data,","nst":23,"dmin":8.283,"rms":1.11,"gap":98,"magType":"mb","type":"earthquake","title":"M 4.9 - South Sandwich Islands region"},"geometry":{"type":"Point","coordinates":[-23.3522,-58.1594,10]},"id":"us6000tzg0"},
{"type":"Feature","properties":{"mag":4.9,"place":"21 km NE of Lae, Papua New Guinea","time":1791077926078,"updated":1791079052040,"tz":null,"url":"https://earthquake.usgs.gov/earthquakes/eventpage/us6000tzfv","detail":"https://earthquake.usgs.gov/earthquakes/feed/v1.0/detail/us6000tzfv.geojson","felt":null,"cdi":null,"mmi":null,"alert":null,"status":"reviewed","tsunami":0,"sig":369,"net":"us","code":"6000tzfv","ids":",us6000tzfv,","sources":",us,","types":",origin,phase-data,","nst":36,"dmin":2.795,"rms":0.79,"gap":121,"magType":"mb","type":"earthquake","title":"M 4.9 - 21 km NE of Lae, Papua New Guinea"},"geometry":{"type":"Point","coordinates":[147.1353,-6.5916,94.221]},"id":"us6000tzfv"},
{"type":"Feature","properties":{"mag":4.3,"place":"5 km SSW of Zonianá, Greece","time":1791074921995,"updated":1791097733256,"tz":null,"url":"https://earthquake.usgs.gov/earthquakes/eventpage/us6000tzfr","detail":"https://earthquake.usgs.gov/earthquakes/feed/v1.0/detail/us6000tzfr.geojson","felt":4,"cdi":3.1,"mmi":null,"alert":null,"status":"reviewed","tsunami":0,"sig":286,"net":"us","code":"6000tzfr","ids":",us6000tzfr,","sources":",us,","types":",dyfi,origin,phase-data,","nst":37,"dmin":1.948,"rms":1.01,"gap":150,"magType":"mb","type":"earthquake","title":"M 4.3 - 5 km SSW of Zonianá, Greece"},"geometry":{"type":"Point","coordinates":[24.8055,35.2454,10]},"id":"us6000tzfr"},
{"type":"Feature","properties":{"mag":5.3,"place":"81 km SSW of Banda Aceh, Indonesia","time":1791070654235,"updated":1791117359040,"tz":null,"url":"https://earthquake.usgs.gov/earthquakes/eventpage/us6000tzfg","detail":"https://earthquake.usgs.gov/earthquakes/feed/v1.0/detail/us6000tzfg.geojson","felt":null,"cdi":null,"mmi":4.244,"alert":"green","status":"reviewed","tsunami":0,"sig":432,"net":"us","code":"6000tzfg","ids":",us6000tzfg,","sources":",us,","types":",losspager,moment-tensor,origin,phase-data,shakemap,","nst":92,"dmin":5.485,"rms":0.83,"gap":65,"magType":"mww","type":"earthquake","title":"M 5.3 - 81 km SSW of Banda Aceh, Indonesia"},"geometry":{"type":"Point","coordinates":[95.1622,4.8247,56.274]},"id":"us6000tzfg"},
{"type":"Feature","properties":{"mag":4.5,"place":"293 km SSE of Tabiauan, Philippines","time":1791069275782,"updated":1791070785040,"tz":null,"url":"https://earthquake.usgs.gov/earthquakes/eventpage/us6000tzf7","detail":"https://earthquake.usgs.gov/earthquakes/feed/v1.0/detail/us6000tzf7.geojson","felt":null,"cdi":null,"mmi":null,"alert":null,"status":"reviewed","tsunami":0,"sig":312,"net":"us","code":"6000tzf7","ids":",us6000tzf7,","sources":",us,","types":",origin,phase-data,","nst":55,"dmin":4.348,"rms":0.68,"gap":77,"magType":"mb","type":"earthquake","title":"M 4.5 - 293 km SSE of Tabiauan, Philippines"},"geometry":{"type":"Point","coordinates":[122.9296,3.5895,575.042]},"id":"us6000tzf7"},
{"type":"Feature","properties":{"mag":5.9,"place":"39 km WSW of Tambolaka, Indonesia","time":1791068155358,"updated":1791120027040,"tz":null,"url":"https://earthquake.usgs.gov/earthquakes/eventpage/us6000tzer","detail":"https://earthquake.usgs.gov/earthquakes/feed/v1.0/detail/us6000tzer.geojson","felt":5,"cdi":4.5,"mmi":5.147,"alert":"green","status":"reviewed","tsunami":0,"sig":538,"net":"us","code":"6000tzer","ids":",us6000tzer,","sources":",us,","types":",dyfi,ground-failure,losspager,moment-tensor,origin,phase-data,shakemap,","nst":82,"dmin":4.6,"rms":1.29,"gap":63,"magType":"mww","type":"earthquake","title":"M 5.9 - 39 km WSW of Tambolaka, Indonesia"},"geometry":{"type":"Point","coordinates":[118.9078,-9.5672,45.951]},"id":"us6000tzer"},
{"type":"Feature","properties":{"mag":3.1,"place":"188 km SE of Perryville, Alaska","time":1791067685739,"updated":1791076001040,"tz":null,"url":"https://earthquake.usgs.gov/earthquakes/eventpage/aka2026tprqrm","detail":"https://earthquake.usgs.gov/earthquakes/feed/v1.0/detail/aka2026tprqrm.geojson","felt":null,"cdi":null,"mmi":null,"alert":null,"status":"automatic","tsunami":0,"sig":148,"net":"ak","code":"a2026tprqrm","ids":",us6000tzeq,aka2026tprqrm,","sources":",us,ak,","types":",origin,phase-data,","nst":30,"dmin":1.4,"rms":1,"gap":240,"magType":"ml","type":"earthquake","title":"M 3.1 - 188 km SE of Perryville, Alaska"},"geometry":{"type":"Point","coordinates":[-157.05,54.71,5]},"id":"aka2026tprqrm"},
{"type":"Feature","properties":{"mag":4.3,"place":"Izu Islands, Japan region","time":1791066443407,"updated":1791074842040,"tz":null,"url":"https://earthquake.usgs.gov/earthquakes/eventpage/us6000tzen","detail":"https://earthquake.usgs.gov/earthquakes/feed/v1.0/detail/us6000tzen.geojson","felt":null,"cdi":null,"mmi":null,"alert":null,"status":"reviewed","tsunami":0,"sig":284,"net":"us","code":"6000tzen","ids":",us6000tzen,","sources":",us,","types":",origin,phase-data,","nst":30,"dmin":7.962,"rms":0.71,"gap":142,"magType":"mb","type":"earthquake","title":"M 4.3 - Izu Islands, Japan region"},"geometry":{"type":"Point","coordinates":[142.8123,29.053,10]},"id":"us6000tzen"},
{"type":"Feature","properties":{"mag":3.5,"place":"66 km SE of Atka, Alaska","time":1791062725062,"updated":1791073811040,"tz":null,"url":"https://earthquake.usgs.gov/earthquakes/eventpage/us6000tzfa","detail":"https://earthquake.usgs.gov/earthquakes/feed/v1.0/detail/us6000tzfa.geojson","felt":null,"cdi":null,"mmi":2.666,"alert":null,"status":"reviewed","tsunami":0,"sig":188,"net":"us","code":"6000tzfa","ids":",aka2026tpowrn,us6000tzfa,","sources":",ak,us,","types":",origin,phase-data,shakemap,","nst":24,"dmin":0.601,"rms":1,"gap":204,"magType":"ml","type":"earthquake","title":"M 3.5 - 66 km SE of Atka, Alaska"},"geometry":{"type":"Point","coordinates":[-173.6127,51.7225,35]},"id":"us6000tzfa"},
{"type":"Feature","properties":{"mag":2.7,"place":"53 km E of Huslia, Alaska","time":1791062078922,"updated":1791064478040,"tz":null,"url":"https://earthquake.usgs.gov/earthquakes/eventpage/aka2026tponmw","detail":"https://earthquake.usgs.gov/earthquakes/feed/v1.0/detail/aka2026tponmw.geojson","felt":null,"cdi":null,"mmi":null,"alert":null,"status":"automatic","tsunami":0,"sig":112,"net":"ak","code":"a2026tponmw","ids":",us6000tzed,aka2026tponmw,","sources":",us,ak,","types":",origin,phase-data,","nst":34,"dmin":0.7,"rms":1.3,"gap":48,"magType":"ml","type":"earthquake","title":"M 2.7 - 53 km E of Huslia, Alaska"},"geometry":{"type":"Point","coordinates":[-155.258,65.778,5.2]},"id":"aka2026tponmw"},
{"type":"Feature","properties":{"mag":2.5,"place":"42 km SSE of Chignik, Alaska","time":1791061605650,"updated":1791061724925,"tz":null,"url":"https://earthquake.usgs.gov/earthquakes/eventpage/aka2026tpogqq","detail":"https://earthquake.usgs.gov/earthquakes/feed/v1.0/detail/aka2026tpogqq.geojson","felt":null,"cdi":null,"mmi":null,"alert":null,"status":"automatic","tsunami":0,"sig":96,"net":"ak","code":"a2026tpogqq","ids":",aka2026tpogqq,","sources":",ak,","types":",origin,phase-data,","nst":26,"dmin":0.4,"rms":0.6,"gap":223,"magType":"ml","type":"earthquake","title":"M 2.5 - 42 km SSE of Chignik, Alaska"},"geometry":{"type":"Point","coordinates":[-158.022,55.976,49.8]},"id":"aka2026tpogqq"},
{"type":"Feature","properties":{"mag":4.5,"place":"121 km SW of Puerto Madero, Mexico","time":1791059625577,"updated":1791060492040,"tz":null,"url":"https://earthquake.usgs.gov/earthquakes/eventpage/us6000tze6","detail":"https://earthquake.usgs.gov/earthquakes/feed/v1.0/detail/us6000tze6.geojson","felt":null,"cdi":null,"mmi":null,"alert":null,"status":"reviewed","tsunami":0,"sig":312,"net":"us","code":"6000tze6","ids":",us6000tze6,","sources":",us,","types":",origin,phase-data,","nst":50,"dmin":2.462,"rms":0.9,"gap":165,"magType":"mb","type":"earthquake","title":"M 4.5 - 121 km SW of Puerto Madero, Mexico"},"geometry":{"type":"Point","coordinates":[-93.3523,14.1052,10]},"id":"us6000tze6"},
{"type":"Feature","properties":{"mag":5.1,"place":"182 km SSE of Vilyuchinsk, Russia","time":1791057644104,"updated":1791058934040,"tz":null,"url":"https://earthquake.usgs.gov/earthquakes/eventpage/us6000tze2","detail":"https://earthquake.usgs.gov/earthquakes/feed/v1.0/detail/us6000tze2.geojson","felt":null,"cdi":null,"mmi":null,"alert":null,"status":"reviewed","tsunami":0,"sig":400,"net":"us","code":"6000tze2","ids":",us6000tze2,","sources":",us,","types":",origin,phase-data,","nst":99,"dmin":2.039,"rms":1.07,"gap":135,"magType":"mb","type":"earthquake","title":"M 5.1 - 182 km SSE of Vilyuchinsk, Russia"},"geometry":{"type":"Point","coordinates":[159.8296,51.5457,10]},"id":"us6000tze2"},
{"type":"Feature","properties":{"mag":4.4,"place":"201 km SSE of Vilyuchinsk, Russia","time":1791055856985,"updated":1791058244040,"tz":null,"url":"https://earthquake.usgs.gov/earthquakes/eventpage/us6000tzdz","detail":"https://earthquake.usgs.gov/earthquakes/feed/v1.0/detail/us6000tzdz.geojson","felt":null,"cdi":null,"mmi":null,"alert":null,"status":"reviewed","tsunami":0,"sig":298,"net":"us","code":"6000tzdz","ids":",us6000tzdz,","sources":",us,","types":",origin,phase-data,","nst":30,"dmin":2.212,"rms":1,"gap":183,"magType":"mb","type":"earthquake","title":"M 4.4 - 201 km SSE of Vilyuchinsk, Russia"},"geometry":{"type":"Point","coordinates":[159.9887,51.4038,10]},"id":"us6000tzdz"},
{"type":"Feature","properties":{"mag":4.9,"place":"72 km NE of Sittwe, Burma (Myanmar)","time":1791051166916,"updated":1791052492040,"tz":null,"url":"https://earthquake.usgs.gov/earthquakes/eventpage/us6000tzdp","detail":"https://earthquake.usgs.gov/earthquakes/feed/v1.0/detail/us6000tzdp.geojson","felt":null,"cdi":null,"mmi":null,"alert":null,"status":"reviewed","tsunami":0,"sig":369,"net":"us","code":"6000tzdp","ids":",us6000tzdp,","sources":",us,","types":",origin,phase-data,","nst":86,"dmin":1.539,"rms":0.89,"gap":59,"magType":"mb","type":"earthquake","title":"M 4.9 - 72 km NE of Sittwe, Burma (Myanmar)"},"geometry":{"type":"Point","coordinates":[93.3991,20.6061,35]},"id":"us6000tzdp"},
{"type":"Feature","properties":{"mag":4.6,"place":"76 km NNE of Lae, Papua New Guinea","time":1791048252545,"updated":1791049953040,"tz":null,"url":"https://earthquake.usgs.gov/earthquakes/eventpage/us6000tzdj","detail":"https://earthquake.usgs.gov/earthquakes/feed/v1.0/detail/us6000tzdj.geojson","felt":null,"cdi":null,"mmi":null,"alert":null,"status":"reviewed","tsunami":0,"sig":326,"net":"us","code":"6000tzdj","ids":",us6000tzdj,","sources":",us,","types":",origin,phase-data,","nst":34,"dmin":3.333,"rms":0.78,"gap":154,"magType":"mb","type":"earthquake","title":"M 4.6 - 76 km NNE of Lae, Papua New Guinea"},"geometry":{"type":"Point","coordinates":[147.1678,-6.0496,81.86]},"id":"us6000tzdj"},
{"type":"Feature","properties":{"mag":2.8,"place":"36 km NNW of Karluk, Alaska","time":1791048028442,"updated":1791049413040,"tz":null,"url":"https://earthquake.usgs.gov/earthquakes/eventpage/aka2026tpgsir","detail":"https://earthquake.usgs.gov/earthquakes/feed/v1.0/detail/aka2026tpgsir.geojson","felt":null,"cdi":null,"mmi":null,"alert":null,"status":"automatic","tsunami":0,"sig":121,"net":"ak","code":"a2026tpgsir","ids":",us6000tzdi,aka2026tpgsir,","sources":",us,ak,","types":",origin,phase-data,","nst":79,"dmin":0.3,"rms":0.7,"gap":66,"magType":"ml","type":"earthquake","title":"M 2.8 - 36 km NNW of Karluk, Alaska"},"geometry":{"type":"Point","coordinates":[-154.672,57.876,68.4]},"id":"aka2026tpgsir"},
{"type":"Feature","properties":{"mag":4.1,"place":"93 km SW of Atka, Alaska","time":1791043611093,"updated":1791069702493,"tz":null,"url":"https://earthquake.usgs.gov/earthquakes/eventpage/us6000tzda","detail":"https://earthquake.usgs.gov/earthquakes/feed/v1.0/detail/us6000tzda.geojson","felt":null,"cdi":null,"mmi":2.866,"alert":null,"status":"reviewed","tsunami":0,"sig":259,"net":"us","code":"6000tzda","ids":",aka2026tpegok,us6000tzda,","sources":",ak,us,","types":",origin,phase-data,shakemap,","nst":109,"dmin":0.621,"rms":0.67,"gap":143,"magType":"mb","type":"earthquake","title":"M 4.1 - 93 km SW of Atka, Alaska"},"geometry":{"type":"Point","coordinates":[-175.2905,51.6964,50.31]},"id":"us6000tzda"},
{"type":"Feature","properties":{"mag":3.26,"place":"66 km E of Cruz Bay, U.S. Virgin Islands","time":1791043434350,"updated":1791044619970,"tz":null,"url":"https://earthquake.usgs.gov/earthquakes/eventpage/pr71535538","detail":"https://earthquake.usgs.gov/earthquakes/feed/v1.0/detail/pr71535538.geojson","felt":null,"cdi":null,"mmi":null,"alert":null,"status":"reviewed","tsunami":0,"sig":164,"net":"pr","code":"71535538","ids":",pr71535538,","sources":",pr,","types":",origin,phase-data,","nst":8,"dmin":0.2718,"rms":0.35,"gap":314,"magType":"md","type":"earthquake","title":"M 3.3 - 66 km E of Cruz Bay, U.S. Virgin Islands"},"geometry":{"type":"Point","coordinates":[-64.1651666666667,18.3371666666667,81.22]},"id":"pr71535538"},
{"type":"Feature","properties":{"mag":3.71,"place":"40 km ENE of Samaná, Dominican Republic","time":1791039800910,"updated":1791047795040,"tz":null,"url":"https://earthquake.usgs.gov/earthquakes/eventpage/pr2026276001","detail":"https://earthquake.usgs.gov/earthquakes/feed/v1.0/detail/pr2026276001.geojson","felt":null,"cdi":null,"mmi":null,"alert":null,"status":"reviewed","tsunami":0,"sig":212,"net":"pr","code":"2026276001","ids":",us6000tzcw,pr2026276001,","sources":",us,pr,","types":",origin,phase-data,","nst":10,"dmin":0.2178,"rms":0.5,"gap":250,"magType":"md","type":"earthquake","title":"M 3.7 - 40 km ENE of Samaná, Dominican Republic"},"geometry":{"type":"Point","coordinates":[-68.9783,19.3481,41]},"id":"pr2026276001"},
{"type":"Feature","properties":{"mag":4.4,"place":"Banda Sea","time":1791038980402,"updated":1791046604040,"tz":null,"url":"https://earthquake.usgs.gov/earthquakes/eventpage/us6000tzcv","detail":"https://earthquake.usgs.gov/earthquakes/feed/v1.0/detail/us6000tzcv.geojson","felt":null,"cdi":null,"mmi":null,"alert":null,"status":"reviewed","tsunami":0,"sig":298,"net":"us","code":"6000tzcv","ids":",us6000tzcv,","sources":",us,","types":",origin,phase-data,","nst":18,"dmin":6.41,"rms":1.3,"gap":99,"magType":"mb","type":"earthquake","title":"M 4.4 - Banda Sea"},"geometry":{"type":"Point","coordinates":[130.1704,-6.4633,140.138]},"id":"us6000tzcv"},
{"type":"Feature","properties":{"mag":2.65,"place":"58 km NNW of Rachel, Nevada","time":1791035909036,"updated":1791037457770,"tz":null,"url":"https://earthquake.usgs.gov/earthquakes/eventpage/nn00925220","detail":"https://earthquake.usgs.gov/earthquakes/feed/v1.0/detail/nn00925220.geojson","felt":null,"cdi":null,"mmi":null,"alert":null,"status":"automatic","tsunami":0,"sig":108,"net":"nn","code":"00925220","ids":",uu80158431,nn00925220,","sources":",uu,nn,","types":",origin,phase-data,","nst":8,"dmin":1.162,"rms":0.4334,"gap":337,"magType":"ml","type":"earthquake","title":"M 2.7 - 58 km NNW of Rachel, Nevada"},"geometry":{"type":"Point","coordinates":[-116.0575,38.1089,0.0718]},"id":"nn00925220"},
{"type":"Feature","properties":{"mag":3.3,"place":"21 km WNW of Preston, Nevada","time":1791035892786,"updated":1791044749040,"tz":null,"url":"https://earthquake.usgs.gov/earthquakes/eventpage/us6000tzcn","detail":"https://earthquake.usgs.gov/earthquakes/feed/v1.0/detail/us6000tzcn.geojson","felt":null,"cdi":null,"mmi":null,"alert":null,"status":"reviewed","tsunami":0,"sig":168,"net":"us","code":"6000tzcn","ids":",us6000tzcn,","sources":",us,","types":",origin,phase-data,","nst":46,"dmin":0.378,"rms":0.87,"gap":46,"magType":"ml","type":"earthquake","title":"M 3.3 - 21 km WNW of Preston, Nevada"},"geometry":{"type":"Point","coordinates":[-115.3046,38.9639,5]},"id":"us6000tzcn"},
{"type":"Feature","properties":{"mag":4.5,"place":"Kermadec Islands region","time":1791035471299,"updated":1791037310040,"tz":null,"url":"https://earthquake.usgs.gov/earthquakes/eventpage/us6000tzcm","detail":"https://earthquake.usgs.gov/earthquakes/feed/v1.0/detail/us6000tzcm.geojson","felt":null,"cdi":null,"mmi":null,"alert":null,"status":"reviewed","tsunami":0,"sig":312,"net":"us","code":"6000tzcm","ids":",us6000tzcm,","sources":",us,","types":",origin,phase-data,","nst":29,"dmin":2.217,"rms":0.82,"gap":112,"magType":"mb","type":"earthquake","title":"M 4.5 - Kermadec Islands region"},"geometry":{"type":"Point","coordinates":[-179.4827,-27.4948,453.487]},"id":"us6000tzcm"},
{"type":"Feature","properties":{"mag":2.9,"place":"19 km NW of Rincón, Puerto Rico","time":1791034414930,"updated":1791036159960,"tz":null,"url":"https://earthquake.usgs.gov/earthquakes/eventpage/pr71535513","detail":"https://earthquake.usgs.gov/earthquakes/feed/v1.0/detail/pr71535513.geojson","felt":null,"cdi":null,"mmi":null,"alert":null,"status":"reviewed","tsunami":0,"sig":129,"net":"pr","code":"71535513","ids":",pr71535513,","sources":",pr,","types":",origin,phase-data,","nst":17,"dmin":0.1742,"rms":0.43,"gap":298,"magType":"md","type":"earthquake","title":"M 2.9 - 19 km NW of Rincón, Puerto Rico"},"geometry":{"type":"Point","coordinates":[-67.386,18.4551666666667,7.43]},"id":"pr71535513"},
{"type":"Feature","properties":{"mag":4.4,"place":"116 km NNE of Finschhafen, Papua New Guinea","time":1791025545564,"updated":1791026507040,"tz":null,"url":"https://earthquake.usgs.gov/earthquakes/eventpage/us6000tzc5","detail":"https://earthquake.usgs.gov/earthquakes/feed/v1.0/detail/us6000tzc5.geojson","felt":null,"cdi":null,"mmi":null,"alert":null,"status":"reviewed","tsunami":0,"sig":298,"net":"us","code":"6000tzc5","ids":",us6000tzc5,","sources":",us,","types":",origin,phase-data,","nst":26,"dmin":3.693,"rms":0.58,"gap":109,"magType":"mb","type":"earthquake","title":"M 4.4 - 116 km NNE of Finschhafen, Papua New Guinea"},"geometry":{"type":"Point","coordinates":[148.3446,-5.6287,232.07]},"id":"us6000tzc5"},
{"type":"Feature","properties":{"mag":3.85,"place":"19 km NW of Rincón, Puerto Rico","time":1791023738360,"updated":1791054538792,"tz":null,"url":"https://earthquake.usgs.gov/earthquakes/eventpage/pr2026276000","detail":"https://earthquake.usgs.gov/earthquakes/feed/v1.0/detail/pr2026276000.geojson","felt":11,"cdi":3.1,"mmi":null,"alert":null,"status":"reviewed","tsunami":0,"sig":231,"net":"pr","code":"2026276000","ids":",us6000tzc3,pr2026276000,","sources":",us,pr,","types":",dyfi,origin,phase-data,","nst":25,"dmin":0.2874,"rms":0.29,"gap":170,"magType":"md","type":"earthquake","title":"M 3.9 - 19 km NW of Rincón, Puerto Rico"},"geometry":{"type":"Point","coordinates":[-67.3978,18.4461,6]},"id":"pr2026276000"},
{"type":"Feature","properties":{"mag":3.2,"place":"130 km E of Chignik, Alaska","time":1791021887331,"updated":1791029958040,"tz":null,"url":"https://earthquake.usgs.gov/earthquakes/eventpage/aka2026toserr","detail":"https://earthquake.usgs.gov/earthquakes/feed/v1.0/detail/aka2026toserr.geojson","felt":null,"cdi":null,"mmi":null,"alert":null,"status":"automatic","tsunami":0,"sig":158,"net":"ak","code":"a2026toserr","ids":",us6000tzbv,aka2026toserr,","sources":",us,ak,","types":",origin,phase-data,","nst":72,"dmin":0.6,"rms":0.7,"gap":111,"magType":"ml","type":"earthquake","title":"M 3.2 - 130 km E of Chignik, Alaska"},"geometry":{"type":"Point","coordinates":[-156.29,56.299,63.9]},"id":"aka2026toserr"},
{"type":"Feature","properties":{"mag":4.2,"place":"189 km SE of Petropavlovsk-Kamchatsky, Russia","time":1791021777391,"updated":1791022815040,"tz":null,"url":"https://earthquake.usgs.gov/earthquakes/eventpage/us6000tzbz","detail":"https://earthquake.usgs.gov/earthquakes/feed/v1.0/detail/us6000tzbz.geojson","felt":null,"cdi":null,"mmi":null,"alert":null,"status":"reviewed","tsunami":0,"sig":271,"net":"us","code":"6000tzbz","ids":",us6000tzbz,","sources":",us,","types":",origin,phase-data,","nst":19,"dmin":2.181,"rms":0.98,"gap":166,"magType":"mb","type":"earthquake","title":"M 4.2 - 189 km SE of Petropavlovsk-Kamchatsky, Russia"},"geometry":{"type":"Point","coordinates":[160.6848,51.9144,10]},"id":"us6000tzbz"},
{"type":"Feature","properties":{"mag":4.4,"place":"79 km WSW of Masachapa, Nicaragua","time":1791020250841,"updated":1791029719040,"tz":null,"url":"https://earthquake.usgs.gov/earthquakes/eventpage/us6000tzbr","detail":"https://earthquake.usgs.gov/earthquakes/feed/v1.0/detail/us6000tzbr.geojson","felt":null,"cdi":null,"mmi":null,"alert":null,"status":"reviewed","tsunami":0,"sig":298,"net":"us","code":"6000tzbr","ids":",us6000tzbr,","sources":",us,","types":",origin,phase-data,","nst":28,"dmin":1.958,"rms":1.12,"gap":190,"magType":"mb","type":"earthquake","title":"M 4.4 - 79 km WSW of Masachapa, Nicaragua"},"geometry":{"type":"Point","coordinates":[-87.2,11.5447,37.535]},"id":"us6000tzbr"},
{"type":"Feature","properties":{"mag":2.99,"place":"79 km NNW of Charlotte Amalie, U.S. Virgin Islands","time":1791019124600,"updated":1791022864340,"tz":null,"url":"https://earthquake.usgs.gov/earthquakes/eventpage/pr71535478","detail":"https://earthquake.usgs.gov/earthquakes/feed/v1.0/detail/pr71535478.geojson","felt":null,"cdi":null,"mmi":null,"alert":null,"status":"reviewed","tsunami":0,"sig":138,"net":"pr","code":"71535478","ids":",pr71535478,","sources":",pr,","types":",origin,phase-data,","nst":14,"dmin":0.6991,"rms":0.4,"gap":239,"magType":"md","type":"earthquake","title":"M 3.0 - 79 km NNW of Charlotte Amalie, U.S. Virgin Islands"},"geometry":{"type":"Point","coordinates":[-65.1896666666667,19.0191666666667,21.19]},"id":"pr71535478"},
{"type":"Feature","properties":{"mag":3,"place":"256 km SE of Chiniak, Alaska","time":1791011542596,"updated":1791012567040,"tz":null,"url":"https://earthquake.usgs.gov/earthquakes/eventpage/us6000tzbe","detail":"https://earthquake.usgs.gov/earthquakes/feed/v1.0/detail/us6000tzbe.geojson","felt":null,"cdi":null,"mmi":null,"alert":null,"status":"reviewed","tsunami":0,"sig":138,"net":"us","code":"6000tzbe","ids":",us6000tzbe,","sources":",us,","types":",origin,phase-data,","nst":24,"dmin":2.541,"rms":0.49,"gap":242,"magType":"ml","type":"earthquake","title":"M 3.0 - 256 km SE of Chiniak, Alaska"},"geometry":{"type":"Point","coordinates":[-149.2204,56.0389,10]},"id":"us6000tzbe"},
{"type":"Feature","properties":{"mag":2.91,"place":"10 km WSW of South Lake Tahoe, CA","time":1791010724070,"updated":1791096534545,"tz":null,"url":"https://earthquake.usgs.gov/earthquakes/eventpage/nc75443306","detail":"https://earthquake.usgs.gov/earthquakes/feed/v1.0/detail/nc75443306.geojson","felt":86,"cdi":3.8,"mmi":null,"alert":null,"status":"automatic","tsunami":0,"sig":163,"net":"nc","code":"75443306","ids":",nc75443306,nn00925214,us6000tzba,","sources":",nc,nn,us,","types":",dyfi,focal-mechanism,nearby-cities,origin,phase-data,scitech-link,","nst":23,"dmin":0.0837,"rms":0.08,"gap":48,"magType":"md","type":"earthquake","title":"M 2.9 - 10 km WSW of South Lake Tahoe, CA"},"geometry":{"type":"Point","coordinates":[-120.082664489746,38.8911666870117,7.05000019073486]},"id":"nc75443306"},
{"type":"Feature","properties":{"mag":4.8,"place":"112 km S of Koshima, Japan","time":1791007521157,"updated":1791008752040,"tz":null,"url":"https://earthquake.usgs.gov/earthquakes/eventpage/us6000tzb5","detail":"https://earthquake.usgs.gov/earthquakes/feed/v1.0/detail/us6000tzb5.geojson","felt":null,"cdi":null,"mmi":null,"alert":null,"status":"reviewed","tsunami":0,"sig":354,"net":"us","code":"6000tzb5","ids":",us6000tzb5,","sources":",us,","types":",origin,phase-data,","nst":70,"dmin":2.285,"rms":0.82,"gap":101,"magType":"mb","type":"earthquake","title":"M 4.8 - 112 km S of Koshima, Japan"},"geometry":{"type":"Point","coordinates":[130.6125,29.221,37.466]},"id":"us6000tzb5"},
{"type":"Feature","properties":{"mag":3.41,"place":"2 km NW of Corozal, Puerto Rico","time":1791005928420,"updated":1791008732840,"tz":null,"url":"https://earthquake.usgs.gov/earthquakes/eventpage/pr71535448","detail":"https://earthquake.usgs.gov/earthquakes/feed/v1.0/detail/pr71535448.geojson","felt":null,"cdi":null,"mmi":null,"alert":null,"status":"reviewed","tsunami":0,"sig":179,"net":"pr","code":"71535448","ids":",pr71535448,","sources":",pr,","types":",origin,phase-data,","nst":21,"dmin":0.04907,"rms":0.29,"gap":168,"magType":"md","type":"earthquake","title":"M 3.4 - 2 km NW of Corozal, Puerto Rico"},"geometry":{"type":"Point","coordinates":[-66.3335,18.3593333333333,110.82]},"id":"pr71535448"},
{"type":"Feature","properties":{"mag":2.5,"place":"103 km SE of Ugashik, Alaska","time":1791005375339,"updated":1791005478883,"tz":null,"url":"https://earthquake.usgs.gov/earthquakes/eventpage/aka2026tojacd","detail":"https://earthquake.usgs.gov/earthquakes/feed/v1.0/detail/aka2026tojacd.geojson","felt":null,"cdi":null,"mmi":null,"alert":null,"status":"automatic","tsunami":0,"sig":96,"net":"ak","code":"a2026tojacd","ids":",aka2026tojacd,","sources":",ak,","types":",origin,phase-data,","nst":31,"dmin":0.9,"rms":0.6,"gap":185,"magType":"ml","type":"earthquake","title":"M 2.5 - 103 km SE of Ugashik, Alaska"},"geometry":{"type":"Point","coordinates":[-156.407,56.759,5]},"id":"aka2026tojacd"},
{"type":"Feature","properties":{"mag":4.2,"place":"16 km ENE of Parbhani, India","time":1791000811661,"updated":1791137572019,"tz":null,"url":"https://earthquake.usgs.gov/earthquakes/eventpage/us6000tzax","detail":"https://earthquake.usgs.gov/earthquakes/feed/v1.0/detail/us6000tzax.geojson","felt":3,"cdi":3.4,"mmi":null,"alert":null,"status":"reviewed","tsunami":0,"sig":272,"net":"us","code":"6000tzax","ids":",us6000tzax,","sources":",us,","types":",dyfi,origin,phase-data,","nst":26,"dmin":12.513,"rms":0.82,"gap":119,"magType":"mb","type":"earthquake","title":"M 4.2 - 16 km ENE of Parbhani, India"},"geometry":{"type":"Point","coordinates":[76.922,19.3072,16.033]},"id":"us6000tzax"},
{"type":"Feature","properties":{"mag":5,"place":"163 km SE of Petropavlovsk-Kamchatsky, Russia","time":1790996346296,"updated":1790997259040,"tz":null,"url":"https://earthquake.usgs.gov/earthquakes/eventpage/us6000tzal","detail":"https://earthquake.usgs.gov/earthquakes/feed/v1.0/detail/us6000tzal.geojson","felt":null,"cdi":null,"mmi":null,"alert":null,"status":"reviewed","tsunami":0,"sig":385,"net":"us","code":"6000tzal","ids":",us6000tzal,","sources":",us,","types":",origin,phase-data,","nst":64,"dmin":1.952,"rms":0.88,"gap":135,"magType":"mb","type":"earthquake","title":"M 5.0 - 163 km SE of Petropavlovsk-Kamchatsky, Russia"},"geometry":{"type":"Point","coordinates":[160.4217,52.0836,10]},"id":"us6000tzal"},
{"type":"Feature","properties":{"mag":4.1,"place":"34 km S of Adak, Alaska","time":1790989392099,"updated":1790997974179,"tz":null,"url":"https://earthquake.usgs.gov/earthquakes/eventpage/us6000tza4","detail":"https://earthquake.usgs.gov/earthquakes/feed/v1.0/detail/us6000tza4.geojson","felt":null,"cdi":null,"mmi":3.676,"alert":null,"status":"reviewed","tsunami":0,"sig":259,"net":"us","code":"6000tza4","ids":",aka2026toadbl,us6000tza4,","sources":",ak,us,","types":",origin,phase-data,shakemap,","nst":33,"dmin":0.314,"rms":0.82,"gap":182,"magType":"mb","type":"earthquake","title":"M 4.1 - 34 km S of Adak, Alaska"},"geometry":{"type":"Point","coordinates":[-176.6858,51.5689,49.148]},"id":"us6000tza4"},
{"type":"Feature","properties":{"mag":4.4,"place":"15 km WSW of Yelizovo, Russia","time":1790986861071,"updated":1790993285040,"tz":null,"url":"https://earthquake.usgs.gov/earthquakes/eventpage/us6000tz9z","detail":"https://earthquake.usgs.gov/earthquakes/feed/v1.0/detail/us6000tz9z.geojson","felt":null,"cdi":null,"mmi":null,"alert":null,"status":"reviewed","tsunami":0,"sig":298,"net":"us","code":"6000tz9z","ids":",us6000tz9z,","sources":",us,","types":",origin,phase-data,","nst":25,"dmin":0.277,"rms":0.9,"gap":143,"magType":"mb","type":"earthquake","title":"M 4.4 - 15 km WSW of Yelizovo, Russia"},"geometry":{"type":"Point","coordinates":[158.1531,53.1493,98.544]},"id":"us6000tz9z"},
{"type":"Feature","properties":{"mag":4.5,"place":"7 km NNW of Ibusuki, Japan","time":1790986298239,"updated":1791010398579,"tz":null,"url":"https://earthquake.usgs.gov/earthquakes/eventpage/us6000tz9w","detail":"https://earthquake.usgs.gov/earthquakes/feed/v1.0/detail/us6000tz9w.geojson","felt":1,"cdi":2,"mmi":null,"alert":null,"status":"reviewed","tsunami":0,"sig":312,"net":"us","code":"6000tz9w","ids":",us6000tz9w,","sources":",us,","types":",dyfi,origin,phase-data,","nst":58,"dmin":0.252,"rms":0.98,"gap":122,"magType":"mb","type":"earthquake","title":"M 4.5 - 7 km NNW of Ibusuki, Japan"},"geometry":{"type":"Point","coordinates":[130.6093,31.2953,126.853]},"id":"us6000tz9w"},
{"type":"Feature","properties":{"mag":4.8,"place":"121 km SSE of Vilyuchinsk, Russia","time":1790985698784,"updated":1790990350040,"tz":null,"url":"https://earthquake.usgs.gov/earthquakes/eventpage/us6000tz9v","detail":"https://earthquake.usgs.gov/earthquakes/feed/v1.0/detail/us6000tz9v.geojson","felt":null,"cdi":null,"mmi":null,"alert":null,"status":"reviewed","tsunami":0,"sig":354,"net":"us","code":"6000tz9v","ids":",us6000tz9v,","sources":",us,","types":",origin,phase-data,","nst":59,"dmin":13.625,"rms":0.84,"gap":122,"magType":"mb","type":"earthquake","title":"M 4.8 - 121 km SSE of Vilyuchinsk, Russia"},"geometry":{"type":"Point","coordinates":[159.2731,51.9749,38.69]},"id":"us6000tz9v"},
{"type":"Feature","properties":{"mag":4.6,"place":"174 km SSE of Vilyuchinsk, Russia","time":1790985566824,"updated":1790989234040,"tz":null,"url":"https://earthquake.usgs.gov/earthquakes/eventpage/us6000tz9t","detail":"https://earthquake.usgs.gov/earthquakes/feed/v1.0/detail/us6000tz9t.geojson","felt":null,"cdi":null,"mmi":null,"alert":null,"status":"reviewed","tsunami":0,"sig":326,"net":"us","code":"6000tz9t","ids":",us6000tz9t,","sources":",us,","types":",origin,phase-data,","nst":62,"dmin":1.965,"rms":0.78,"gap":167,"magType":"mb","type":"earthquake","title":"M 4.6 - 174 km SSE of Vilyuchinsk, Russia"},"geometry":{"type":"Point","coordinates":[159.7182,51.5846,10]},"id":"us6000tz9t"},
{"type":"Feature","properties":{"mag":4.7,"place":"153 km SSE of Vilyuchinsk, Russia","time":1790985253503,"updated":1790988526040,"tz":null,"url":"https://earthquake.usgs.gov/earthquakes/eventpage/us6000tz9s","detail":"https://earthquake.usgs.gov/earthquakes/feed/v1.0/detail/us6000tz9s.geojson","felt":null,"cdi":null,"mmi":null,"alert":null,"status":"reviewed","tsunami":0,"sig":340,"net":"us","code":"6000tz9s","ids":",us6000tz9s,","sources":",us,","types":",origin,phase-data,","nst":61,"dmin":1.766,"rms":0.81,"gap":160,"magType":"mb","type":"earthquake","title":"M 4.7 - 153 km SSE of Vilyuchinsk, Russia"},"geometry":{"type":"Point","coordinates":[159.4679,51.7161,35]},"id":"us6000tz9s"},
{"type":"Feature","properties":{"mag":4.6,"place":"southern East Pacific Rise","time":1790980733650,"updated":1791116211040,"tz":null,"url":"https://earthquake.usgs.gov/earthquakes/eventpage/us6000tzit","detail":"https://earthquake.usgs.gov/earthquakes/feed/v1.0/detail/us6000tzit.geojson","felt":null,"cdi":null,"mmi":null,"alert":null,"status":"reviewed","tsunami":0,"sig":326,"net":"us","code":"6000tzit","ids":",us6000tzit,","sources":",us,","types":",origin,phase-data,","nst":20,"dmin":33.419,"rms":0.58,"gap":168,"magType":"mb","type":"earthquake","title":"M 4.6 - southern East Pacific Rise"},"geometry":{"type":"Point","coordinates":[-116.9235,-49.3851,10]},"id":"us6000tzit"},
{"type":"Feature","properties":{"mag":4.4,"place":"52 km WSW of Paratunka, Russia","time":1790975106532,"updated":1790977606040,"tz":null,"url":"https://earthquake.usgs.gov/earthquakes/eventpage/us6000tz8q","detail":"https://earthquake.usgs.gov/earthquakes/feed/v1.0/detail/us6000tz8q.geojson","felt":null,"cdi":null,"mmi":null,"alert":null,"status":"reviewed","tsunami":0,"sig":298,"net":"us","code":"6000tz8q","ids":",us6000tz8q,","sources":",us,","types":",origin,phase-data,","nst":29,"dmin":0.385,"rms":0.9,"gap":138,"magType":"mb","type":"earthquake","title":"M 4.4 - 52 km WSW of Paratunka, Russia"},"geometry":{"type":"Point","coordinates":[157.5867,52.7302,93.182]},"id":"us6000tz8q"},
{"type":"Feature","properties":{"mag":5,"place":"171 km SE of Vilyuchinsk, Russia","time":1790974455391,"updated":1790975850040,"tz":null,"url":"https://earthquake.usgs.gov/earthquakes/eventpage/us6000tz8l","detail":"https://earthquake.usgs.gov/earthquakes/feed/v1.0/detail/us6000tz8l.geojson","felt":null,"cdi":null,"mmi":null,"alert":null,"status":"reviewed","tsunami":0,"sig":385,"net":"us","code":"6000tz8l","ids":",us6000tz8l,","sources":",us,","types":",origin,phase-data,","nst":105,"dmin":1.953,"rms":1.31,"gap":88,"magType":"mb","type":"earthquake","title":"M 5.0 - 171 km SE of Vilyuchinsk, Russia"},"geometry":{"type":"Point","coordinates":[159.8843,51.6886,30.93]},"id":"us6000tz8l"},
{"type":"Feature","properties":{"mag":4.7,"place":"52 km SSW of Vilyuchinsk, Russia","time":1790973501109,"updated":1791043327040,"tz":null,"url":"https://earthquake.usgs.gov/earthquakes/eventpage/us6000tzd5","detail":"https://earthquake.usgs.gov/earthquakes/feed/v1.0/detail/us6000tzd5.geojson","felt":null,"cdi":null,"mmi":null,"alert":null,"status":"reviewed","tsunami":0,"sig":340,"net":"us","code":"6000tzd5","ids":",us6000tzd5,","sources":",us,","types":",origin,phase-data,","nst":59,"dmin":0.614,"rms":0.58,"gap":141,"magType":"mb","type":"earthquake","title":"M 4.7 - 52 km SSW of Vilyuchinsk, Russia"},"geometry":{"type":"Point","coordinates":[158.2168,52.4691,89.108]},"id":"us6000tzd5"},
{"type":"Feature","properties":{"mag":4.6,"place":"46 km SSW of Paratunka, Russia","time":1790973468318,"updated":1791043156040,"tz":null,"url":"https://earthquake.usgs.gov/earthquakes/eventpage/us6000tz8g","detail":"https://earthquake.usgs.gov/earthquakes/feed/v1.0/detail/us6000tz8g.geojson","felt":null,"cdi":null,"mmi":null,"alert":null,"status":"reviewed","tsunami":0,"sig":326,"net":"us","code":"6000tz8g","ids":",us6000tz8g,","sources":",us,","types":",origin,phase-data,","nst":64,"dmin":0.589,"rms":0.64,"gap":95,"magType":"mb","type":"earthquake","title":"M 4.6 - 46 km SSW of Paratunka, Russia"},"geometry":{"type":"Point","coordinates":[158.0496,52.5605,74.647]},"id":"us6000tz8g"},
{"type":"Feature","properties":{"mag":4.5,"place":"86 km E of Noda, Japan","time":1790973296862,"updated":1791036300040,"tz":null,"url":"https://earthquake.usgs.gov/earthquakes/eventpage/us6000tz8f","detail":"https://earthquake.usgs.gov/earthquakes/feed/v1.0/detail/us6000tz8f.geojson","felt":null,"cdi":null,"mmi":null,"alert":null,"status":"reviewed","tsunami":0,"sig":312,"net":"us","code":"6000tz8f","ids":",us6000tz8f,","sources":",us,","types":",origin,phase-data,","nst":66,"dmin":1.54,"rms":0.82,"gap":80,"magType":"mb","type":"earthquake","title":"M 4.5 - 86 km E of Noda, Japan"},"geometry":{"type":"Point","coordinates":[142.8232,40.0341,49.952]},"id":"us6000tz8f"},
{"type":"Feature","properties":{"mag":5.1,"place":"199 km SSE of Vilyuchinsk, Russia","time":1790972847120,"updated":1790979275040,"tz":null,"url":"https://earthquake.usgs.gov/earthquakes/eventpage/us6000tz8c","detail":"https://earthquake.usgs.gov/earthquakes/feed/v1.0/detail/us6000tz8c.geojson","felt":null,"cdi":null,"mmi":null,"alert":null,"status":"reviewed","tsunami":0,"sig":400,"net":"us","code":"6000tz8c","ids":",us6000tz8c,","sources":",us,","types":",origin,phase-data,","nst":39,"dmin":2.165,"rms":0.57,"gap":203,"magType":"mb","type":"earthquake","title":"M 5.1 - 199 km SSE of Vilyuchinsk, Russia"},"geometry":{"type":"Point","coordinates":[159.665,51.3149,10]},"id":"us6000tz8c"},
{"type":"Feature","properties":{"mag":4.6,"place":"67 km ESE of Kokopo, Papua New Guinea","time":1790972762878,"updated":1790976710040,"tz":null,"url":"https://earthquake.usgs.gov/earthquakes/eventpage/us6000tz8b","detail":"https://earthquake.usgs.gov/earthquakes/feed/v1.0/detail/us6000tz8b.geojson","felt":null,"cdi":null,"mmi":null,"alert":null,"status":"reviewed","tsunami":0,"sig":326,"net":"us","code":"6000tz8b","ids":",us6000tz8b,","sources":",us,","types":",origin,phase-data,","nst":57,"dmin":0.767,"rms":0.93,"gap":94,"magType":"mb","type":"earthquake","title":"M 4.6 - 67 km ESE of Kokopo, Papua New Guinea"},"geometry":{"type":"Point","coordinates":[152.8363,-4.565,86.736]},"id":"us6000tz8b"},
{"type":"Feature","properties":{"mag":4.9,"place":"136 km SSE of Vilyuchinsk, Russia","time":1790972729894,"updated":1790974821040,"tz":null,"url":"https://earthquake.usgs.gov/earthquakes/eventpage/us6000tz8a","detail":"https://earthquake.usgs.gov/earthquakes/feed/v1.0/detail/us6000tz8a.geojson","felt":null,"cdi":null,"mmi":null,"alert":null,"status":"reviewed","tsunami":0,"sig":369,"net":"us","code":"6000tz8a","ids":",us6000tz8a,","sources":",us,","types":",origin,phase-data,","nst":159,"dmin":1.624,"rms":0.59,"gap":125,"magType":"mb","type":"earthquake","title":"M 4.9 - 136 km SSE of Vilyuchinsk, Russia"},"geometry":{"type":"Point","coordinates":[159.3971,51.862,38.829]},"id":"us6000tz8a"},
{"type":"Feature","properties":{"mag":4.4,"place":"Kermadec Islands region","time":1790970200760,"updated":1790975477040,"tz":null,"url":"https://earthquake.usgs.gov/earthquakes/eventpage/us6000tz7t","detail":"https://earthquake.usgs.gov/earthquakes/feed/v1.0/detail/us6000tz7t.geojson","felt":null,"cdi":null,"mmi":null,"alert":null,"status":"reviewed","tsunami":0,"sig":298,"net":"us","code":"6000tz7t","ids":",us6000tz7t,","sources":",us,","types":",origin,phase-data,","nst":65,"dmin":2.112,"rms":0.65,"gap":51,"magType":"mb","type":"earthquake","title":"M 4.4 - Kermadec Islands region"},"geometry":{"type":"Point","coordinates":[-179.9859,-30.3739,431.395]},"id":"us6000tz7t"},
{"type":"Feature","properties":{"mag":5,"place":"179 km SSE of Vilyuchinsk, Russia","time":1790965520940,"updated":1790966786040,"tz":null,"url":"https://earthquake.usgs.gov/earthquakes/eventpage/us6000tz7b","detail":"https://earthquake.usgs.gov/earthquakes/feed/v1.0/detail/us6000tz7b.geojson","felt":null,"cdi":null,"mmi":null,"alert":null,"status":"reviewed","tsunami":0,"sig":385,"net":"us","code":"6000tz7b","ids":",us6000tz7b,","sources":",us,","types":",origin,phase-data,","nst":90,"dmin":2.015,"rms":0.71,"gap":127,"magType":"mb","type":"earthquake","title":"M 5.0 - 179 km SSE of Vilyuchinsk, Russia"},"geometry":{"type":"Point","coordinates":[159.8307,51.5775,10]},"id":"us6000tz7b"},
{"type":"Feature","properties":{"mag":3.49,"place":"5 km WSW of Volcano, Hawaii","time":1790963758410,"updated":1791050433487,"tz":null,"url":"https://earthquake.usgs.gov/earthquakes/eventpage/hv75048472","detail":"https://earthquake.usgs.gov/earthquakes/feed/v1.0/detail/hv75048472.geojson","felt":40,"cdi":3.4,"mmi":4.273,"alert":null,"status":"reviewed","tsunami":0,"sig":201,"net":"hv","code":"75048472","ids":",hv75048472,us6000tz78,","sources":",hv,us,","types":",dyfi,origin,phase-data,shakemap,","nst":49,"dmin":0.00527,"rms":0.11,"gap":36,"magType":"ml","type":"earthquake","title":"M 3.5 - 5 km WSW of Volcano, Hawaii"},"geometry":{"type":"Point","coordinates":[-155.279,19.4155,0.3]},"id":"hv75048472"},
{"type":"Feature","properties":{"mag":4.3,"place":"30 km NNW of Valparaíso, Chile","time":1790962098887,"updated":1790985621298,"tz":null,"url":"https://earthquake.usgs.gov/earthquakes/eventpage/us6000tz75","detail":"https://earthquake.usgs.gov/earthquakes/feed/v1.0/detail/us6000tz75.geojson","felt":3,"cdi":3.1,"mmi":null,"alert":null,"status":"reviewed","tsunami":0,"sig":285,"net":"us","code":"6000tz75","ids":",us6000tz75,","sources":",us,","types":",dyfi,moment-tensor,origin,phase-data,","nst":33,"dmin":0.254,"rms":0.74,"gap":146,"magType":"mwr","type":"earthquake","title":"M 4.3 - 30 km NNW of Valparaíso, Chile"},"geometry":{"type":"Point","coordinates":[-71.7075,-32.773,32.14]},"id":"us6000tz75"},
{"type":"Feature","properties":{"mag":3.2,"place":"9 km ESE of Nyora, Australia","time":1790960193706,"updated":1791124177524,"tz":null,"url":"https://earthquake.usgs.gov/earthquakes/eventpage/us6000tzaj","detail":"https://earthquake.usgs.gov/earthquakes/feed/v1.0/detail/us6000tzaj.geojson","felt":6,"cdi":3.7,"mmi":null,"alert":null,"status":"reviewed","tsunami":0,"sig":160,"net":"us","code":"6000tzaj","ids":",us6000tzaj,","sources":",us,","types":",dyfi,origin,phase-data,","nst":6,"dmin":0.811,"rms":0.28,"gap":135,"magType":"ml","type":"earthquake","title":"M 3.2 - 9 km ESE of Nyora, Australia"},"geometry":{"type":"Point","coordinates":[145.7778,-38.3513,9.973]},"id":"us6000tzaj"},
{"type":"Feature","properties":{"mag":4.5,"place":"56 km SSE of Mawlaik, Burma (Myanmar)","time":1790960133449,"updated":1791052778040,"tz":null,"url":"https://earthquake.usgs.gov/earthquakes/eventpage/us6000tz6z","detail":"https://earthquake.usgs.gov/earthquakes/feed/v1.0/detail/us6000tz6z.geojson","felt":null,"cdi":null,"mmi":null,"alert":null,"status":"reviewed","tsunami":0,"sig":312,"net":"us","code":"6000tz6z","ids":",us6000tz6z,","sources":",us,","types":",origin,phase-data,","nst":42,"dmin":1.96,"rms":0.74,"gap":69,"magType":"mb","type":"earthquake","title":"M 4.5 - 56 km SSE of Mawlaik, Burma (Myanmar)"},"geometry":{"type":"Point","coordinates":[94.5469,23.1453,103.866]},"id":"us6000tz6z"},
{"type":"Feature","properties":{"mag":5.8,"place":"165 km SSE of Vilyuchinsk, Russia","time":1790958881010,"updated":1791045609993,"tz":null,"url":"https://earthquake.usgs.gov/earthquakes/eventpage/us6000tz62","detail":"https://earthquake.usgs.gov/earthquakes/feed/v1.0/detail/us6000tz62.geojson","felt":null,"cdi":null,"mmi":3.738,"alert":"green","status":"reviewed","tsunami":0,"sig":518,"net":"us","code":"6000tz62","ids":",us6000tz62,","sources":",us,","types":",losspager,moment-tensor,origin,phase-data,shakemap,","nst":119,"dmin":1.894,"rms":0.69,"gap":44,"magType":"mww","type":"earthquake","title":"M 5.8 - 165 km SSE of Vilyuchinsk, Russia"},"geometry":{"type":"Point","coordinates":[159.7398,51.6873,29.477]},"id":"us6000tz62"},
{"type":"Feature","properties":{"mag":5,"place":"26 km SSW of Güiria, Venezuela","time":1790958685762,"updated":1791023694988,"tz":null,"url":"https://earthquake.usgs.gov/earthquakes/eventpage/us6000tz5h","detail":"https://earthquake.usgs.gov/earthquakes/feed/v1.0/detail/us6000tz5h.geojson","felt":1,"cdi":2.7,"mmi":null,"alert":null,"status":"reviewed","tsunami":0,"sig":385,"net":"us","code":"6000tz5h","ids":",us6000tz5h,","sources":",us,","types":",dyfi,origin,phase-data,","nst":92,"dmin":0.444,"rms":1.37,"gap":53,"magType":"mb","type":"earthquake","title":"M 5.0 - 26 km SSW of Güiria, Venezuela"},"geometry":{"type":"Point","coordinates":[-62.4223,10.3698,9.763]},"id":"us6000tz5h"},
{"type":"Feature","properties":{"mag":4.6,"place":"20 km ESE of Petropavlovsk-Kamchatsky, Russia","time":1790956930426,"updated":1791052081040,"tz":null,"url":"https://earthquake.usgs.gov/earthquakes/eventpage/us6000tz20","detail":"https://earthquake.usgs.gov/earthquakes/feed/v1.0/detail/us6000tz20.geojson","felt":null,"cdi":null,"mmi":null,"alert":null,"status":"reviewed","tsunami":0,"sig":326,"net":"us","code":"6000tz20","ids":",us6000tz20,","sources":",us,","types":",origin,phase-data,","nst":65,"dmin":0.166,"rms":0.72,"gap":101,"magType":"mb","type":"earthquake","title":"M 4.6 - 20 km ESE of Petropavlovsk-Kamchatsky, Russia"},"geometry":{"type":"Point","coordinates":[158.9242,53.0163,99.084]},"id":"us6000tz20"},
{"type":"Feature","properties":{"mag":4.7,"place":"5 km NNE of Korumburra, Australia","time":1790956899581,"updated":1790971152074,"tz":null,"url":"https://earthquake.usgs.gov/earthquakes/eventpage/us6000tz1y","detail":"https://earthquake.usgs.gov/earthquakes/feed/v1.0/detail/us6000tz1y.geojson","felt":517,"cdi":5.4,"mmi":5.856,"alert":"green","status":"reviewed","tsunami":0,"sig":619,"net":"us","code":"6000tz1y","ids":",us6000tz1y,","sources":",us,","types":",dyfi,ground-failure,losspager,origin,phase-data,shakemap,","nst":27,"dmin":0.853,"rms":0.69,"gap":62,"magType":"mb","type":"earthquake","title":"M 4.7 - 5 km NNE of Korumburra, Australia"},"geometry":{"type":"Point","coordinates":[145.8401,-38.3802,10]},"id":"us6000tz1y"},
{"type":"Feature","properties":{"mag":4.5,"place":"7 km NE of Chalandrítsa, Greece","time":1790954802710,"updated":1791050980040,"tz":null,"url":"https://earthquake.usgs.gov/earthquakes/eventpage/us6000tz1r","detail":"https://earthquake.usgs.gov/earthquakes/feed/v1.0/detail/us6000tz1r.geojson","felt":null,"cdi":null,"mmi":null,"alert":null,"status":"reviewed","tsunami":0,"sig":312,"net":"us","code":"6000tz1r","ids":",us6000tz1r,","sources":",us,","types":",origin,phase-data,","nst":41,"dmin":0.947,"rms":0.99,"gap":87,"magType":"mb","type":"earthquake","title":"M 4.5 - 7 km NE of Chalandrítsa, Greece"},"geometry":{"type":"Point","coordinates":[21.8509,38.1524,10]},"id":"us6000tz1r"},
{"type":"Feature","properties":{"mag":4.8,"place":"78 km WSW of San Nicolas, Philippines","time":1790953819729,"updated":1790955335040,"tz":null,"url":"https://earthquake.usgs.gov/earthquakes/eventpage/us6000tz1q","detail":"https://earthquake.usgs.gov/earthquakes/feed/v1.0/detail/us6000tz1q.geojson","felt":null,"cdi":null,"mmi":null,"alert":null,"status":"reviewed","tsunami":0,"sig":354,"net":"us","code":"6000tz1q","ids":",us6000tz1q,","sources":",us,","types":",origin,phase-data,","nst":33,"dmin":8.345,"rms":0.75,"gap":120,"magType":"mb","type":"earthquake","title":"M 4.8 - 78 km WSW of San Nicolas, Philippines"},"geometry":{"type":"Point","coordinates":[119.4593,14.571,10]},"id":"us6000tz1q"},
{"type":"Feature","properties":{"mag":2.5,"place":"65 km ESE of Denali National Park, Alaska","time":1790951463936,"updated":1791049725040,"tz":null,"url":"https://earthquake.usgs.gov/earthquakes/eventpage/aka2026tnfazg","detail":"https://earthquake.usgs.gov/earthquakes/feed/v1.0/detail/aka2026tnfazg.geojson","felt":null,"cdi":null,"mmi":null,"alert":null,"status":"automatic","tsunami":0,"sig":96,"net":"ak","code":"a2026tnfazg","ids":",us6000tz1g,aka2026tnfazg,","sources":",us,ak,","types":",origin,phase-data,","nst":88,"dmin":0.7,"rms":0.6,"gap":27,"magType":"ml","type":"earthquake","title":"M 2.5 - 65 km ESE of Denali National Park, Alaska"},"geometry":{"type":"Point","coordinates":[-150.553,63.275,135]},"id":"aka2026tnfazg"},
{"type":"Feature","properties":{"mag":5,"place":"6 km E of Inglewood, New Zealand","time":1790949435838,"updated":1791036266481,"tz":null,"url":"https://earthquake.usgs.gov/earthquakes/eventpage/us6000tz1c","detail":"https://earthquake.usgs.gov/earthquakes/feed/v1.0/detail/us6000tz1c.geojson","felt":10,"cdi":5.3,"mmi":5.421,"alert":"green","status":"reviewed","tsunami":0,"sig":390,"net":"us","code":"6000tz1c","ids":",us6000tz1c,","sources":",us,","types":",dyfi,ground-failure,losspager,origin,phase-data,shakemap,","nst":23,"dmin":0.389,"rms":1.07,"gap":107,"magType":"mb","type":"earthquake","title":"M 5.0 - 6 km E of Inglewood, New Zealand"},"geometry":{"type":"Point","coordinates":[174.2598,-39.1598,10]},"id":"us6000tz1c"},
{"type":"Feature","properties":{"mag":3.28,"place":"65 km NE of Punta Cana, Dominican Republic","time":1790947741410,"updated":1791049226040,"tz":null,"url":"https://earthquake.usgs.gov/earthquakes/eventpage/pr71535348","detail":"https://earthquake.usgs.gov/earthquakes/feed/v1.0/detail/pr71535348.geojson","felt":null,"cdi":null,"mmi":null,"alert":null,"status":"reviewed","tsunami":0,"sig":166,"net":"pr","code":"71535348","ids":",us6000tz19,pr71535348,","sources":",us,pr,","types":",origin,phase-data,","nst":16,"dmin":0.6197,"rms":0.56,"gap":178,"magType":"md","type":"earthquake","title":"M 3.3 - 65 km NE of Punta Cana, Dominican Republic"},"geometry":{"type":"Point","coordinates":[-67.9175,18.954,31.57]},"id":"pr71535348"},
{"type":"Feature","properties":{"mag":2.96,"place":"68 km ENE of Punta Cana, Dominican Republic","time":1790942859250,"updated":1790945894718,"tz":null,"url":"https://earthquake.usgs.gov/earthquakes/eventpage/pr2026275000","detail":"https://earthquake.usgs.gov/earthquakes/feed/v1.0/detail/pr2026275000.geojson","felt":null,"cdi":null,"mmi":null,"alert":null,"status":"reviewed","tsunami":0,"sig":135,"net":"pr","code":"2026275000","ids":",us6000tz12,pr2026275000,","sources":",us,pr,","types":",origin,phase-data,","nst":10,"dmin":0.6608,"rms":0.44,"gap":184,"magType":"ml","type":"earthquake","title":"M 3.0 - 68 km ENE of Punta Cana, Dominican Republic"},"geometry":{"type":"Point","coordinates":[-67.8431,18.8971,5]},"id":"pr2026275000"},
{"type":"Feature","properties":{"mag":3.13,"place":"66 km NE of Punta Cana, Dominican Republic","time":1790942772440,"updated":1790944360410,"tz":null,"url":"https://earthquake.usgs.gov/earthquakes/eventpage/pr71535328","detail":"https://earthquake.usgs.gov/earthquakes/feed/v1.0/detail/pr71535328.geojson","felt":null,"cdi":null,"mmi":null,"alert":null,"status":"reviewed","tsunami":0,"sig":151,"net":"pr","code":"71535328","ids":",us6000tz11,pr71535328,","sources":",us,pr,","types":",origin,phase-data,","nst":14,"dmin":0.6342,"rms":0.44,"gap":212,"magType":"md","type":"earthquake","title":"M 3.1 - 66 km NE of Punta Cana, Dominican Republic"},"geometry":{"type":"Point","coordinates":[-67.9471666666667,19,7.94]},"id":"pr71535328"},
{"type":"Feature","properties":{"mag":4.2,"place":"9 km SSW of Yepocapa, Guatemala","time":1790940916003,"updated":1790941930040,"tz":null,"url":"https://earthquake.usgs.gov/earthquakes/eventpage/us6000tz0z","detail":"https://earthquake.usgs.gov/earthquakes/feed/v1.0/detail/us6000tz0z.geojson","felt":null,"cdi":null,"mmi":null,"alert":null,"status":"reviewed","tsunami":0,"sig":271,"net":"us","code":"6000tz0z","ids":",us6000tz0z,","sources":",us,","types":",origin,phase-data,","nst":42,"dmin":2.106,"rms":0.6,"gap":165,"magType":"mb","type":"earthquake","title":"M 4.2 - 9 km SSW of Yepocapa, Guatemala"},"geometry":{"type":"Point","coordinates":[-90.9832,14.4208,115.214]},"id":"us6000tz0z"},
{"type":"Feature","properties":{"mag":5,"place":"63 km SW of Panguna, Papua New Guinea","time":1790939654383,"updated":1790940834040,"tz":null,"url":"https://earthquake.usgs.gov/earthquakes/eventpage/us6000tz0x","detail":"https://earthquake.usgs.gov/earthquakes/feed/v1.0/detail/us6000tz0x.geojson","felt":null,"cdi":null,"mmi":null,"alert":null,"status":"reviewed","tsunami":0,"sig":385,"net":"us","code":"6000tz0x","ids":",us6000tz0x,","sources":",us,","types":",origin,phase-data,","nst":70,"dmin":3.735,"rms":0.77,"gap":95,"magType":"mb","type":"earthquake","title":"M 5.0 - 63 km SW of Panguna, Papua New Guinea"},"geometry":{"type":"Point","coordinates":[155.0136,-6.6368,38.25]},"id":"us6000tz0x"},
{"type":"Feature","properties":{"mag":3.27,"place":"9 km WSW of South Lake Tahoe, CA","time":1790935211180,"updated":1791128748905,"tz":null,"url":"https://earthquake.usgs.gov/earthquakes/eventpage/nc75442791","detail":"https://earthquake.usgs.gov/earthquakes/feed/v1.0/detail/nc75442791.geojson","felt":541,"cdi":3.9,"mmi":3.576,"alert":null,"status":"reviewed","tsunami":0,"sig":375,"net":"nc","code":"75442791","ids":",nc75442791,nn00925160,us6000tz0h,","sources":",nc,nn,us,","types":",dyfi,focal-mechanism,moment-tensor,nearby-cities,origin,phase-data,scitech-link,shakemap,","nst":39,"dmin":0.06396,"rms":0.11,"gap":39,"magType":"mw","type":"earthquake","title":"M 3.3 - 9 km WSW of South Lake Tahoe, CA"},"geometry":{"type":"Point","coordinates":[-120.080666666667,38.8935,10.9]},"id":"nc75442791"},
{"type":"Feature","properties":{"mag":2.6,"place":"118 km E of Chignik, Alaska","time":1790934777586,"updated":1790939937040,"tz":null,"url":"https://earthquake.usgs.gov/earthquakes/eventpage/aka2026tmvtvv","detail":"https://earthquake.usgs.gov/earthquakes/feed/v1.0/detail/aka2026tmvtvv.geojson","felt":null,"cdi":null,"mmi":null,"alert":null,"status":"automatic","tsunami":0,"sig":104,"net":"ak","code":"a2026tmvtvv","ids":",us6000tz0e,aka2026tmvtvv,","sources":",us,ak,","types":",origin,phase-data,","nst":45,"dmin":1,"rms":0.5,"gap":204,"magType":"ml","type":"earthquake","title":"M 2.6 - 118 km E of Chignik, Alaska"},"geometry":{"type":"Point","coordinates":[-156.499,56.4,18.2]},"id":"aka2026tmvtvv"},
{"type":"Feature","properties":{"mag":2.7,"place":"53 km NW of Toyah, Texas","time":1790934196734,"updated":1790961068138,"tz":null,"url":"https://earthquake.usgs.gov/earthquakes/eventpage/tx2026tjshuj","detail":"https://earthquake.usgs.gov/earthquakes/feed/v1.0/detail/tx2026tjshuj.geojson","felt":null,"cdi":null,"mmi":null,"alert":null,"status":"reviewed","tsunami":0,"sig":112,"net":"tx","code":"2026tjshuj","ids":",us6000tz0c,tx2026tjshuj,","sources":",us,tx,","types":",origin,phase-data,","nst":58,"dmin":0.1,"rms":0.2,"gap":66,"magType":"ml","type":"earthquake","title":"M 2.7 - 53 km NW of Toyah, Texas"},"geometry":{"type":"Point","coordinates":[-104.215,31.635,5.2667]},"id":"tx2026tjshuj"},
{"type":"Feature","properties":{"mag":2.97,"place":"19 km W of Preston, Nevada","time":1790932421051,"updated":1790967531126,"tz":null,"url":"https://earthquake.usgs.gov/earthquakes/eventpage/nn00925155","detail":"https://earthquake.usgs.gov/earthquakes/feed/v1.0/detail/nn00925155.geojson","felt":null,"cdi":null,"mmi":null,"alert":null,"status":"reviewed","tsunami":0,"sig":136,"net":"nn","code":"00925155","ids":",nn00925155,us6000tz0a,","sources":",nn,us,","types":",origin,phase-data,","nst":7,"dmin":0.381,"rms":0.1629,"gap":196,"magType":"ml","type":"earthquake","title":"M 3.0 - 19 km W of Preston, Nevada"},"geometry":{"type":"Point","coordinates":[-115.2897,38.9073,3.4406]},"id":"nn00925155"},
{"type":"Feature","properties":{"mag":4.8,"place":"35 km SSW of El Colomo, Mexico","time":1790924015007,"updated":1790925115040,"tz":null,"url":"https://earthquake.usgs.gov/earthquakes/eventpage/us6000tyzx","detail":"https://earthquake.usgs.gov/earthquakes/feed/v1.0/detail/us6000tyzx.geojson","felt":null,"cdi":null,"mmi":null,"alert":null,"status":"reviewed","tsunami":0,"sig":354,"net":"us","code":"6000tyzx","ids":",us6000tyzx,","sources":",us,","types":",moment-tensor,origin,phase-data,","nst":57,"dmin":3.104,"rms":1.32,"gap":191,"magType":"mww","type":"earthquake","title":"M 4.8 - 35 km SSW of El Colomo, Mexico"},"geometry":{"type":"Point","coordinates":[-104.3753,18.7561,23.972]},"id":"us6000tyzx"},
{"type":"Feature","properties":{"mag":4.5,"place":"101 km NE of Ruteng, Indonesia","time":1790923686954,"updated":1790925874040,"tz":null,"url":"https://earthquake.usgs.gov/earthquakes/eventpage/us6000tyzy","detail":"https://earthquake.usgs.gov/earthquakes/feed/v1.0/detail/us6000tyzy.geojson","felt":null,"cdi":null,"mmi":null,"alert":null,"status":"reviewed","tsunami":0,"sig":312,"net":"us","code":"6000tyzy","ids":",us6000tyzy,","sources":",us,","types":",origin,phase-data,","nst":16,"dmin":3.21,"rms":1.18,"gap":129,"magType":"mb","type":"earthquake","title":"M 4.5 - 101 km NE of Ruteng, Indonesia"},"geometry":{"type":"Point","coordinates":[121.0985,-7.9511,10]},"id":"us6000tyzy"},
{"type":"Feature","properties":{"mag":4,"place":"75 km SE of Adak, Alaska","time":1790920977320,"updated":1790945207242,"tz":null,"url":"https://earthquake.usgs.gov/earthquakes/eventpage/aka2026tmocjx","detail":"https://earthquake.usgs.gov/earthquakes/feed/v1.0/detail/aka2026tmocjx.geojson","felt":null,"cdi":null,"mmi":2.626,"alert":null,"status":"reviewed","tsunami":0,"sig":246,"net":"ak","code":"a2026tmocjx","ids":",aka2026tmocjx,","sources":",ak,","types":",origin,phase-data,shakemap,","nst":36,"dmin":0.6,"rms":0.8,"gap":222,"magType":"ml","type":"earthquake","title":"M 4.0 - 75 km SE of Adak, Alaska"},"geometry":{"type":"Point","coordinates":[-175.993,51.328,17.3]},"id":"aka2026tmocjx"},
{"type":"Feature","properties":{"mag":4.8,"place":"192 km WNW of Tobelo, Indonesia","time":1790919535084,"updated":1790921544040,"tz":null,"url":"https://earthquake.usgs.gov/earthquakes/eventpage/us6000tyzt","detail":"https://earthquake.usgs.gov/earthquakes/feed/v1.0/detail/us6000tyzt.geojson","felt":null,"cdi":null,"mmi":null,"alert":null,"status":"reviewed","tsunami":0,"sig":354,"net":"us","code":"6000tyzt","ids":",us6000tyzt,","sources":",us,","types":",origin,phase-data,","nst":50,"dmin":4.554,"rms":0.96,"gap":103,"magType":"mb","type":"earthquake","title":"M 4.8 - 192 km WNW of Tobelo, Indonesia"},"geometry":{"type":"Point","coordinates":[126.4944,2.5781,10]},"id":"us6000tyzt"},
{"type":"Feature","properties":{"mag":5.1,"place":"159 km SE of Gizo, Solomon Islands","time":1790916293423,"updated":1790917177040,"tz":null,"url":"https://earthquake.usgs.gov/earthquakes/eventpage/us6000tyzl","detail":"https://earthquake.usgs.gov/earthquakes/feed/v1.0/detail/us6000tyzl.geojson","felt":null,"cdi":null,"mmi":null,"alert":null,"status":"reviewed","tsunami":0,"sig":400,"net":"us","code":"6000tyzl","ids":",us6000tyzl,","sources":",us,","types":",origin,phase-data,","nst":52,"dmin":10.734,"rms":0.42,"gap":53,"magType":"mb","type":"earthquake","title":"M 5.1 - 159 km SE of Gizo, Solomon Islands"},"geometry":{"type":"Point","coordinates":[158.0215,-8.9326,10]},"id":"us6000tyzl"},
{"type":"Feature","properties":{"mag":5,"place":"south of the Fiji Islands","time":1790915225754,"updated":1790916138040,"tz":null,"url":"https://earthquake.usgs.gov/earthquakes/eventpage/us6000tyzi","detail":"https://earthquake.usgs.gov/earthquakes/feed/v1.0/detail/us6000tyzi.geojson","felt":null,"cdi":null,"mmi":null,"alert":null,"status":"reviewed","tsunami":0,"sig":385,"net":"us","code":"6000tyzi","ids":",us6000tyzi,","sources":",us,","types":",origin,phase-data,","nst":61,"dmin":5.399,"rms":0.82,"gap":87,"magType":"mb","type":"earthquake","title":"M 5.0 - south of the Fiji Islands"},"geometry":{"type":"Point","coordinates":[178.6446,-24.7752,557.245]},"id":"us6000tyzi"},
{"type":"Feature","properties":{"mag":4.9,"place":"97 km S of Panguna, Papua New Guinea","time":1790914258487,"updated":1790916591040,"tz":null,"url":"https://earthquake.usgs.gov/earthquakes/eventpage/us6000tyzg","detail":"https://earthquake.usgs.gov/earthquakes/feed/v1.0/detail/us6000tyzg.geojson","felt":null,"cdi":null,"mmi":null,"alert":null,"status":"reviewed","tsunami":0,"sig":369,"net":"us","code":"6000tyzg","ids":",us6000tyzg,","sources":",us,","types":",origin,phase-data,","nst":50,"dmin":4.537,"rms":0.64,"gap":134,"magType":"mb","type":"earthquake","title":"M 4.9 - 97 km S of Panguna, Papua New Guinea"},"geometry":{"type":"Point","coordinates":[155.6075,-7.1852,35]},"id":"us6000tyzg"},
{"type":"Feature","properties":{"mag":4.7,"place":"49 km S of Lata, Solomon Islands","time":1790906554584,"updated":1791114617040,"tz":null,"url":"https://earthquake.usgs.gov/earthquakes/eventpage/us6000tzim","detail":"https://earthquake.usgs.gov/earthquakes/feed/v1.0/detail/us6000tzim.geojson","felt":null,"cdi":null,"mmi":null,"alert":null,"status":"reviewed","tsunami":0,"sig":340,"net":"us","code":"6000tzim","ids":",us6000tzim,","sources":",us,","types":",origin,phase-data,","nst":33,"dmin":27.494,"rms":0.58,"gap":134,"magType":"mb","type":"earthquake","title":"M 4.7 - 49 km S of Lata, Solomon Islands"},"geometry":{"type":"Point","coordinates":[165.794,-11.1735,10]},"id":"us6000tzim"},
{"type":"Feature","properties":{"mag":4.5,"place":"2 km NE of Satte, Japan","time":1790888501707,"updated":1791042061152,"tz":null,"url":"https://earthquake.usgs.gov/earthquakes/eventpage/us6000tyxk","detail":"https://earthquake.usgs.gov/earthquakes/feed/v1.0/detail/us6000tyxk.geojson","felt":3,"cdi":2.5,"mmi":null,"alert":null,"status":"reviewed","tsunami":0,"sig":312,"net":"us","code":"6000tyxk","ids":",us6000tyxk,","sources":",us,","types":",dyfi,origin,phase-data,","nst":36,"dmin":1.323,"rms":0.87,"gap":134,"magType":"mb","type":"earthquake","title":"M 4.5 - 2 km NE of Satte, Japan"},"geometry":{"type":"Point","coordinates":[139.7487,36.0904,65.032]},"id":"us6000tyxk"},
{"type":"Feature","properties":{"mag":5.1,"place":"176 km SE of Lata, Solomon Islands","time":1790884834322,"updated":1790886037040,"tz":null,"url":"https://earthquake.usgs.gov/earthquakes/eventpage/us6000tyx0","detail":"https://earthquake.usgs.gov/earthquakes/feed/v1.0/detail/us6000tyx0.geojson","felt":null,"cdi":null,"mmi":null,"alert":null,"status":"reviewed","tsunami":0,"sig":400,"net":"us","code":"6000tyx0","ids":",us6000tyx0,","sources":",us,","types":",origin,phase-data,","nst":53,"dmin":9.229,"rms":0.71,"gap":101,"magType":"mb","type":"earthquake","title":"M 5.1 - 176 km SE of Lata, Solomon Islands"},"geometry":{"type":"Point","coordinates":[167.0918,-11.6728,10]},"id":"us6000tyx0"},
{"type":"Feature","properties":{"mag":5.1,"place":"171 km SE of Lata, Solomon Islands","time":1790883481795,"updated":1790884982040,"tz":null,"url":"https://earthquake.usgs.gov/earthquakes/eventpage/us6000tywu","detail":"https://earthquake.usgs.gov/earthquakes/feed/v1.0/detail/us6000tywu.geojson","felt":null,"cdi":null,"mmi":null,"alert":null,"status":"reviewed","tsunami":0,"sig":400,"net":"us","code":"6000tywu","ids":",us6000tywu,","sources":",us,","types":",origin,phase-data,","nst":86,"dmin":9.1,"rms":0.68,"gap":112,"magType":"mww","type":"earthquake","title":"M 5.1 - 171 km SE of Lata, Solomon Islands"},"geometry":{"type":"Point","coordinates":[166.961,-11.7706,10]},"id":"us6000tywu"},
{"type":"Feature","properties":{"mag":2.6,"place":"46 km W of Happy Valley, Alaska","time":1790882938587,"updated":1790887015040,"tz":null,"url":"https://earthquake.usgs.gov/earthquakes/eventpage/aka2026tlsylt","detail":"https://earthquake.usgs.gov/earthquakes/feed/v1.0/detail/aka2026tlsylt.geojson","felt":null,"cdi":null,"mmi":null,"alert":null,"status":"automatic","tsunami":0,"sig":104,"net":"ak","code":"a2026tlsylt","ids":",us6000tywk,aka2026tlsylt,","sources":",us,ak,","types":",origin,phase-data,","nst":108,"dmin":0.1,"rms":0.6,"gap":72,"magType":"ml","type":"earthquake","title":"M 2.6 - 46 km W of Happy Valley, Alaska"},"geometry":{"type":"Point","coordinates":[-152.559,59.977,100.3]},"id":"aka2026tlsylt"},
{"type":"Feature","properties":{"mag":4.3,"place":"248 km W of Houma, Tonga","time":1790880892633,"updated":1790886642040,"tz":null,"url":"https://earthquake.usgs.gov/earthquakes/eventpage/us6000tywh","detail":"https://earthquake.usgs.gov/earthquakes/feed/v1.0/detail/us6000tywh.geojson","felt":null,"cdi":null,"mmi":null,"alert":null,"status":"reviewed","tsunami":0,"sig":284,"net":"us","code":"6000tywh","ids":",us6000tywh,","sources":",us,","types":",origin,phase-data,","nst":36,"dmin":5.32,"rms":1.13,"gap":175,"magType":"mb","type":"earthquake","title":"M 4.3 - 248 km W of Houma, Tonga"},"geometry":{"type":"Point","coordinates":[-177.6908,-21.2549,433.822]},"id":"us6000tywh"},
{"type":"Feature","properties":{"mag":3.1,"place":"55 km SSW of Whites City, New Mexico","time":1790880430018,"updated":1790882363431,"tz":null,"url":"https://earthquake.usgs.gov/earthquakes/eventpage/tx2026tiooka","detail":"https://earthquake.usgs.gov/earthquakes/feed/v1.0/detail/tx2026tiooka.geojson","felt":null,"cdi":null,"mmi":null,"alert":null,"status":"reviewed","tsunami":0,"sig":148,"net":"tx","code":"2026tiooka","ids":",us6000tywe,tx2026tiooka,","sources":",us,tx,","types":",origin,phase-data,","nst":41,"dmin":0,"rms":0.2,"gap":68,"magType":"ml","type":"earthquake","title":"M 3.1 - 55 km SSW of Whites City, New Mexico"},"geometry":{"type":"Point","coordinates":[-104.549,31.697,4.7284]},"id":"tx2026tiooka"},
{"type":"Feature","properties":{"mag":2.47,"place":"10 km NW of Pinnacles, CA","time":1790877097050,"updated":1790879241123,"tz":null,"url":"https://earthquake.usgs.gov/earthquakes/eventpage/nc75442466","detail":"https://earthquake.usgs.gov/earthquakes/feed/v1.0/detail/nc75442466.geojson","felt":null,"cdi":null,"mmi":null,"alert":null,"status":"automatic","tsunami":0,"sig":94,"net":"nc","code":"75442466","ids":",nc75442466,","sources":",nc,","types":",focal-mechanism,nearby-cities,origin,phase-data,scitech-link,","nst":63,"dmin":0.03685,"rms":0.14,"gap":29,"magType":"md","type":"earthquake","title":"M 2.5 - 10 km NW of Pinnacles, CA"},"geometry":{"type":"Point","coordinates":[-121.217330932617,36.5981674194336,8.89000034332275]},"id":"nc75442466"},
{"type":"Feature","properties":{"mag":4.6,"place":"83 km NE of Ruteng, Indonesia","time":1790876231734,"updated":1790878530040,"tz":null,"url":"https://earthquake.usgs.gov/earthquakes/eventpage/us6000tyw9","detail":"https://earthquake.usgs.gov/earthquakes/feed/v1.0/detail/us6000tyw9.geojson","felt":null,"cdi":null,"mmi":null,"alert":null,"status":"reviewed","tsunami":0,"sig":326,"net":"us","code":"6000tyw9","ids":",us6000tyw9,","sources":",us,","types":",origin,phase-data,","nst":35,"dmin":3.169,"rms":0.9,"gap":115,"magType":"mb","type":"earthquake","title":"M 4.6 - 83 km NE of Ruteng, Indonesia"},"geometry":{"type":"Point","coordinates":[120.9009,-7.9896,10]},"id":"us6000tyw9"},
{"type":"Feature","properties":{"mag":5.1,"place":"108 km ENE of Miyako, Japan","time":1790875040097,"updated":1790876954202,"tz":null,"url":"https://earthquake.usgs.gov/earthquakes/eventpage/us6000tyw6","detail":"https://earthquake.usgs.gov/earthquakes/feed/v1.0/detail/us6000tyw6.geojson","felt":1,"cdi":2.2,"mmi":null,"alert":null,"status":"reviewed","tsunami":0,"sig":400,"net":"us","code":"6000tyw6","ids":",us6000tyw6,","sources":",us,","types":",dyfi,origin,phase-data,","nst":78,"dmin":1.851,"rms":0.9,"gap":123,"magType":"mww","type":"earthquake","title":"M 5.1 - 108 km ENE of Miyako, Japan"},"geometry":{"type":"Point","coordinates":[143.1734,39.8778,35]},"id":"us6000tyw6"},
{"type":"Feature","properties":{"mag":4.3,"place":"204 km WNW of Abepura, Indonesia","time":1790874578469,"updated":1790879751040,"tz":null,"url":"https://earthquake.usgs.gov/earthquakes/eventpage/us6000tyw4","detail":"https://earthquake.usgs.gov/earthquakes/feed/v1.0/detail/us6000tyw4.geojson","felt":null,"cdi":null,"mmi":null,"alert":null,"status":"reviewed","tsunami":0,"sig":284,"net":"us","code":"6000tyw4","ids":",us6000tyw4,","sources":",us,","types":",origin,phase-data,","nst":31,"dmin":1.877,"rms":0.44,"gap":95,"magType":"mb","type":"earthquake","title":"M 4.3 - 204 km WNW of Abepura, Indonesia"},"geometry":{"type":"Point","coordinates":[138.9179,-1.9255,10]},"id":"us6000tyw4"},
{"type":"Feature","properties":{"mag":4.2,"place":"23 km S of Ashkāsham, Afghanistan","time":1790870528161,"updated":1791035720040,"tz":null,"url":"https://earthquake.usgs.gov/earthquakes/eventpage/us6000tyvs","detail":"https://earthquake.usgs.gov/earthquakes/feed/v1.0/detail/us6000tyvs.geojson","felt":null,"cdi":null,"mmi":null,"alert":null,"status":"reviewed","tsunami":0,"sig":271,"net":"us","code":"6000tyvs","ids":",us6000tyvs,","sources":",us,","types":",origin,phase-data,","nst":20,"dmin":1.986,"rms":0.78,"gap":113,"magType":"mb","type":"earthquake","title":"M 4.2 - 23 km S of Ashkāsham, Afghanistan"},"geometry":{"type":"Point","coordinates":[71.5499,36.4688,105.107]},"id":"us6000tyvs"},
{"type":"Feature","properties":{"mag":3,"place":"63 km SE of Port Graham, Alaska","time":1790867596780,"updated":1790975756040,"tz":null,"url":"https://earthquake.usgs.gov/earthquakes/eventpage/aka2026tlkkpe","detail":"https://earthquake.usgs.gov/earthquakes/feed/v1.0/detail/aka2026tlkkpe.geojson","felt":null,"cdi":null,"mmi":null,"alert":null,"status":"automatic","tsunami":0,"sig":138,"net":"ak","code":"a2026tlkkpe","ids":",us6000tyuj,aka2026tlkkpe,","sources":",us,ak,","types":",origin,phase-data,","nst":148,"dmin":0.8,"rms":0.7,"gap":119,"magType":"ml","type":"earthquake","title":"M 3.0 - 63 km SE of Port Graham, Alaska"},"geometry":{"type":"Point","coordinates":[-150.994,58.977,54.5]},"id":"aka2026tlkkpe"},
{"type":"Feature","properties":{"mag":4.8,"place":"127 km S of False Pass, Alaska","time":1790865979877,"updated":1790888901440,"tz":null,"url":"https://earthquake.usgs.gov/earthquakes/eventpage/us6000tyuf","detail":"https://earthquake.usgs.gov/earthquakes/feed/v1.0/detail/us6000tyuf.geojson","felt":null,"cdi":null,"mmi":2.745,"alert":null,"status":"reviewed","tsunami":0,"sig":354,"net":"us","code":"6000tyuf","ids":",aka2026tljnqz,us6000tyuf,","sources":",ak,us,","types":",origin,phase-data,shakemap,","nst":68,"dmin":0.97,"rms":0.83,"gap":166,"magType":"mb","type":"earthquake","title":"M 4.8 - 127 km S of False Pass, Alaska"},"geometry":{"type":"Point","coordinates":[-163.7238,53.7226,35]},"id":"us6000tyuf"},
{"type":"Feature","properties":{"mag":5,"place":"176 km NNE of Ruteng, Indonesia","time":1790864399078,"updated":1790865515040,"tz":null,"url":"https://earthquake.usgs.gov/earthquakes/eventpage/us6000tyua","detail":"https://earthquake.usgs.gov/earthquakes/feed/v1.0/detail/us6000tyua.geojson","felt":null,"cdi":null,"mmi":null,"alert":null,"status":"reviewed","tsunami":0,"sig":385,"net":"us","code":"6000tyua","ids":",us6000tyua,","sources":",us,","types":",origin,phase-data,","nst":54,"dmin":2.356,"rms":1.02,"gap":95,"magType":"mb","type":"earthquake","title":"M 5.0 - 176 km NNE of Ruteng, Indonesia"},"geometry":{"type":"Point","coordinates":[120.9136,-7.0805,10]},"id":"us6000tyua"},
{"type":"Feature","properties":{"mag":2.46,"place":"3 km SW of Pāhala, Hawaii","time":1790861786180,"updated":1790881979860,"tz":null,"url":"https://earthquake.usgs.gov/earthquakes/eventpage/hv75047187","detail":"https://earthquake.usgs.gov/earthquakes/feed/v1.0/detail/hv75047187.geojson","felt":null,"cdi":null,"mmi":null,"alert":null,"status":"automatic","tsunami":0,"sig":93,"net":"hv","code":"75047187","ids":",hv75047187,","sources":",hv,","types":",origin,phase-data,","nst":51,"dmin":0.04574,"rms":0.150000006,"gap":101,"magType":"md","type":"earthquake","title":"M 2.5 - 3 km SW of Pāhala, Hawaii"},"geometry":{"type":"Point","coordinates":[-155.504837036133,19.1770000457764,29.7000007629395]},"id":"hv75047187"},
{"type":"Feature","properties":{"mag":4.4,"place":"198 km WNW of Abepura, Indonesia","time":1790861475432,"updated":1790974565040,"tz":null,"url":"https://earthquake.usgs.gov/earthquakes/eventpage/us6000tyu2","detail":"https://earthquake.usgs.gov/earthquakes/feed/v1.0/detail/us6000tyu2.geojson","felt":null,"cdi":null,"mmi":null,"alert":null,"status":"reviewed","tsunami":0,"sig":298,"net":"us","code":"6000tyu2","ids":",us6000tyu2,","sources":",us,","types":",origin,phase-data,","nst":28,"dmin":1.827,"rms":0.35,"gap":81,"magType":"mb","type":"earthquake","title":"M 4.4 - 198 km WNW of Abepura, Indonesia"},"geometry":{"type":"Point","coordinates":[138.9249,-2.0857,10]},"id":"us6000tyu2"},
{"type":"Feature","properties":{"mag":4.2,"place":"2 km SW of Thívai, Greece","time":1790859783246,"updated":1790973126040,"tz":null,"url":"https://earthquake.usgs.gov/earthquakes/eventpage/us6000tytw","detail":"https://earthquake.usgs.gov/earthquakes/feed/v1.0/detail/us6000tytw.geojson","felt":null,"cdi":null,"mmi":null,"alert":null,"status":"reviewed","tsunami":0,"sig":271,"net":"us","code":"6000tytw","ids":",us6000tytw,","sources":",us,","types":",origin,phase-data,","nst":25,"dmin":1.036,"rms":0.92,"gap":93,"magType":"mb","type":"earthquake","title":"M 4.2 - 2 km SW of Thívai, Greece"},"geometry":{"type":"Point","coordinates":[23.3018,38.3117,10]},"id":"us6000tytw"},
{"type":"Feature","properties":{"mag":4.3,"place":"110 km SE of Kuril’sk, Russia","time":1790859635477,"updated":1790972558040,"tz":null,"url":"https://earthquake.usgs.gov/earthquakes/eventpage/us6000tytv","detail":"https://earthquake.usgs.gov/earthquakes/feed/v1.0/detail/us6000tytv.geojson","felt":null,"cdi":null,"mmi":null,"alert":null,"status":"reviewed","tsunami":0,"sig":284,"net":"us","code":"6000tytv","ids":",us6000tytv,","sources":",us,","types":",origin,phase-data,","nst":33,"dmin":4.647,"rms":0.79,"gap":122,"magType":"mb","type":"earthquake","title":"M 4.3 - 110 km SE of Kuril’sk, Russia"},"geometry":{"type":"Point","coordinates":[149.0324,44.6606,57.373]},"id":"us6000tytv"},
{"type":"Feature","properties":{"mag":2.9,"place":"53 km SSE of King Salmon, Alaska","time":1790857799518,"updated":1790902974370,"tz":null,"url":"https://earthquake.usgs.gov/earthquakes/eventpage/aka2026tlezlc","detail":"https://earthquake.usgs.gov/earthquakes/feed/v1.0/detail/aka2026tlezlc.geojson","felt":null,"cdi":null,"mmi":null,"alert":null,"status":"automatic","tsunami":0,"sig":129,"net":"ak","code":"a2026tlezlc","ids":",av94457056,aka2026tlezlc,","sources":",av,ak,","types":",origin,phase-data,","nst":73,"dmin":0.3,"rms":0.9,"gap":66,"magType":"ml","type":"earthquake","title":"M 2.9 - 53 km SSE of King Salmon, Alaska"},"geometry":{"type":"Point","coordinates":[-156.443,58.221,0]},"id":"aka2026tlezlc"},
{"type":"Feature","properties":{"mag":5.3,"place":"0 km NNE of Yōkaichiba, Japan","time":1790857631864,"updated":1790902738566,"tz":null,"url":"https://earthquake.usgs.gov/earthquakes/eventpage/us6000tytg","detail":"https://earthquake.usgs.gov/earthquakes/feed/v1.0/detail/us6000tytg.geojson","felt":25,"cdi":3.7,"mmi":null,"alert":null,"status":"reviewed","tsunami":0,"sig":441,"net":"us","code":"6000tytg","ids":",us6000tytg,","sources":",us,","types":",dyfi,origin,phase-data,","nst":97,"dmin":2.072,"rms":0.76,"gap":119,"magType":"mww","type":"earthquake","title":"M 5.3 - 0 km NNE of Yōkaichiba, Japan"},"geometry":{"type":"Point","coordinates":[140.5507,35.7025,41.649]},"id":"us6000tytg"},
{"type":"Feature","properties":{"mag":2.84,"place":"2 km NNW of Little America, Wyoming","time":1790857597780,"updated":1790860660480,"tz":null,"url":"https://earthquake.usgs.gov/earthquakes/eventpage/uu80158331","detail":"https://earthquake.usgs.gov/earthquakes/feed/v1.0/detail/uu80158331.geojson","felt":null,"cdi":null,"mmi":null,"alert":null,"status":"reviewed","tsunami":0,"sig":124,"net":"uu","code":"80158331","ids":",uu80158331,","sources":",uu,","types":",origin,phase-data,","nst":22,"dmin":0.1112,"rms":0.16,"gap":114,"magType":"ml","type":"earthquake","title":"M 2.8 - 2 km NNW of Little America, Wyoming"},"geometry":{"type":"Point","coordinates":[-109.870333333333,41.5615,-3.19]},"id":"uu80158331"},
{"type":"Feature","properties":{"mag":2.9,"place":"66 km ESE of Denali National Park, Alaska","time":1790856855424,"updated":1790857119505,"tz":null,"url":"https://earthquake.usgs.gov/earthquakes/eventpage/aka2026tlelut","detail":"https://earthquake.usgs.gov/earthquakes/feed/v1.0/detail/aka2026tlelut.geojson","felt":null,"cdi":null,"mmi":null,"alert":null,"status":"automatic","tsunami":0,"sig":129,"net":"ak","code":"a2026tlelut","ids":",aka2026tlelut,","sources":",ak,","types":",origin,phase-data,","nst":123,"dmin":0.7,"rms":0.9,"gap":29,"magType":"ml","type":"earthquake","title":"M 2.9 - 66 km ESE of Denali National Park, Alaska"},"geometry":{"type":"Point","coordinates":[-150.575,63.244,131.3]},"id":"aka2026tlelut"},
{"type":"Feature","properties":{"mag":3.2,"place":"35 km WSW of Skwentna, Alaska","time":1790849928924,"updated":1790883896606,"tz":null,"url":"https://earthquake.usgs.gov/earthquakes/eventpage/aka2026tlapkt","detail":"https://earthquake.usgs.gov/earthquakes/feed/v1.0/detail/aka2026tlapkt.geojson","felt":1,"cdi":1,"mmi":null,"alert":null,"status":"automatic","tsunami":0,"sig":158,"net":"ak","code":"a2026tlapkt","ids":",aka2026tlapkt,","sources":",ak,","types":",dyfi,origin,phase-data,","nst":184,"dmin":0.3,"rms":0.9,"gap":24,"magType":"ml","type":"earthquake","title":"M 3.2 - 35 km WSW of Skwentna, Alaska"},"geometry":{"type":"Point","coordinates":[-151.996,61.836,115.6]},"id":"aka2026tlapkt"},
{"type":"Feature","properties":{"mag":4.7,"place":"northern Mid-Atlantic Ridge","time":1790848995128,"updated":1790853124040,"tz":null,"url":"https://earthquake.usgs.gov/earthquakes/eventpage/us6000tysi","detail":"https://earthquake.usgs.gov/earthquakes/feed/v1.0/detail/us6000tysi.geojson","felt":null,"cdi":null,"mmi":null,"alert":null,"status":"reviewed","tsunami":0,"sig":340,"net":"us","code":"6000tysi","ids":",us6000tysi,","sources":",us,","types":",origin,phase-data,","nst":62,"dmin":21.239,"rms":0.46,"gap":94,"magType":"mb","type":"earthquake","title":"M 4.7 - northern Mid-Atlantic Ridge"},"geometry":{"type":"Point","coordinates":[-41.428,31.0444,10]},"id":"us6000tysi"},
{"type":"Feature","properties":{"mag":2.55,"place":"4 km SW of Volcano, Hawaii","time":1790848550020,"updated":1790849400250,"tz":null,"url":"https://earthquake.usgs.gov/earthquakes/eventpage/hv75046927","detail":"https://earthquake.usgs.gov/earthquakes/feed/v1.0/detail/hv75046927.geojson","felt":1,"cdi":2.2,"mmi":null,"alert":null,"status":"automatic","tsunami":0,"sig":100,"net":"hv","code":"75046927","ids":",hv75046927,","sources":",hv,","types":",dyfi,origin,phase-data,","nst":44,"dmin":0.006241,"rms":0.180000007,"gap":48,"magType":"ml","type":"earthquake","title":"M 2.6 - 4 km SW of Volcano, Hawaii"},"geometry":{"type":"Point","coordinates":[-155.268325805664,19.4208335876465,0.400000005960464]},"id":"hv75046927"},
{"type":"Feature","properties":{"mag":2.6,"place":"48 km NE of Chase, Alaska","time":1790846617666,"updated":1790846819796,"tz":null,"url":"https://earthquake.usgs.gov/earthquakes/eventpage/aka2026tkytvy","detail":"https://earthquake.usgs.gov/earthquakes/feed/v1.0/detail/aka2026tkytvy.geojson","felt":null,"cdi":null,"mmi":null,"alert":null,"status":"automatic","tsunami":0,"sig":104,"net":"ak","code":"a2026tkytvy","ids":",aka2026tkytvy,","sources":",ak,","types":",origin,phase-data,","nst":94,"dmin":0.5,"rms":0.9,"gap":20,"magType":"ml","type":"earthquake","title":"M 2.6 - 48 km NE of Chase, Alaska"},"geometry":{"type":"Point","coordinates":[-149.372,62.728,66.1]},"id":"aka2026tkytvy"},
{"type":"Feature","properties":{"mag":2.78,"place":"16 km NNE of Arecibo, Puerto Rico","time":1790844358790,"updated":1790846564890,"tz":null,"url":"https://earthquake.usgs.gov/earthquakes/eventpage/pr71535278","detail":"https://earthquake.usgs.gov/earthquakes/feed/v1.0/detail/pr71535278.geojson","felt":null,"cdi":null,"mmi":null,"alert":null,"status":"reviewed","tsunami":0,"sig":119,"net":"pr","code":"71535278","ids":",pr71535278,","sources":",pr,","types":",origin,phase-data,","nst":27,"dmin":0.2744,"rms":0.18,"gap":209,"magType":"md","type":"earthquake","title":"M 2.8 - 16 km NNE of Arecibo, Puerto Rico"},"geometry":{"type":"Point","coordinates":[-66.6538333333333,18.6055,14.37]},"id":"pr71535278"},
{"type":"Feature","properties":{"mag":4.9,"place":"145 km ESE of Neiafu, Tonga","time":1790844344312,"updated":1790845949040,"tz":null,"url":"https://earthquake.usgs.gov/earthquakes/eventpage/us6000tyr4","detail":"https://earthquake.usgs.gov/earthquakes/feed/v1.0/detail/us6000tyr4.geojson","felt":null,"cdi":null,"mmi":null,"alert":null,"status":"reviewed","tsunami":0,"sig":369,"net":"us","code":"6000tyr4","ids":",us6000tyr4,","sources":",us,","types":",origin,phase-data,","nst":17,"dmin":2.626,"rms":0.73,"gap":108,"magType":"mb","type":"earthquake","title":"M 4.9 - 145 km ESE of Neiafu, Tonga"},"geometry":{"type":"Point","coordinates":[-172.7038,-19.141,10]},"id":"us6000tyr4"},
{"type":"Feature","properties":{"mag":4.5,"place":"49 km SSE of Toktogul, Kyrgyzstan","time":1790842679307,"updated":1790848661040,"tz":null,"url":"https://earthquake.usgs.gov/earthquakes/eventpage/us6000tyqy","detail":"https://earthquake.usgs.gov/earthquakes/feed/v1.0/detail/us6000tyqy.geojson","felt":null,"cdi":null,"mmi":null,"alert":null,"status":"reviewed","tsunami":0,"sig":312,"net":"us","code":"6000tyqy","ids":",us6000tyqy,","sources":",us,","types":",origin,phase-data,","nst":28,"dmin":0.179,"rms":0.92,"gap":85,"magType":"mb","type":"earthquake","title":"M 4.5 - 49 km SSE of Toktogul, Kyrgyzstan"},"geometry":{"type":"Point","coordinates":[73.1419,41.4538,10]},"id":"us6000tyqy"},
{"type":"Feature","properties":{"mag":4.1,"place":"28 km SW of Buenos Aires, Mexico","time":1790842499626,"updated":1790843516040,"tz":null,"url":"https://earthquake.usgs.gov/earthquakes/eventpage/us6000tyqw","detail":"https://earthquake.usgs.gov/earthquakes/feed/v1.0/detail/us6000tyqw.geojson","felt":null,"cdi":null,"mmi":null,"alert":null,"status":"reviewed","tsunami":0,"sig":259,"net":"us","code":"6000tyqw","ids":",us6000tyqw,","sources":",us,","types":",origin,phase-data,","nst":26,"dmin":1.629,"rms":0.64,"gap":180,"magType":"mb","type":"earthquake","title":"M 4.1 - 28 km SW of Buenos Aires, Mexico"},"geometry":{"type":"Point","coordinates":[-92.6959,14.7356,71.276]},"id":"us6000tyqw"},
{"type":"Feature","properties":{"mag":3.41,"place":"5 km WSW of Volcano, Hawaii","time":1790841125140,"updated":1790927782591,"tz":null,"url":"https://earthquake.usgs.gov/earthquakes/eventpage/hv75046747","detail":"https://earthquake.usgs.gov/earthquakes/feed/v1.0/detail/hv75046747.geojson","felt":31,"cdi":3.2,"mmi":4.253,"alert":null,"status":"reviewed","tsunami":0,"sig":189,"net":"hv","code":"75046747","ids":",hv75046747,us6000tyqt,","sources":",hv,us,","types":",dyfi,origin,phase-data,shakemap,","nst":45,"dmin":0.006986,"rms":0.12,"gap":36,"magType":"ml","type":"earthquake","title":"M 3.4 - 5 km WSW of Volcano, Hawaii"},"geometry":{"type":"Point","coordinates":[-155.277,19.4156666666667,0.32]},"id":"hv75046747"},
{"type":"Feature","properties":{"mag":4.6,"place":"northern Mid-Atlantic Ridge","time":1790840406605,"updated":1790844197040,"tz":null,"url":"https://earthquake.usgs.gov/earthquakes/eventpage/us6000tyqx","detail":"https://earthquake.usgs.gov/earthquakes/feed/v1.0/detail/us6000tyqx.geojson","felt":null,"cdi":null,"mmi":null,"alert":null,"status":"reviewed","tsunami":0,"sig":326,"net":"us","code":"6000tyqx","ids":",us6000tyqx,","sources":",us,","types":",origin,phase-data,","nst":38,"dmin":21.007,"rms":0.3,"gap":159,"magType":"mb","type":"earthquake","title":"M 4.6 - northern Mid-Atlantic Ridge"},"geometry":{"type":"Point","coordinates":[-41.5851,31.2357,10]},"id":"us6000tyqx"},
{"type":"Feature","properties":{"mag":2.59,"place":"5 km SW of Volcano, Hawaii","time":1790839931030,"updated":1790841897899,"tz":null,"url":"https://earthquake.usgs.gov/earthquakes/eventpage/hv75046727","detail":"https://earthquake.usgs.gov/earthquakes/feed/v1.0/detail/hv75046727.geojson","felt":0,"cdi":1,"mmi":null,"alert":null,"status":"automatic","tsunami":0,"sig":103,"net":"hv","code":"75046727","ids":",hv75046727,","sources":",hv,","types":",dyfi,origin,phase-data,","nst":39,"dmin":0.01104,"rms":0.270000011,"gap":30,"magType":"ml","type":"earthquake","title":"M 2.6 - 5 km SW of Volcano, Hawaii"},"geometry":{"type":"Point","coordinates":[-155.277496337891,19.4085006713867,0.0900000035762787]},"id":"hv75046727"},
{"type":"Feature","properties":{"mag":2.55,"place":"5 km SW of Volcano, Hawaii","time":1790837250450,"updated":1790841414440,"tz":null,"url":"https://earthquake.usgs.gov/earthquakes/eventpage/hv75046687","detail":"https://earthquake.usgs.gov/earthquakes/feed/v1.0/detail/hv75046687.geojson","felt":null,"cdi":null,"mmi":null,"alert":null,"status":"reviewed","tsunami":0,"sig":100,"net":"hv","code":"75046687","ids":",hv75046687,","sources":",hv,","types":",origin,phase-data,","nst":17,"dmin":0.006108,"rms":0.09,"gap":57,"magType":"ml","type":"earthquake","title":"M 2.6 - 5 km SW of Volcano, Hawaii"},"geometry":{"type":"Point","coordinates":[-155.280333333333,19.4126666666667,0.35]},"id":"hv75046687"},
{"type":"Feature","properties":{"mag":5,"place":"38 km WSW of Palimbang, Philippines","time":1790832850634,"updated":1790846730805,"tz":null,"url":"https://earthquake.usgs.gov/earthquakes/eventpage/us6000tyq7","detail":"https://earthquake.usgs.gov/earthquakes/feed/v1.0/detail/us6000tyq7.geojson","felt":1,"cdi":3.1,"mmi":null,"alert":null,"status":"reviewed","tsunami":0,"sig":385,"net":"us","code":"6000tyq7","ids":",us6000tyq7,","sources":",us,","types":",dyfi,origin,phase-data,","nst":59,"dmin":1.955,"rms":0.72,"gap":55,"magType":"mb","type":"earthquake","title":"M 5.0 - 38 km WSW of Palimbang, Philippines"},"geometry":{"type":"Point","coordinates":[123.8599,6.1116,10]},"id":"us6000tyq7"},
{"type":"Feature","properties":{"mag":3.5,"place":"99 km NNE of Cruz Bay, U.S. Virgin Islands","time":1790832344260,"updated":1790840903690,"tz":null,"url":"https://earthquake.usgs.gov/earthquakes/eventpage/pr2026274000","detail":"https://earthquake.usgs.gov/earthquakes/feed/v1.0/detail/pr2026274000.geojson","felt":null,"cdi":null,"mmi":null,"alert":null,"status":"reviewed","tsunami":0,"sig":188,"net":"pr","code":"2026274000","ids":",pr2026274000,","sources":",pr,","types":",origin,phase-data,","nst":14,"dmin":0.6366,"rms":0.3,"gap":293,"magType":"md","type":"earthquake","title":"M 3.5 - 99 km NNE of Cruz Bay, U.S. Virgin Islands"},"geometry":{"type":"Point","coordinates":[-64.3456,19.1245,12]},"id":"pr2026274000"},
{"type":"Feature","properties":{"mag":4.2,"place":"280 km SW of Houma, Tonga","time":1790829676232,"updated":1790833312040,"tz":null,"url":"https://earthquake.usgs.gov/earthquakes/eventpage/us6000typy","detail":"https://earthquake.usgs.gov/earthquakes/feed/v1.0/detail/us6000typy.geojson","felt":null,"cdi":null,"mmi":null,"alert":null,"status":"reviewed","tsunami":0,"sig":271,"net":"us","code":"6000typy","ids":",us6000typy,","sources":",us,","types":",origin,phase-data,","nst":15,"dmin":6.702,"rms":1.11,"gap":121,"magType":"mb","type":"earthquake","title":"M 4.2 - 280 km SW of Houma, Tonga"},"geometry":{"type":"Point","coordinates":[-177.3105,-22.8694,246.958]},"id":"us6000typy"},
{"type":"Feature","properties":{"mag":3.4,"place":"23 km NW of Nanwalek, Alaska","time":1790825348123,"updated":1790828706040,"tz":null,"url":"https://earthquake.usgs.gov/earthquakes/eventpage/aka2026tkmymd","detail":"https://earthquake.usgs.gov/earthquakes/feed/v1.0/detail/aka2026tkmymd.geojson","felt":null,"cdi":null,"mmi":null,"alert":null,"status":"automatic","tsunami":0,"sig":178,"net":"ak","code":"a2026tkmymd","ids":",us6000typi,aka2026tkmymd,","sources":",us,ak,","types":",origin,phase-data,","nst":196,"dmin":0.5,"rms":1,"gap":86,"magType":"ml","type":"earthquake","title":"M 3.4 - 23 km NW of Nanwalek, Alaska"},"geometry":{"type":"Point","coordinates":[-152.202,59.514,77.9]},"id":"aka2026tkmymd"},
{"type":"Feature","properties":{"mag":3,"place":"38 km WNW of Anchor Point, Alaska","time":1790824953462,"updated":1790827668040,"tz":null,"url":"https://earthquake.usgs.gov/earthquakes/eventpage/aka2026tkmsuy","detail":"https://earthquake.usgs.gov/earthquakes/feed/v1.0/detail/aka2026tkmsuy.geojson","felt":null,"cdi":null,"mmi":null,"alert":null,"status":"automatic","tsunami":0,"sig":138,"net":"ak","code":"a2026tkmsuy","ids":",us6000type,aka2026tkmsuy,","sources":",us,ak,","types":",origin,phase-data,","nst":144,"dmin":0.3,"rms":0.9,"gap":55,"magType":"ml","type":"earthquake","title":"M 3.0 - 38 km WNW of Anchor Point, Alaska"},"geometry":{"type":"Point","coordinates":[-152.443,59.94,93.5]},"id":"aka2026tkmsuy"},
{"type":"Feature","properties":{"mag":2.49,"place":"2 km S of Guánica, Puerto Rico","time":1790822502980,"updated":1790825152270,"tz":null,"url":"https://earthquake.usgs.gov/earthquakes/eventpage/pr71535248","detail":"https://earthquake.usgs.gov/earthquakes/feed/v1.0/detail/pr71535248.geojson","felt":null,"cdi":null,"mmi":null,"alert":null,"status":"reviewed","tsunami":0,"sig":95,"net":"pr","code":"71535248","ids":",pr71535248,","sources":",pr,","types":",origin,phase-data,","nst":20,"dmin":0.02229,"rms":0.27,"gap":191,"magType":"md","type":"earthquake","title":"M 2.5 - 2 km S of Guánica, Puerto Rico"},"geometry":{"type":"Point","coordinates":[-66.9055,17.95,11.76]},"id":"pr71535248"},
{"type":"Feature","properties":{"mag":4.4,"place":"Fiji region","time":1790822440210,"updated":1790823389040,"tz":null,"url":"https://earthquake.usgs.gov/earthquakes/eventpage/us6000typ7","detail":"https://earthquake.usgs.gov/earthquakes/feed/v1.0/detail/us6000typ7.geojson","felt":null,"cdi":null,"mmi":null,"alert":null,"status":"reviewed","tsunami":0,"sig":298,"net":"us","code":"6000typ7","ids":",us6000typ7,","sources":",us,","types":",origin,phase-data,","nst":38,"dmin":4.045,"rms":0.73,"gap":136,"magType":"mb","type":"earthquake","title":"M 4.4 - Fiji region"},"geometry":{"type":"Point","coordinates":[-179.2476,-20.9019,637.906]},"id":"us6000typ7"},
{"type":"Feature","properties":{"mag":4.5,"place":"272 km WSW of Tual, Indonesia","time":1790820559068,"updated":1790826978040,"tz":null,"url":"https://earthquake.usgs.gov/earthquakes/eventpage/us6000typ5","detail":"https://earthquake.usgs.gov/earthquakes/feed/v1.0/detail/us6000typ5.geojson","felt":null,"cdi":null,"mmi":null,"alert":null,"status":"reviewed","tsunami":0,"sig":312,"net":"us","code":"6000typ5","ids":",us6000typ5,","sources":",us,","types":",origin,phase-data,","nst":33,"dmin":6.692,"rms":0.79,"gap":94,"magType":"mb","type":"earthquake","title":"M 4.5 - 272 km WSW of Tual, Indonesia"},"geometry":{"type":"Point","coordinates":[130.346,-6.154,94.793]},"id":"us6000typ5"},
{"type":"Feature","properties":{"mag":4.6,"place":"45 km ENE of Luwuk, Indonesia","time":1790818283443,"updated":1790819410040,"tz":null,"url":"https://earthquake.usgs.gov/earthquakes/eventpage/us6000typ0","detail":"https://earthquake.usgs.gov/earthquakes/feed/v1.0/detail/us6000typ0.geojson","felt":null,"cdi":null,"mmi":null,"alert":null,"status":"reviewed","tsunami":0,"sig":326,"net":"us","code":"6000typ0","ids":",us6000typ0,","sources":",us,","types":",origin,phase-data,","nst":30,"dmin":5.362,"rms":0.76,"gap":98,"magType":"mb","type":"earthquake","title":"M 4.6 - 45 km ENE of Luwuk, Indonesia"},"geometry":{"type":"Point","coordinates":[123.1839,-0.863,116.392]},"id":"us6000typ0"},
{"type":"Feature","properties":{"mag":5.2,"place":"7 km ESE of Baghlān, Afghanistan","time":1790818160694,"updated":1790840466409,"tz":null,"url":"https://earthquake.usgs.gov/earthquakes/eventpage/us6000tyny","detail":"https://earthquake.usgs.gov/earthquakes/feed/v1.0/detail/us6000tyny.geojson","felt":2,"cdi":2.7,"mmi":null,"alert":null,"status":"reviewed","tsunami":0,"sig":417,"net":"us","code":"6000tyny","ids":",us6000tyny,","sources":",us,","types":",dyfi,origin,phase-data,","nst":98,"dmin":1.607,"rms":1.08,"gap":33,"magType":"mb","type":"earthquake","title":"M 5.2 - 7 km ESE of Baghlān, Afghanistan"},"geometry":{"type":"Point","coordinates":[68.7818,36.0991,49.602]},"id":"us6000tyny"},
{"type":"Feature","properties":{"mag":4.9,"place":"northern Mid-Atlantic Ridge","time":1790814502644,"updated":1790815524040,"tz":null,"url":"https://earthquake.usgs.gov/earthquakes/eventpage/us6000tynp","detail":"https://earthquake.usgs.gov/earthquakes/feed/v1.0/detail/us6000tynp.geojson","felt":null,"cdi":null,"mmi":null,"alert":null,"status":"reviewed","tsunami":0,"sig":369,"net":"us","code":"6000tynp","ids":",us6000tynp,","sources":",us,","types":",origin,phase-data,","nst":45,"dmin":16.911,"rms":0.71,"gap":87,"magType":"mb","type":"earthquake","title":"M 4.9 - northern Mid-Atlantic Ridge"},"geometry":{"type":"Point","coordinates":[-43.0353,19.2756,10]},"id":"us6000tynp"},
{"type":"Feature","properties":{"mag":3.08,"place":"20 km ESE of Anza, CA","time":1790812919630,"updated":1790815173750,"tz":null,"url":"https://earthquake.usgs.gov/earthquakes/eventpage/ci41341279","detail":"https://earthquake.usgs.gov/earthquakes/feed/v1.0/detail/ci41341279.geojson","felt":8,"cdi":4.1,"mmi":null,"alert":null,"status":"reviewed","tsunami":0,"sig":149,"net":"ci","code":"41341279","ids":",ci41341279,us6000tyne,","sources":",ci,us,","types":",dyfi,focal-mechanism,nearby-cities,origin,phase-data,scitech-link,","nst":115,"dmin":0.1163,"rms":0.17,"gap":21,"magType":"ml","type":"earthquake","title":"M 3.1 - 20 km ESE of Anza, CA"},"geometry":{"type":"Point","coordinates":[-116.463333333333,33.5023333333333,5.13]},"id":"ci41341279"},
{"type":"Feature","properties":{"mag":5.6,"place":"94 km SW of Tamarindo, Costa Rica","time":1790805326169,"updated":1790985436749,"tz":null,"url":"https://earthquake.usgs.gov/earthquakes/eventpage/us6000tymj","detail":"https://earthquake.usgs.gov/earthquakes/feed/v1.0/detail/us6000tymj.geojson","felt":4,"cdi":2,"mmi":3.825,"alert":"green","status":"reviewed","tsunami":0,"sig":483,"net":"us","code":"6000tymj","ids":",us6000tymj,","sources":",us,","types":",dyfi,losspager,moment-tensor,origin,phase-data,shakemap,","nst":110,"dmin":1.097,"rms":0.76,"gap":63,"magType":"mww","type":"earthquake","title":"M 5.6 - 94 km SW of Tamarindo, Costa Rica"},"geometry":{"type":"Point","coordinates":[-86.5063,9.7526,8]},"id":"us6000tymj"},
{"type":"Feature","properties":{"mag":4.4,"place":"12 km SSE of Hasaki, Japan","time":1790803013322,"updated":1790817319040,"tz":null,"url":"https://earthquake.usgs.gov/earthquakes/eventpage/us6000tyn1","detail":"https://earthquake.usgs.gov/earthquakes/feed/v1.0/detail/us6000tyn1.geojson","felt":null,"cdi":null,"mmi":null,"alert":null,"status":"reviewed","tsunami":0,"sig":298,"net":"us","code":"6000tyn1","ids":",us6000tyn1,","sources":",us,","types":",origin,phase-data,","nst":28,"dmin":2.347,"rms":0.84,"gap":137,"magType":"mb","type":"earthquake","title":"M 4.4 - 12 km SSE of Hasaki, Japan"},"geometry":{"type":"Point","coordinates":[140.8791,35.6288,35]},"id":"us6000tyn1"},
{"type":"Feature","properties":{"mag":4.6,"place":"131 km SE of Itoman, Japan","time":1790802717694,"updated":1790805205040,"tz":null,"url":"https://earthquake.usgs.gov/earthquakes/eventpage/us6000tym9","detail":"https://earthquake.usgs.gov/earthquakes/feed/v1.0/detail/us6000tym9.geojson","felt":null,"cdi":null,"mmi":null,"alert":null,"status":"reviewed","tsunami":0,"sig":326,"net":"us","code":"6000tym9","ids":",us6000tym9,","sources":",us,","types":",origin,phase-data,","nst":40,"dmin":2.526,"rms":0.55,"gap":96,"magType":"mb","type":"earthquake","title":"M 4.6 - 131 km SE of Itoman, Japan"},"geometry":{"type":"Point","coordinates":[128.5077,25.2167,10]},"id":"us6000tym9"},
{"type":"Feature","properties":{"mag":2.99,"place":"8 km ESE of Cloverdale, CA","time":1790802439250,"updated":1790903769070,"tz":null,"url":"https://earthquake.usgs.gov/earthquakes/eventpage/nc75441996","detail":"https://earthquake.usgs.gov/earthquakes/feed/v1.0/detail/nc75441996.geojson","felt":15,"cdi":3.1,"mmi":null,"alert":null,"status":"automatic","tsunami":0,"sig":142,"net":"nc","code":"75441996","ids":",nc75441996,us6000tym5,","sources":",nc,us,","types":",dyfi,focal-mechanism,nearby-cities,origin,phase-data,scitech-link,","nst":82,"dmin":0.06751,"rms":0.09,"gap":36,"magType":"md","type":"earthquake","title":"M 3.0 - 8 km ESE of Cloverdale, CA"},"geometry":{"type":"Point","coordinates":[-122.933166503906,38.7781677246094,4.03000020980835]},"id":"nc75441996"},
{"type":"Feature","properties":{"mag":2.57,"place":"5 km SW of Guánica, Puerto Rico","time":1790802221740,"updated":1790804513950,"tz":null,"url":"https://earthquake.usgs.gov/earthquakes/eventpage/pr71535218","detail":"https://earthquake.usgs.gov/earthquakes/feed/v1.0/detail/pr71535218.geojson","felt":null,"cdi":null,"mmi":null,"alert":null,"status":"reviewed","tsunami":0,"sig":102,"net":"pr","code":"71535218","ids":",pr71535218,","sources":",pr,","types":",origin,phase-data,","nst":12,"dmin":0.07092,"rms":0.15,"gap":213,"magType":"md","type":"earthquake","title":"M 2.6 - 5 km SW of Guánica, Puerto Rico"},"geometry":{"type":"Point","coordinates":[-66.9465,17.9443333333333,7.78]},"id":"pr71535218"},
{"type":"Feature","properties":{"mag":3.14,"place":"4 km NNE of Animas, Puerto Rico","time":1790802048480,"updated":1790803691350,"tz":null,"url":"https://earthquake.usgs.gov/earthquakes/eventpage/pr71535213","detail":"https://earthquake.usgs.gov/earthquakes/feed/v1.0/detail/pr71535213.geojson","felt":null,"cdi":null,"mmi":null,"alert":null,"status":"reviewed","tsunami":0,"sig":152,"net":"pr","code":"71535213","ids":",pr71535213,","sources":",pr,","types":",origin,phase-data,","nst":17,"dmin":0.1865,"rms":0.21,"gap":185,"magType":"md","type":"earthquake","title":"M 3.1 - 4 km NNE of Animas, Puerto Rico"},"geometry":{"type":"Point","coordinates":[-66.6136666666667,18.4778333333333,105.39]},"id":"pr71535213"},
{"type":"Feature","properties":{"mag":2.63,"place":"1 km SW of Anderson Springs, CA","time":1790801294500,"updated":1790813162379,"tz":null,"url":"https://earthquake.usgs.gov/earthquakes/eventpage/nc75441981","detail":"https://earthquake.usgs.gov/earthquakes/feed/v1.0/detail/nc75441981.geojson","felt":6,"cdi":3.6,"mmi":null,"alert":null,"status":"automatic","tsunami":0,"sig":109,"net":"nc","code":"75441981","ids":",nc75441981,","sources":",nc,","types":",dyfi,focal-mechanism,nearby-cities,origin,phase-data,scitech-link,","nst":68,"dmin":0.001997,"rms":0.09,"gap":27,"magType":"md","type":"earthquake","title":"M 2.6 - 1 km SW of Anderson Springs, CA"},"geometry":{"type":"Point","coordinates":[-122.700668334961,38.7664985656738,1.78999996185303]},"id":"nc75441981"},
{"type":"Feature","properties":{"mag":2.6,"place":"16 km ESE of Pearsall, Texas","time":1790797064260,"updated":1790803460040,"tz":null,"url":"https://earthquake.usgs.gov/earthquakes/eventpage/tx2026tguohs","detail":"https://earthquake.usgs.gov/earthquakes/feed/v1.0/detail/tx2026tguohs.geojson","felt":null,"cdi":null,"mmi":null,"alert":null,"status":"reviewed","tsunami":0,"sig":104,"net":"tx","code":"2026tguohs","ids":",us6000tyle,tx2026tguohs,","sources":",us,tx,","types":",origin,phase-data,","nst":34,"dmin":0.2,"rms":0.3,"gap":84,"magType":"ml","type":"earthquake","title":"M 2.6 - 16 km ESE of Pearsall, Texas"},"geometry":{"type":"Point","coordinates":[-98.928,28.851,7.6057]},"id":"tx2026tguohs"},
{"type":"Feature","properties":{"mag":4.2,"place":"286 km W of Adak, Alaska","time":1790795409166,"updated":1790889945578,"tz":null,"url":"https://earthquake.usgs.gov/earthquakes/eventpage/us6000tyl5","detail":"https://earthquake.usgs.gov/earthquakes/feed/v1.0/detail/us6000tyl5.geojson","felt":null,"cdi":null,"mmi":2.335,"alert":null,"status":"reviewed","tsunami":0,"sig":271,"net":"us","code":"6000tyl5","ids":",aka2026tjwhtq,us6000tyl5,","sources":",ak,us,","types":",origin,phase-data,shakemap,","nst":121,"dmin":0.256,"rms":0.86,"gap":37,"magType":"mb","type":"earthquake","title":"M 4.2 - 286 km W of Adak, Alaska"},"geometry":{"type":"Point","coordinates":[179.2118,51.8805,119.22]},"id":"us6000tyl5"},
{"type":"Feature","properties":{"mag":4.9,"place":"136 km SE of Petropavlovsk-Kamchatsky, Russia","time":1790793382667,"updated":1790794791040,"tz":null,"url":"https://earthquake.usgs.gov/earthquakes/eventpage/us6000tykw","detail":"https://earthquake.usgs.gov/earthquakes/feed/v1.0/detail/us6000tykw.geojson","felt":null,"cdi":null,"mmi":null,"alert":null,"status":"reviewed","tsunami":0,"sig":369,"net":"us","code":"6000tykw","ids":",us6000tykw,","sources":",us,","types":",origin,phase-data,","nst":138,"dmin":1.741,"rms":0.78,"gap":122,"magType":"mb","type":"earthquake","title":"M 4.9 - 136 km SE of Petropavlovsk-Kamchatsky, Russia"},"geometry":{"type":"Point","coordinates":[160.2895,52.3676,31.929]},"id":"us6000tykw"},
{"type":"Feature","properties":{"mag":5,"place":"142 km SE of Petropavlovsk-Kamchatsky, Russia","time":1790792479257,"updated":1790793462040,"tz":null,"url":"https://earthquake.usgs.gov/earthquakes/eventpage/us6000tyku","detail":"https://earthquake.usgs.gov/earthquakes/feed/v1.0/detail/us6000tyku.geojson","felt":null,"cdi":null,"mmi":null,"alert":null,"status":"reviewed","tsunami":0,"sig":385,"net":"us","code":"6000tyku","ids":",us6000tyku,","sources":",us,","types":",origin,phase-data,","nst":149,"dmin":1.788,"rms":0.58,"gap":124,"magType":"mb","type":"earthquake","title":"M 5.0 - 142 km SE of Petropavlovsk-Kamchatsky, Russia"},"geometry":{"type":"Point","coordinates":[160.3332,52.3167,35]},"id":"us6000tyku"},
{"type":"Feature","properties":{"mag":4.4,"place":"48 km WNW of Luwuk, Indonesia","time":1790785772799,"updated":1790788840040,"tz":null,"url":"https://earthquake.usgs.gov/earthquakes/eventpage/us6000tyke","detail":"https://earthquake.usgs.gov/earthquakes/feed/v1.0/detail/us6000tyke.geojson","felt":null,"cdi":null,"mmi":null,"alert":null,"status":"reviewed","tsunami":0,"sig":298,"net":"us","code":"6000tyke","ids":",us6000tyke,","sources":",us,","types":",origin,phase-data,","nst":42,"dmin":4.966,"rms":0.54,"gap":65,"magType":"mb","type":"earthquake","title":"M 4.4 - 48 km WNW of Luwuk, Indonesia"},"geometry":{"type":"Point","coordinates":[122.3906,-0.7769,10]},"id":"us6000tyke"},
{"type":"Feature","properties":{"mag":2.62,"place":"13 km NE of Pāhala, Hawaii","time":1790780543230,"updated":1790811112196,"tz":null,"url":"https://earthquake.usgs.gov/earthquakes/eventpage/hv75045952","detail":"https://earthquake.usgs.gov/earthquakes/feed/v1.0/detail/hv75045952.geojson","felt":1,"cdi":2,"mmi":null,"alert":null,"status":"reviewed","tsunami":0,"sig":106,"net":"hv","code":"75045952","ids":",hv75045952,us6000tyk1,","sources":",hv,us,","types":",dyfi,origin,phase-data,","nst":57,"dmin":0.04636,"rms":0.13,"gap":99,"magType":"ml","type":"earthquake","title":"M 2.6 - 13 km NE of Pāhala, Hawaii"},"geometry":{"type":"Point","coordinates":[-155.387833333333,19.2868333333333,30.5]},"id":"hv75045952"},
{"type":"Feature","properties":{"mag":2.6,"place":"38 km N of Cruz Bay, U.S. Virgin Islands","time":1790778765780,"updated":1790783326230,"tz":null,"url":"https://earthquake.usgs.gov/earthquakes/eventpage/pr71535193","detail":"https://earthquake.usgs.gov/earthquakes/feed/v1.0/detail/pr71535193.geojson","felt":null,"cdi":null,"mmi":null,"alert":null,"status":"reviewed","tsunami":0,"sig":104,"net":"pr","code":"71535193","ids":",pr71535193,","sources":",pr,","types":",origin,phase-data,","nst":4,"dmin":0.3259,"rms":0.14,"gap":244,"magType":"md","type":"earthquake","title":"M 2.6 - 38 km N of Cruz Bay, U.S. Virgin Islands"},"geometry":{"type":"Point","coordinates":[-64.8291666666667,18.6803333333333,19.9]},"id":"pr71535193"},
{"type":"Feature","properties":{"mag":2.9,"place":"61 km S of Whites City, New Mexico","time":1790775358370,"updated":1790781349041,"tz":null,"url":"https://earthquake.usgs.gov/earthquakes/eventpage/tx2026tgiogl","detail":"https://earthquake.usgs.gov/earthquakes/feed/v1.0/detail/tx2026tgiogl.geojson","felt":null,"cdi":null,"mmi":null,"alert":null,"status":"reviewed","tsunami":0,"sig":129,"net":"tx","code":"2026tgiogl","ids":",us6000tyju,tx2026tgiogl,","sources":",us,tx,","types":",origin,phase-data,","nst":48,"dmin":0.1,"rms":0.2,"gap":73,"magType":"ml","type":"earthquake","title":"M 2.9 - 61 km S of Whites City, New Mexico"},"geometry":{"type":"Point","coordinates":[-104.363,31.618,6.2024]},"id":"tx2026tgiogl"},
{"type":"Feature","properties":{"mag":4.6,"place":"83 km S of Yonakuni, Japan","time":1790769778808,"updated":1790852325040,"tz":null,"url":"https://earthquake.usgs.gov/earthquakes/eventpage/us6000tyjm","detail":"https://earthquake.usgs.gov/earthquakes/feed/v1.0/detail/us6000tyjm.geojson","felt":null,"cdi":null,"mmi":null,"alert":null,"status":"reviewed","tsunami":0,"sig":326,"net":"us","code":"6000tyjm","ids":",us6000tyjm,","sources":",us,","types":",origin,phase-data,","nst":34,"dmin":0.749,"rms":0.77,"gap":68,"magType":"mb","type":"earthquake","title":"M 4.6 - 83 km S of Yonakuni, Japan"},"geometry":{"type":"Point","coordinates":[122.8749,23.725,10]},"id":"us6000tyjm"},
{"type":"Feature","properties":{"mag":4.4,"place":"47 km S of Trà My, Vietnam","time":1790767481639,"updated":1790769593040,"tz":null,"url":"https://earthquake.usgs.gov/earthquakes/eventpage/us6000tyjl","detail":"https://earthquake.usgs.gov/earthquakes/feed/v1.0/detail/us6000tyjl.geojson","felt":null,"cdi":null,"mmi":null,"alert":null,"status":"reviewed","tsunami":0,"sig":298,"net":"us","code":"6000tyjl","ids":",us6000tyjl,","sources":",us,","types":",origin,phase-data,","nst":28,"dmin":4.178,"rms":0.76,"gap":102,"magType":"mb","type":"earthquake","title":"M 4.4 - 47 km S of Trà My, Vietnam"},"geometry":{"type":"Point","coordinates":[108.2955,14.9174,10]},"id":"us6000tyjl"},
{"type":"Feature","properties":{"mag":4.5,"place":"271 km S of Dunhuang, China","time":1790767291407,"updated":1790930412040,"tz":null,"url":"https://earthquake.usgs.gov/earthquakes/eventpage/us6000tyjg","detail":"https://earthquake.usgs.gov/earthquakes/feed/v1.0/detail/us6000tyjg.geojson","felt":null,"cdi":null,"mmi":null,"alert":null,"status":"reviewed","tsunami":0,"sig":312,"net":"us","code":"6000tyjg","ids":",us6000tyjg,","sources":",us,","types":",origin,phase-data,","nst":58,"dmin":6.973,"rms":0.59,"gap":91,"magType":"mb","type":"earthquake","title":"M 4.5 - 271 km S of Dunhuang, China"},"geometry":{"type":"Point","coordinates":[95.2949,37.7681,10]},"id":"us6000tyjg"},
{"type":"Feature","properties":{"mag":5,"place":"27 km N of Kupang, Indonesia","time":1790765930586,"updated":1790767784285,"tz":null,"url":"https://earthquake.usgs.gov/earthquakes/eventpage/us6000tyjb","detail":"https://earthquake.usgs.gov/earthquakes/feed/v1.0/detail/us6000tyjb.geojson","felt":1,"cdi":3.4,"mmi":null,"alert":null,"status":"reviewed","tsunami":0,"sig":385,"net":"us","code":"6000tyjb","ids":",us6000tyjb,","sources":",us,","types":",dyfi,origin,phase-data,","nst":68,"dmin":6.221,"rms":0.74,"gap":90,"magType":"mb","type":"earthquake","title":"M 5.0 - 27 km N of Kupang, Indonesia"},"geometry":{"type":"Point","coordinates":[123.6462,-9.9243,19.368]},"id":"us6000tyjb"},
{"type":"Feature","properties":{"mag":3.58,"place":"127 km NNE of Vieques, Puerto Rico","time":1790765800600,"updated":1790770905580,"tz":null,"url":"https://earthquake.usgs.gov/earthquakes/eventpage/pr2026273001","detail":"https://earthquake.usgs.gov/earthquakes/feed/v1.0/detail/pr2026273001.geojson","felt":null,"cdi":null,"mmi":null,"alert":null,"status":"reviewed","tsunami":0,"sig":197,"net":"pr","code":"2026273001","ids":",pr2026273001,","sources":",pr,","types":",origin,phase-data,","nst":5,"dmin":1.1549,"rms":0.24,"gap":276,"magType":"md","type":"earthquake","title":"M 3.6 - 127 km NNE of Vieques, Puerto Rico"},"geometry":{"type":"Point","coordinates":[-65.3035,19.4623,77]},"id":"pr2026273001"},
{"type":"Feature","properties":{"mag":3.1,"place":"26 km N of Glacier View, Alaska","time":1790764307887,"updated":1790848943040,"tz":null,"url":"https://earthquake.usgs.gov/earthquakes/eventpage/aka2026tjfajm","detail":"https://earthquake.usgs.gov/earthquakes/feed/v1.0/detail/aka2026tjfajm.geojson","felt":1,"cdi":1,"mmi":null,"alert":null,"status":"automatic","tsunami":0,"sig":148,"net":"ak","code":"a2026tjfajm","ids":",aka2026tjfajm,us6000tyj5,","sources":",ak,us,","types":",dyfi,origin,phase-data,","nst":150,"dmin":0.3,"rms":1.1,"gap":20,"magType":"ml","type":"earthquake","title":"M 3.1 - 26 km N of Glacier View, Alaska"},"geometry":{"type":"Point","coordinates":[-147.635,62.048,20.8]},"id":"aka2026tjfajm"},
{"type":"Feature","properties":{"mag":3.1,"place":"20 km WNW of Stanton, Texas","time":1790763949372,"updated":1790780986838,"tz":null,"url":"https://earthquake.usgs.gov/earthquakes/eventpage/tx2026tgcgrj","detail":"https://earthquake.usgs.gov/earthquakes/feed/v1.0/detail/tx2026tgcgrj.geojson","felt":1,"cdi":3.1,"mmi":null,"alert":null,"status":"reviewed","tsunami":0,"sig":148,"net":"tx","code":"2026tgcgrj","ids":",tx2026tgcgrj,us6000tyj4,","sources":",tx,us,","types":",dyfi,origin,phase-data,","nst":52,"dmin":0.1,"rms":0.2,"gap":50,"magType":"ml","type":"earthquake","title":"M 3.1 - 20 km WNW of Stanton, Texas"},"geometry":{"type":"Point","coordinates":[-101.976,32.222,7.7881]},"id":"tx2026tgcgrj"},
{"type":"Feature","properties":{"mag":3.6,"place":"109 km NE of Cruz Bay, U.S. Virgin Islands","time":1790759990810,"updated":1790844891040,"tz":null,"url":"https://earthquake.usgs.gov/earthquakes/eventpage/pr2026273000","detail":"https://earthquake.usgs.gov/earthquakes/feed/v1.0/detail/pr2026273000.geojson","felt":null,"cdi":null,"mmi":null,"alert":null,"status":"reviewed","tsunami":0,"sig":199,"net":"pr","code":"2026273000","ids":",us6000tyj9,pr2026273000,","sources":",us,pr,","types":",origin,phase-data,","nst":4,"dmin":0.8338,"rms":0.46,"gap":329,"magType":"ml","type":"earthquake","title":"M 3.6 - 109 km NE of Cruz Bay, U.S. Virgin Islands"},"geometry":{"type":"Point","coordinates":[-64.022,18.9975,80]},"id":"pr2026273000"},
{"type":"Feature","properties":{"mag":3.3,"place":"61 km S of Whites City, New Mexico","time":1790758213448,"updated":1790844889468,"tz":null,"url":"https://earthquake.usgs.gov/earthquakes/eventpage/tx2026tfzcgy","detail":"https://earthquake.usgs.gov/earthquakes/feed/v1.0/detail/tx2026tfzcgy.geojson","felt":null,"cdi":null,"mmi":3.93,"alert":null,"status":"reviewed","tsunami":0,"sig":168,"net":"tx","code":"2026tfzcgy","ids":",us6000tyiy,tx2026tfzcgy,","sources":",us,tx,","types":",origin,phase-data,shakemap,","nst":54,"dmin":0.1,"rms":0.2,"gap":73,"magType":"ml","type":"earthquake","title":"M 3.3 - 61 km S of Whites City, New Mexico"},"geometry":{"type":"Point","coordinates":[-104.364,31.624,6.9714]},"id":"tx2026tfzcgy"},
{"type":"Feature","properties":{"mag":2.5,"place":"7 km WSW of Willow, Alaska","time":1790756542630,"updated":1790787504506,"tz":null,"url":"https://earthquake.usgs.gov/earthquakes/eventpage/aka2026tjasea","detail":"https://earthquake.usgs.gov/earthquakes/feed/v1.0/detail/aka2026tjasea.geojson","felt":4,"cdi":2.7,"mmi":null,"alert":null,"status":"reviewed","tsunami":0,"sig":97,"net":"ak","code":"a2026tjasea","ids":",aka2026tjasea,","sources":",ak,","types":",dyfi,origin,phase-data,","nst":66,"dmin":0.4,"rms":0.8,"gap":57,"magType":"ml","type":"earthquake","title":"M 2.5 - 7 km WSW of Willow, Alaska"},"geometry":{"type":"Point","coordinates":[-150.174,61.731,5]},"id":"aka2026tjasea"},
{"type":"Feature","properties":{"mag":5.1,"place":"121 km S of Kokopo, Papua New Guinea","time":1790756117486,"updated":1790757071040,"tz":null,"url":"https://earthquake.usgs.gov/earthquakes/eventpage/us6000tyit","detail":"https://earthquake.usgs.gov/earthquakes/feed/v1.0/detail/us6000tyit.geojson","felt":null,"cdi":null,"mmi":null,"alert":null,"status":"reviewed","tsunami":0,"sig":400,"net":"us","code":"6000tyit","ids":",us6000tyit,","sources":",us,","types":",origin,phase-data,","nst":54,"dmin":1.236,"rms":0.8,"gap":133,"magType":"mb","type":"earthquake","title":"M 5.1 - 121 km S of Kokopo, Papua New Guinea"},"geometry":{"type":"Point","coordinates":[152.1328,-5.435,28.026]},"id":"us6000tyit"},
{"type":"Feature","properties":{"mag":4.2,"place":"11 km WNW of Ashkāsham, Afghanistan","time":1790753942750,"updated":1790759471040,"tz":null,"url":"https://earthquake.usgs.gov/earthquakes/eventpage/us6000tyil","detail":"https://earthquake.usgs.gov/earthquakes/feed/v1.0/detail/us6000tyil.geojson","felt":null,"cdi":null,"mmi":null,"alert":null,"status":"reviewed","tsunami":0,"sig":271,"net":"us","code":"6000tyil","ids":",us6000tyil,","sources":",us,","types":",origin,phase-data,","nst":19,"dmin":1.791,"rms":0.67,"gap":125,"magType":"mb","type":"earthquake","title":"M 4.2 - 11 km WNW of Ashkāsham, Afghanistan"},"geometry":{"type":"Point","coordinates":[71.4151,36.734,171.389]},"id":"us6000tyil"},
{"type":"Feature","properties":{"mag":5.2,"place":"Balleny Islands region","time":1790752036005,"updated":1790754131040,"tz":null,"url":"https://earthquake.usgs.gov/earthquakes/eventpage/us6000tyik","detail":"https://earthquake.usgs.gov/earthquakes/feed/v1.0/detail/us6000tyik.geojson","felt":null,"cdi":null,"mmi":null,"alert":null,"status":"reviewed","tsunami":0,"sig":416,"net":"us","code":"6000tyik","ids":",us6000tyik,","sources":",us,","types":",origin,phase-data,","nst":27,"dmin":14.433,"rms":1.18,"gap":81,"magType":"mww","type":"earthquake","title":"M 5.2 - Balleny Islands region"},"geometry":{"type":"Point","coordinates":[171.414,-63.5619,10]},"id":"us6000tyik"},
{"type":"Feature","properties":{"mag":5,"place":"83 km NE of Tadine, New Caledonia","time":1790751003339,"updated":1790752024040,"tz":null,"url":"https://earthquake.usgs.gov/earthquakes/eventpage/us6000tyid","detail":"https://earthquake.usgs.gov/earthquakes/feed/v1.0/detail/us6000tyid.geojson","felt":null,"cdi":null,"mmi":null,"alert":null,"status":"reviewed","tsunami":0,"sig":385,"net":"us","code":"6000tyid","ids":",us6000tyid,","sources":",us,","types":",origin,phase-data,","nst":34,"dmin":1.855,"rms":1,"gap":163,"magType":"mb","type":"earthquake","title":"M 5.0 - 83 km NE of Tadine, New Caledonia"},"geometry":{"type":"Point","coordinates":[168.4237,-20.988,10]},"id":"us6000tyid"},
{"type":"Feature","properties":{"mag":4.6,"place":"3 km W of Thívai, Greece","time":1790745659067,"updated":1790758891040,"tz":null,"url":"https://earthquake.usgs.gov/earthquakes/eventpage/us6000tyhn","detail":"https://earthquake.usgs.gov/earthquakes/feed/v1.0/detail/us6000tyhn.geojson","felt":null,"cdi":null,"mmi":null,"alert":null,"status":"reviewed","tsunami":0,"sig":326,"net":"us","code":"6000tyhn","ids":",us6000tyhn,","sources":",us,","types":",origin,phase-data,","nst":34,"dmin":1.012,"rms":0.55,"gap":63,"magType":"mb","type":"earthquake","title":"M 4.6 - 3 km W of Thívai, Greece"},"geometry":{"type":"Point","coordinates":[23.2795,38.3276,9.833]},"id":"us6000tyhn"},
{"type":"Feature","properties":{"mag":5.6,"place":"74 km S of Yonakuni, Japan","time":1790744424971,"updated":1790831202559,"tz":null,"url":"https://earthquake.usgs.gov/earthquakes/eventpage/us6000tyhk","detail":"https://earthquake.usgs.gov/earthquakes/feed/v1.0/detail/us6000tyhk.geojson","felt":11,"cdi":4.1,"mmi":3.787,"alert":"green","status":"reviewed","tsunami":0,"sig":487,"net":"us","code":"6000tyhk","ids":",us6000tyhk,","sources":",us,","types":",dyfi,losspager,moment-tensor,origin,phase-data,shakemap,","nst":94,"dmin":0.667,"rms":1.07,"gap":46,"magType":"mww","type":"earthquake","title":"M 5.6 - 74 km S of Yonakuni, Japan"},"geometry":{"type":"Point","coordinates":[122.9149,23.8027,10.792]},"id":"us6000tyhk"},
{"type":"Feature","properties":{"mag":5.4,"place":"Balleny Islands region","time":1790743686031,"updated":1790830415538,"tz":null,"url":"https://earthquake.usgs.gov/earthquakes/eventpage/us6000tyhi","detail":"https://earthquake.usgs.gov/earthquakes/feed/v1.0/detail/us6000tyhi.geojson","felt":null,"cdi":null,"mmi":0,"alert":"green","status":"reviewed","tsunami":0,"sig":449,"net":"us","code":"6000tyhi","ids":",us6000tyhi,","sources":",us,","types":",losspager,origin,phase-data,shakemap,","nst":16,"dmin":14.936,"rms":0.91,"gap":129,"magType":"mww","type":"earthquake","title":"M 5.4 - Balleny Islands region"},"geometry":{"type":"Point","coordinates":[169.2156,-63.0088,10]},"id":"us6000tyhi"},
{"type":"Feature","properties":{"mag":4.2,"place":"39 km W of Plan de Ayala, Mexico","time":1790741219706,"updated":1790741995040,"tz":null,"url":"https://earthquake.usgs.gov/earthquakes/eventpage/us6000tyhe","detail":"https://earthquake.usgs.gov/earthquakes/feed/v1.0/detail/us6000tyhe.geojson","felt":null,"cdi":null,"mmi":null,"alert":null,"status":"reviewed","tsunami":0,"sig":271,"net":"us","code":"6000tyhe","ids":",us6000tyhe,","sources":",us,","types":",origin,phase-data,","nst":21,"dmin":2.03,"rms":1.44,"gap":140,"magType":"mb","type":"earthquake","title":"M 4.2 - 39 km W of Plan de Ayala, Mexico"},"geometry":{"type":"Point","coordinates":[-93.8603,17.4713,177.736]},"id":"us6000tyhe"},
{"type":"Feature","properties":{"mag":3.81008714964485,"place":"4 km SE of Piru, CA","time":1790737227210,"updated":1791137094526,"tz":null,"url":"https://earthquake.usgs.gov/earthquakes/eventpage/ci41340823","detail":"https://earthquake.usgs.gov/earthquakes/feed/v1.0/detail/ci41340823.geojson","felt":204,"cdi":3.4,"mmi":3.381,"alert":null,"status":"reviewed","tsunami":0,"sig":293,"net":"ci","code":"41340823","ids":",ci41340823,us6000tyh1,","sources":",ci,us,","types":",dyfi,focal-mechanism,nearby-cities,origin,phase-data,scitech-link,shakemap,","nst":121,"dmin":0.08918,"rms":0.27,"gap":13,"magType":"mw","type":"earthquake","title":"M 3.8 - 4 km SE of Piru, CA"},"geometry":{"type":"Point","coordinates":[-118.763166666667,34.3933333333333,9.59]},"id":"ci41340823"},
{"type":"Feature","properties":{"mag":4.5,"place":"112 km SSW of Banda Aceh, Indonesia","time":1790735750369,"updated":1790737310040,"tz":null,"url":"https://earthquake.usgs.gov/earthquakes/eventpage/us6000tyh0","detail":"https://earthquake.usgs.gov/earthquakes/feed/v1.0/detail/us6000tyh0.geojson","felt":null,"cdi":null,"mmi":null,"alert":null,"status":"reviewed","tsunami":0,"sig":312,"net":"us","code":"6000tyh0","ids":",us6000tyh0,","sources":",us,","types":",origin,phase-data,","nst":31,"dmin":5.811,"rms":0.92,"gap":183,"magType":"mb","type":"earthquake","title":"M 4.5 - 112 km SSW of Banda Aceh, Indonesia"},"geometry":{"type":"Point","coordinates":[94.8515,4.6488,33.873]},"id":"us6000tyh0"},
{"type":"Feature","properties":{"mag":4.5,"place":"104 km SSE of Sarangani, Philippines","time":1790735444716,"updated":1790736759040,"tz":null,"url":"https://earthquake.usgs.gov/earthquakes/eventpage/us6000tygz","detail":"https://earthquake.usgs.gov/earthquakes/feed/v1.0/detail/us6000tygz.geojson","felt":null,"cdi":null,"mmi":null,"alert":null,"status":"reviewed","tsunami":0,"sig":312,"net":"us","code":"6000tygz","ids":",us6000tygz,","sources":",us,","types":",origin,phase-data,","nst":24,"dmin":2.556,"rms":0.8,"gap":94,"magType":"mb","type":"earthquake","title":"M 4.5 - 104 km SSE of Sarangani, Philippines"},"geometry":{"type":"Point","coordinates":[125.7472,4.5021,156.847]},"id":"us6000tygz"},
{"type":"Feature","properties":{"mag":4.8,"place":"18 km SW of Tayaman, Philippines","time":1790732045751,"updated":1790747410011,"tz":null,"url":"https://earthquake.usgs.gov/earthquakes/eventpage/us6000tygs","detail":"https://earthquake.usgs.gov/earthquakes/feed/v1.0/detail/us6000tygs.geojson","felt":4,"cdi":2.7,"mmi":null,"alert":null,"status":"reviewed","tsunami":0,"sig":356,"net":"us","code":"6000tygs","ids":",us6000tygs,","sources":",us,","types":",dyfi,origin,phase-data,","nst":52,"dmin":7.814,"rms":1.1,"gap":97,"magType":"mb","type":"earthquake","title":"M 4.8 - 18 km SW of Tayaman, Philippines"},"geometry":{"type":"Point","coordinates":[120.4734,13.0922,10]},"id":"us6000tygs"},
{"type":"Feature","properties":{"mag":4.8,"place":"75 km NE of Tadine, New Caledonia","time":1790731067844,"updated":1790732108040,"tz":null,"url":"https://earthquake.usgs.gov/earthquakes/eventpage/us6000tygq","detail":"https://earthquake.usgs.gov/earthquakes/feed/v1.0/detail/us6000tygq.geojson","felt":null,"cdi":null,"mmi":null,"alert":null,"status":"reviewed","tsunami":0,"sig":354,"net":"us","code":"6000tygq","ids":",us6000tygq,","sources":",us,","types":",origin,phase-data,","nst":30,"dmin":1.795,"rms":0.6,"gap":143,"magType":"mb","type":"earthquake","title":"M 4.8 - 75 km NE of Tadine, New Caledonia"},"geometry":{"type":"Point","coordinates":[168.3284,-21.0085,10]},"id":"us6000tygq"},
{"type":"Feature","properties":{"mag":2.49,"place":"9 km SW of Puako, Hawaii","time":1790730453630,"updated":1790909271370,"tz":null,"url":"https://earthquake.usgs.gov/earthquakes/eventpage/hv75045547","detail":"https://earthquake.usgs.gov/earthquakes/feed/v1.0/detail/hv75045547.geojson","felt":null,"cdi":null,"mmi":null,"alert":null,"status":"reviewed","tsunami":0,"sig":95,"net":"hv","code":"75045547","ids":",us6000tygl,hv75045547,","sources":",us,hv,","types":",origin,phase-data,","nst":46,"dmin":0.2195,"rms":0.16,"gap":175,"magType":"ml","type":"earthquake","title":"M 2.5 - 9 km SW of Puako, Hawaii"},"geometry":{"type":"Point","coordinates":[-155.891,19.899,40.35]},"id":"hv75045547"},
{"type":"Feature","properties":{"mag":4.4,"place":"142 km SSW of La Esperanza (El Zapotal), Mexico","time":1790727925138,"updated":1790731577040,"tz":null,"url":"https://earthquake.usgs.gov/earthquakes/eventpage/us6000tygh","detail":"https://earthquake.usgs.gov/earthquakes/feed/v1.0/detail/us6000tygh.geojson","felt":null,"cdi":null,"mmi":null,"alert":null,"status":"reviewed","tsunami":0,"sig":298,"net":"us","code":"6000tygh","ids":",us6000tygh,","sources":",us,","types":",origin,phase-data,","nst":38,"dmin":2.538,"rms":0.87,"gap":195,"magType":"mb","type":"earthquake","title":"M 4.4 - 142 km SSW of La Esperanza (El Zapotal), Mexico"},"geometry":{"type":"Point","coordinates":[-93.8464,14.3416,10]},"id":"us6000tygh"},
{"type":"Feature","properties":{"mag":2.49,"place":"12 km NNE of San Lucas, CA","time":1790725186170,"updated":1790725280783,"tz":null,"url":"https://earthquake.usgs.gov/earthquakes/eventpage/nc75441671","detail":"https://earthquake.usgs.gov/earthquakes/feed/v1.0/detail/nc75441671.geojson","felt":null,"cdi":null,"mmi":null,"alert":null,"status":"automatic","tsunami":0,"sig":95,"net":"nc","code":"75441671","ids":",nc75441671,","sources":",nc,","types":",nearby-cities,origin,phase-data,","nst":7,"dmin":0.3513,"rms":0.13,"gap":225,"magType":"md","type":"earthquake","title":"M 2.5 - 12 km NNE of San Lucas, CA"},"geometry":{"type":"Point","coordinates":[-120.977996826172,36.2361679077148,4.82999992370605]},"id":"nc75441671"},
{"type":"Feature","properties":{"mag":4.5,"place":"15 km SW of San Antonio, Colombia","time":1790718629969,"updated":1790720530040,"tz":null,"url":"https://earthquake.usgs.gov/earthquakes/eventpage/us6000tyfk","detail":"https://earthquake.usgs.gov/earthquakes/feed/v1.0/detail/us6000tyfk.geojson","felt":null,"cdi":null,"mmi":null,"alert":null,"status":"reviewed","tsunami":0,"sig":312,"net":"us","code":"6000tyfk","ids":",us6000tyfk,","sources":",us,","types":",origin,phase-data,","nst":21,"dmin":1.617,"rms":0.82,"gap":123,"magType":"mb","type":"earthquake","title":"M 4.5 - 15 km SW of San Antonio, Colombia"},"geometry":{"type":"Point","coordinates":[-75.5906,3.8311,10]},"id":"us6000tyfk"},
{"type":"Feature","properties":{"mag":4.15,"place":"6 km WNW of Wauna, Washington","time":1790715956370,"updated":1791141498595,"tz":null,"url":"https://earthquake.usgs.gov/earthquakes/eventpage/uw714111952","detail":"https://earthquake.usgs.gov/earthquakes/feed/v1.0/detail/uw714111952.geojson","felt":9547,"cdi":3.8,"mmi":3.452,"alert":"green","status":"reviewed","tsunami":0,"sig":645,"net":"uw","code":"714111952","ids":",ew1790715960,uw714111952,us6000tyf3,","sources":",ew,uw,us,","types":",dyfi,event-sequence,losspager,moment-tensor,oaf,origin,phase-data,shake-alert,shakemap,","nst":180,"dmin":0.04201,"rms":0.21,"gap":22,"magType":"ml","type":"earthquake","title":"M 4.2 - 6 km WNW of Wauna, Washington"},"geometry":{"type":"Point","coordinates":[-122.722,47.4003333333333,27.92]},"id":"uw714111952"},
{"type":"Feature","properties":{"mag":4.7,"place":"49 km N of Dicabisagan, Philippines","time":1790714750983,"updated":1790716331040,"tz":null,"url":"https://earthquake.usgs.gov/earthquakes/eventpage/us6000tyf0","detail":"https://earthquake.usgs.gov/earthquakes/feed/v1.0/detail/us6000tyf0.geojson","felt":null,"cdi":null,"mmi":null,"alert":null,"status":"reviewed","tsunami":0,"sig":340,"net":"us","code":"6000tyf0","ids":",us6000tyf0,","sources":",us,","types":",origin,phase-data,","nst":79,"dmin":5.411,"rms":0.77,"gap":92,"magType":"mb","type":"earthquake","title":"M 4.7 - 49 km N of Dicabisagan, Philippines"},"geometry":{"type":"Point","coordinates":[122.4136,17.5267,10]},"id":"us6000tyf0"},
{"type":"Feature","properties":{"mag":4.1,"place":"92 km NE of San Pedro de Atacama, Chile","time":1790706109888,"updated":1790715314040,"tz":null,"url":"https://earthquake.usgs.gov/earthquakes/eventpage/us6000tye9","detail":"https://earthquake.usgs.gov/earthquakes/feed/v1.0/detail/us6000tye9.geojson","felt":null,"cdi":null,"mmi":null,"alert":null,"status":"reviewed","tsunami":0,"sig":259,"net":"us","code":"6000tye9","ids":",us6000tye9,","sources":",us,","types":",origin,phase-data,","nst":27,"dmin":0.844,"rms":0.53,"gap":77,"magType":"mb","type":"earthquake","title":"M 4.1 - 92 km NE of San Pedro de Atacama, Chile"},"geometry":{"type":"Point","coordinates":[-67.5824,-22.3093,178.025]},"id":"us6000tye9"},
{"type":"Feature","properties":{"mag":4.7,"place":"50 km N of Fangale’ounga, Tonga","time":1790698382568,"updated":1790778029040,"tz":null,"url":"https://earthquake.usgs.gov/earthquakes/eventpage/us6000tycv","detail":"https://earthquake.usgs.gov/earthquakes/feed/v1.0/detail/us6000tycv.geojson","felt":null,"cdi":null,"mmi":null,"alert":null,"status":"reviewed","tsunami":0,"sig":340,"net":"us","code":"6000tycv","ids":",us6000tycv,","sources":",us,","types":",origin,phase-data,","nst":107,"dmin":5.858,"rms":0.66,"gap":75,"magType":"mb","type":"earthquake","title":"M 4.7 - 50 km N of Fangale’ounga, Tonga"},"geometry":{"type":"Point","coordinates":[-174.2536,-19.2971,56.776]},"id":"us6000tycv"},
{"type":"Feature","properties":{"mag":2.58,"place":"6 km W of Yountville, CA","time":1790697997410,"updated":1790833028369,"tz":null,"url":"https://earthquake.usgs.gov/earthquakes/eventpage/nc75444432","detail":"https://earthquake.usgs.gov/earthquakes/feed/v1.0/detail/nc75444432.geojson","felt":51,"cdi":3,"mmi":null,"alert":null,"status":"automatic","tsunami":0,"sig":118,"net":"nc","code":"75444432","ids":",nc75444432,","sources":",nc,","types":",dyfi,focal-mechanism,nearby-cities,origin,phase-data,scitech-link,","nst":81,"dmin":0.0509,"rms":0.15,"gap":32,"magType":"md","type":"earthquake","title":"M 2.6 - 6 km W of Yountville, CA"},"geometry":{"type":"Point","coordinates":[-122.424003601074,38.3988342285156,8.30000019073486]},"id":"nc75444432"},
{"type":"Feature","properties":{"mag":4.6,"place":"West Chile Rise","time":1790695878586,"updated":1790704528040,"tz":null,"url":"https://earthquake.usgs.gov/earthquakes/eventpage/us6000tycz","detail":"https://earthquake.usgs.gov/earthquakes/feed/v1.0/detail/us6000tycz.geojson","felt":null,"cdi":null,"mmi":null,"alert":null,"status":"reviewed","tsunami":0,"sig":326,"net":"us","code":"6000tycz","ids":",us6000tycz,","sources":",us,","types":",origin,phase-data,","nst":59,"dmin":13.749,"rms":0.32,"gap":76,"magType":"mb","type":"earthquake","title":"M 4.6 - West Chile Rise"},"geometry":{"type":"Point","coordinates":[-91.4145,-40.9373,10]},"id":"us6000tycz"},
{"type":"Feature","properties":{"mag":4.8,"place":"South Sandwich Islands region","time":1790695038167,"updated":1790776833040,"tz":null,"url":"https://earthquake.usgs.gov/earthquakes/eventpage/us6000tyck","detail":"https://earthquake.usgs.gov/earthquakes/feed/v1.0/detail/us6000tyck.geojson","felt":null,"cdi":null,"mmi":null,"alert":null,"status":"reviewed","tsunami":0,"sig":354,"net":"us","code":"6000tyck","ids":",us6000tyck,","sources":",us,","types":",origin,phase-data,","nst":73,"dmin":7.342,"rms":0.97,"gap":50,"magType":"mb","type":"earthquake","title":"M 4.8 - South Sandwich Islands region"},"geometry":{"type":"Point","coordinates":[-25.9552,-58.7473,114.229]},"id":"us6000tyck"},
{"type":"Feature","properties":{"mag":4.4,"place":"192 km ESE of Mil’kovo, Russia","time":1790692828155,"updated":1790702460040,"tz":null,"url":"https://earthquake.usgs.gov/earthquakes/eventpage/us6000tych","detail":"https://earthquake.usgs.gov/earthquakes/feed/v1.0/detail/us6000tych.geojson","felt":null,"cdi":null,"mmi":null,"alert":null,"status":"reviewed","tsunami":0,"sig":298,"net":"us","code":"6000tych","ids":",us6000tych,","sources":",us,","types":",origin,phase-data,","nst":61,"dmin":2.403,"rms":0.55,"gap":134,"magType":"mb","type":"earthquake","title":"M 4.4 - 192 km ESE of Mil’kovo, Russia"},"geometry":{"type":"Point","coordinates":[161.3866,54.0783,54.014]},"id":"us6000tych"},
{"type":"Feature","properties":{"mag":4.9,"place":"61 km NW of Pante Makasar, Timor Leste","time":1790691245529,"updated":1790774711040,"tz":null,"url":"https://earthquake.usgs.gov/earthquakes/eventpage/us6000tyc9","detail":"https://earthquake.usgs.gov/earthquakes/feed/v1.0/detail/us6000tyc9.geojson","felt":null,"cdi":null,"mmi":null,"alert":null,"status":"reviewed","tsunami":0,"sig":369,"net":"us","code":"6000tyc9","ids":",us6000tyc9,","sources":",us,","types":",origin,phase-data,","nst":34,"dmin":5.648,"rms":0.72,"gap":75,"magType":"mb","type":"earthquake","title":"M 4.9 - 61 km NW of Pante Makasar, Timor Leste"},"geometry":{"type":"Point","coordinates":[123.9679,-8.8321,153.006]},"id":"us6000tyc9"},
{"type":"Feature","properties":{"mag":5.5,"place":"southern Mid-Atlantic Ridge","time":1790687169941,"updated":1790789044040,"tz":null,"url":"https://earthquake.usgs.gov/earthquakes/eventpage/us6000tyc3","detail":"https://earthquake.usgs.gov/earthquakes/feed/v1.0/detail/us6000tyc3.geojson","felt":null,"cdi":null,"mmi":0,"alert":"green","status":"reviewed","tsunami":0,"sig":465,"net":"us","code":"6000tyc3","ids":",us6000tyc3,","sources":",us,","types":",losspager,moment-tensor,origin,phase-data,shakemap,","nst":138,"dmin":3.53,"rms":0.78,"gap":27,"magType":"mww","type":"earthquake","title":"M 5.5 - southern Mid-Atlantic Ridge"},"geometry":{"type":"Point","coordinates":[-16.0771,-35.2758,10]},"id":"us6000tyc3"},
{"type":"Feature","properties":{"mag":5.4,"place":"99 km SSE of Pangai, Tonga","time":1790685635064,"updated":1790772361098,"tz":null,"url":"https://earthquake.usgs.gov/earthquakes/eventpage/us6000tyc1","detail":"https://earthquake.usgs.gov/earthquakes/feed/v1.0/detail/us6000tyc1.geojson","felt":1,"cdi":1,"mmi":3.709,"alert":"green","status":"reviewed","tsunami":0,"sig":449,"net":"us","code":"6000tyc1","ids":",us6000tyc1,","sources":",us,","types":",dyfi,losspager,origin,phase-data,shakemap,","nst":43,"dmin":7.483,"rms":1.12,"gap":182,"magType":"mb","type":"earthquake","title":"M 5.4 - 99 km SSE of Pangai, Tonga"},"geometry":{"type":"Point","coordinates":[-174.0813,-20.6773,10]},"id":"us6000tyc1"},
{"type":"Feature","properties":{"mag":2.51,"place":"2 km SSW of Round Valley, CA","time":1790684324820,"updated":1790697465911,"tz":null,"url":"https://earthquake.usgs.gov/earthquakes/eventpage/nc75444342","detail":"https://earthquake.usgs.gov/earthquakes/feed/v1.0/detail/nc75444342.geojson","felt":null,"cdi":null,"mmi":null,"alert":null,"status":"automatic","tsunami":0,"sig":97,"net":"nc","code":"75444342","ids":",nc75444342,nn00925030,","sources":",nc,nn,","types":",nearby-cities,origin,phase-data,scitech-link,","nst":20,"dmin":0.1436,"rms":0.08,"gap":129,"magType":"md","type":"earthquake","title":"M 2.5 - 2 km SSW of Round Valley, CA"},"geometry":{"type":"Point","coordinates":[-118.605003356934,37.3976669311523,8.59000015258789]},"id":"nc75444342"},
{"type":"Feature","properties":{"mag":4.77,"place":"97 km W of Petrolia, CA","time":1790681799240,"updated":1791114401173,"tz":null,"url":"https://earthquake.usgs.gov/earthquakes/eventpage/nc75444322","detail":"https://earthquake.usgs.gov/earthquakes/feed/v1.0/detail/nc75444322.geojson","felt":20,"cdi":3.1,"mmi":2.268,"alert":"green","status":"reviewed","tsunami":0,"sig":356,"net":"nc","code":"75444322","ids":",ew1790681810,nc75444322,us6000tybt,","sources":",ew,nc,us,","types":",dyfi,event-sequence,losspager,moment-tensor,nearby-cities,oaf,origin,phase-data,scitech-link,shake-alert,shakemap,","nst":152,"dmin":0.8203,"rms":0.38,"gap":241,"magType":"mw","type":"earthquake","title":"M 4.8 - 97 km W of Petrolia, CA"},"geometry":{"type":"Point","coordinates":[-125.418333333333,40.4225,10]},"id":"nc75444322"},
{"type":"Feature","properties":{"mag":4.8,"place":"98 km SW of Port-Vila, Vanuatu","time":1790681268406,"updated":1790682345040,"tz":null,"url":"https://earthquake.usgs.gov/earthquakes/eventpage/us6000tybs","detail":"https://earthquake.usgs.gov/earthquakes/feed/v1.0/detail/us6000tybs.geojson","felt":null,"cdi":null,"mmi":null,"alert":null,"status":"reviewed","tsunami":0,"sig":354,"net":"us","code":"6000tybs","ids":",us6000tybs,","sources":",us,","types":",origin,phase-data,","nst":26,"dmin":3.845,"rms":1.09,"gap":115,"magType":"mb","type":"earthquake","title":"M 4.8 - 98 km SW of Port-Vila, Vanuatu"},"geometry":{"type":"Point","coordinates":[167.5446,-18.2306,10]},"id":"us6000tybs"},
{"type":"Feature","properties":{"mag":5,"place":"77 km ENE of Tadine, New Caledonia","time":1790678577409,"updated":1790679559040,"tz":null,"url":"https://earthquake.usgs.gov/earthquakes/eventpage/us6000tybr","detail":"https://earthquake.usgs.gov/earthquakes/feed/v1.0/detail/us6000tybr.geojson","felt":null,"cdi":null,"mmi":null,"alert":null,"status":"reviewed","tsunami":0,"sig":385,"net":"us","code":"6000tybr","ids":",us6000tybr,","sources":",us,","types":",origin,phase-data,","nst":31,"dmin":1.65,"rms":0.55,"gap":93,"magType":"mb","type":"earthquake","title":"M 5.0 - 77 km ENE of Tadine, New Caledonia"},"geometry":{"type":"Point","coordinates":[168.5924,-21.3447,10]},"id":"us6000tybr"},
{"type":"Feature","properties":{"mag":2.5,"place":"71 km WSW of Nanwalek, Alaska","time":1790677563088,"updated":1790677818975,"tz":null,"url":"https://earthquake.usgs.gov/earthquakes/eventpage/aka2026thiuub","detail":"https://earthquake.usgs.gov/earthquakes/feed/v1.0/detail/aka2026thiuub.geojson","felt":null,"cdi":null,"mmi":null,"alert":null,"status":"automatic","tsunami":0,"sig":96,"net":"ak","code":"a2026thiuub","ids":",aka2026thiuub,","sources":",ak,","types":",origin,phase-data,","nst":55,"dmin":0.7,"rms":1,"gap":222,"magType":"ml","type":"earthquake","title":"M 2.5 - 71 km WSW of Nanwalek, Alaska"},"geometry":{"type":"Point","coordinates":[-153.117,59.162,74.5]},"id":"aka2026thiuub"},
{"type":"Feature","properties":{"mag":4,"place":"64 km SE of King Cove, Alaska","time":1790677477599,"updated":1790706455993,"tz":null,"url":"https://earthquake.usgs.gov/earthquakes/eventpage/us6000tybl","detail":"https://earthquake.usgs.gov/earthquakes/feed/v1.0/detail/us6000tybl.geojson","felt":null,"cdi":null,"mmi":2.402,"alert":null,"status":"reviewed","tsunami":0,"sig":246,"net":"us","code":"6000tybl","ids":",aka2026thitnz,us6000tybl,","sources":",ak,us,","types":",origin,phase-data,shakemap,","nst":37,"dmin":0.877,"rms":0.54,"gap":179,"magType":"mb","type":"earthquake","title":"M 4.0 - 64 km SE of King Cove, Alaska"},"geometry":{"type":"Point","coordinates":[-161.5901,54.66,49.875]},"id":"us6000tybl"},
{"type":"Feature","properties":{"mag":4.5,"place":"96 km ENE of Alianza Cristiana, Peru","time":1790677334613,"updated":1790678869040,"tz":null,"url":"https://earthquake.usgs.gov/earthquakes/eventpage/us6000tybk","detail":"https://earthquake.usgs.gov/earthquakes/feed/v1.0/detail/us6000tybk.geojson","felt":null,"cdi":null,"mmi":null,"alert":null,"status":"reviewed","tsunami":0,"sig":312,"net":"us","code":"6000tybk","ids":",us6000tybk,","sources":",us,","types":",origin,phase-data,","nst":83,"dmin":2.879,"rms":0.52,"gap":95,"magType":"mb","type":"earthquake","title":"M 4.5 - 96 km ENE of Alianza Cristiana, Peru"},"geometry":{"type":"Point","coordinates":[-75.6413,-3.1213,134.763]},"id":"us6000tybk"},
{"type":"Feature","properties":{"mag":3.2,"place":"28 km W of Elfin Cove, Alaska","time":1790676875593,"updated":1790753865040,"tz":null,"url":"https://earthquake.usgs.gov/earthquakes/eventpage/aka2026thikql","detail":"https://earthquake.usgs.gov/earthquakes/feed/v1.0/detail/aka2026thikql.geojson","felt":null,"cdi":null,"mmi":null,"alert":null,"status":"automatic","tsunami":0,"sig":158,"net":"ak","code":"a2026thikql","ids":",us6000tybi,aka2026thikql,","sources":",us,ak,","types":",origin,phase-data,","nst":14,"dmin":0.4,"rms":1,"gap":165,"magType":"ml","type":"earthquake","title":"M 3.2 - 28 km W of Elfin Cove, Alaska"},"geometry":{"type":"Point","coordinates":[-136.833,58.195,8]},"id":"aka2026thikql"},
{"type":"Feature","properties":{"mag":3.07,"place":"19 km W of Preston, Nevada","time":1790675411265,"updated":1790753092040,"tz":null,"url":"https://earthquake.usgs.gov/earthquakes/eventpage/nn00925017","detail":"https://earthquake.usgs.gov/earthquakes/feed/v1.0/detail/nn00925017.geojson","felt":null,"cdi":null,"mmi":null,"alert":null,"status":"reviewed","tsunami":0,"sig":145,"net":"nn","code":"00925017","ids":",us6000tybh,nn00925017,","sources":",us,nn,","types":",origin,phase-data,","nst":8,"dmin":0.375,"rms":0.1433,"gap":188,"magType":"ml","type":"earthquake","title":"M 3.1 - 19 km W of Preston, Nevada"},"geometry":{"type":"Point","coordinates":[-115.2879,38.9214,0]},"id":"nn00925017"},
{"type":"Feature","properties":{"mag":4.5,"place":"95 km SSW of Ocós, Guatemala","time":1790670116906,"updated":1790683567040,"tz":null,"url":"https://earthquake.usgs.gov/earthquakes/eventpage/us6000tyb6","detail":"https://earthquake.usgs.gov/earthquakes/feed/v1.0/detail/us6000tyb6.geojson","felt":null,"cdi":null,"mmi":null,"alert":null,"status":"reviewed","tsunami":0,"sig":312,"net":"us","code":"6000tyb6","ids":",us6000tyb6,","sources":",us,","types":",origin,phase-data,","nst":48,"dmin":2.55,"rms":1.33,"gap":189,"magType":"mb","type":"earthquake","title":"M 4.5 - 95 km SSW of Ocós, Guatemala"},"geometry":{"type":"Point","coordinates":[-92.6345,13.7623,41.479]},"id":"us6000tyb6"},
{"type":"Feature","properties":{"mag":2.5,"place":"12 km N of Karluk, Alaska","time":1790669868081,"updated":1790670060146,"tz":null,"url":"https://earthquake.usgs.gov/earthquakes/eventpage/aka2026thenke","detail":"https://earthquake.usgs.gov/earthquakes/feed/v1.0/detail/aka2026thenke.geojson","felt":null,"cdi":null,"mmi":null,"alert":null,"status":"automatic","tsunami":0,"sig":96,"net":"ak","code":"a2026thenke","ids":",aka2026thenke,","sources":",ak,","types":",origin,phase-data,","nst":46,"dmin":0.5,"rms":0.5,"gap":97,"magType":"ml","type":"earthquake","title":"M 2.5 - 12 km N of Karluk, Alaska"},"geometry":{"type":"Point","coordinates":[-154.489,57.678,58.8]},"id":"aka2026thenke"},
{"type":"Feature","properties":{"mag":4.8,"place":"South Sandwich Islands region","time":1790663929006,"updated":1790665102040,"tz":null,"url":"https://earthquake.usgs.gov/earthquakes/eventpage/us6000tyat","detail":"https://earthquake.usgs.gov/earthquakes/feed/v1.0/detail/us6000tyat.geojson","felt":null,"cdi":null,"mmi":null,"alert":null,"status":"reviewed","tsunami":0,"sig":354,"net":"us","code":"6000tyat","ids":",us6000tyat,","sources":",us,","types":",origin,phase-data,","nst":53,"dmin":4.748,"rms":0.88,"gap":66,"magType":"mb","type":"earthquake","title":"M 4.8 - South Sandwich Islands region"},"geometry":{"type":"Point","coordinates":[-28.4628,-55.2555,35]},"id":"us6000tyat"},
{"type":"Feature","properties":{"mag":4.4,"place":"102 km E of Miyako, Japan","time":1790662594063,"updated":1790672648040,"tz":null,"url":"https://earthquake.usgs.gov/earthquakes/eventpage/us6000tyap","detail":"https://earthquake.usgs.gov/earthquakes/feed/v1.0/detail/us6000tyap.geojson","felt":null,"cdi":null,"mmi":null,"alert":null,"status":"reviewed","tsunami":0,"sig":298,"net":"us","code":"6000tyap","ids":",us6000tyap,","sources":",us,","types":",origin,phase-data,","nst":35,"dmin":1.931,"rms":0.45,"gap":189,"magType":"mb","type":"earthquake","title":"M 4.4 - 102 km E of Miyako, Japan"},"geometry":{"type":"Point","coordinates":[143.1352,39.6854,36.868]},"id":"us6000tyap"},
{"type":"Feature","properties":{"mag":4.8,"place":"South Sandwich Islands region","time":1790655387199,"updated":1790656431040,"tz":null,"url":"https://earthquake.usgs.gov/earthquakes/eventpage/us6000tyab","detail":"https://earthquake.usgs.gov/earthquakes/feed/v1.0/detail/us6000tyab.geojson","felt":null,"cdi":null,"mmi":null,"alert":null,"status":"reviewed","tsunami":0,"sig":354,"net":"us","code":"6000tyab","ids":",us6000tyab,","sources":",us,","types":",origin,phase-data,","nst":27,"dmin":4.9,"rms":0.41,"gap":105,"magType":"mb","type":"earthquake","title":"M 4.8 - South Sandwich Islands region"},"geometry":{"type":"Point","coordinates":[-28.2098,-55.3157,35.08]},"id":"us6000tyab"},
{"type":"Feature","properties":{"mag":2.57,"place":"4 km NNE of Aguas Buenas, Puerto Rico","time":1790655276820,"updated":1790659831240,"tz":null,"url":"https://earthquake.usgs.gov/earthquakes/eventpage/pr71535083","detail":"https://earthquake.usgs.gov/earthquakes/feed/v1.0/detail/pr71535083.geojson","felt":null,"cdi":null,"mmi":null,"alert":null,"status":"reviewed","tsunami":0,"sig":102,"net":"pr","code":"71535083","ids":",pr71535083,","sources":",pr,","types":",origin,phase-data,","nst":21,"dmin":0.01771,"rms":0.12,"gap":67,"magType":"md","type":"earthquake","title":"M 2.6 - 4 km NNE of Aguas Buenas, Puerto Rico"},"geometry":{"type":"Point","coordinates":[-66.0948333333333,18.2948333333333,65.66]},"id":"pr71535083"},
{"type":"Feature","properties":{"mag":5.3,"place":"76 km NE of Tadine, New Caledonia","time":1790652234418,"updated":1790655241080,"tz":null,"url":"https://earthquake.usgs.gov/earthquakes/eventpage/us6000tya5","detail":"https://earthquake.usgs.gov/earthquakes/feed/v1.0/detail/us6000tya5.geojson","felt":1,"cdi":3.1,"mmi":null,"alert":null,"status":"reviewed","tsunami":0,"sig":432,"net":"us","code":"6000tya5","ids":",us6000tya5,","sources":",us,","types":",dyfi,moment-tensor,origin,phase-data,","nst":73,"dmin":1.775,"rms":0.72,"gap":75,"magType":"mww","type":"earthquake","title":"M 5.3 - 76 km NE of Tadine, New Caledonia"},"geometry":{"type":"Point","coordinates":[168.4092,-21.0716,10]},"id":"us6000tya5"},
{"type":"Feature","properties":{"mag":3,"place":"17 km E of Eagle Village, Alaska","time":1790648792341,"updated":1790649182040,"tz":null,"url":"https://earthquake.usgs.gov/earthquakes/eventpage/us6000ty9x","detail":"https://earthquake.usgs.gov/earthquakes/feed/v1.0/detail/us6000ty9x.geojson","felt":null,"cdi":null,"mmi":null,"alert":null,"status":"reviewed","tsunami":0,"sig":138,"net":"us","code":"6000ty9x","ids":",us6000ty9x,","sources":",us,","types":",origin,phase-data,","nst":27,"dmin":0.897,"rms":0.9,"gap":80,"magType":"ml","type":"earthquake","title":"M 3.0 - 17 km E of Eagle Village, Alaska"},"geometry":{"type":"Point","coordinates":[-140.7479,64.7884,8.676]},"id":"us6000ty9x"},
{"type":"Feature","properties":{"mag":3.37,"place":"7 km E of La Romana, Dominican Republic","time":1790646386910,"updated":1790649800040,"tz":null,"url":"https://earthquake.usgs.gov/earthquakes/eventpage/pr71535063","detail":"https://earthquake.usgs.gov/earthquakes/feed/v1.0/detail/pr71535063.geojson","felt":null,"cdi":null,"mmi":null,"alert":null,"status":"reviewed","tsunami":0,"sig":175,"net":"pr","code":"71535063","ids":",us6000ty9z,pr71535063,","sources":",us,pr,","types":",origin,phase-data,","nst":7,"dmin":0.4998,"rms":0.2,"gap":165,"magType":"md","type":"earthquake","title":"M 3.4 - 7 km E of La Romana, Dominican Republic"},"geometry":{"type":"Point","coordinates":[-68.9001666666667,18.4306666666667,114.94]},"id":"pr71535063"},
{"type":"Feature","properties":{"mag":3.34,"place":"92 km NE of Cruz Bay, U.S. Virgin Islands","time":1790643342180,"updated":1790651613040,"tz":null,"url":"https://earthquake.usgs.gov/earthquakes/eventpage/pr71535043","detail":"https://earthquake.usgs.gov/earthquakes/feed/v1.0/detail/pr71535043.geojson","felt":null,"cdi":null,"mmi":null,"alert":null,"status":"reviewed","tsunami":0,"sig":172,"net":"pr","code":"71535043","ids":",us6000ty9q,pr71535043,","sources":",us,pr,","types":",origin,phase-data,","nst":10,"dmin":0.4792,"rms":0.24,"gap":312,"magType":"md","type":"earthquake","title":"M 3.3 - 92 km NE of Cruz Bay, U.S. Virgin Islands"},"geometry":{"type":"Point","coordinates":[-64.1583333333333,18.9121666666667,21.19]},"id":"pr71535043"},
{"type":"Feature","properties":{"mag":4.4,"place":"186 km NNE of Caluula, Somalia","time":1790640703717,"updated":1790650834040,"tz":null,"url":"https://earthquake.usgs.gov/earthquakes/eventpage/us6000ty9j","detail":"https://earthquake.usgs.gov/earthquakes/feed/v1.0/detail/us6000ty9j.geojson","felt":null,"cdi":null,"mmi":null,"alert":null,"status":"reviewed","tsunami":0,"sig":298,"net":"us","code":"6000ty9j","ids":",us6000ty9j,","sources":",us,","types":",origin,phase-data,","nst":26,"dmin":11.244,"rms":0.88,"gap":141,"magType":"mb","type":"earthquake","title":"M 4.4 - 186 km NNE of Caluula, Somalia"},"geometry":{"type":"Point","coordinates":[51.1906,13.5996,10]},"id":"us6000ty9j"},
{"type":"Feature","properties":{"mag":4.5,"place":"173 km SE of Atlasovo, Russia","time":1790640323887,"updated":1790643720040,"tz":null,"url":"https://earthquake.usgs.gov/earthquakes/eventpage/us6000ty9i","detail":"https://earthquake.usgs.gov/earthquakes/feed/v1.0/detail/us6000ty9i.geojson","felt":null,"cdi":null,"mmi":null,"alert":null,"status":"reviewed","tsunami":0,"sig":312,"net":"us","code":"6000ty9i","ids":",us6000ty9i,","sources":",us,","types":",origin,phase-data,","nst":59,"dmin":2.685,"rms":0.52,"gap":135,"magType":"mb","type":"earthquake","title":"M 4.5 - 173 km SE of Atlasovo, Russia"},"geometry":{"type":"Point","coordinates":[161.5616,54.5068,35]},"id":"us6000ty9i"},
{"type":"Feature","properties":{"mag":2.9,"place":"Rat Islands, Aleutian Islands, Alaska","time":1790637292114,"updated":1790890706040,"tz":null,"url":"https://earthquake.usgs.gov/earthquakes/eventpage/us6000tyht","detail":"https://earthquake.usgs.gov/earthquakes/feed/v1.0/detail/us6000tyht.geojson","felt":null,"cdi":null,"mmi":null,"alert":null,"status":"reviewed","tsunami":0,"sig":129,"net":"us","code":"6000tyht","ids":",us6000tyht,aka2026tgmkxv,","sources":",us,ak,","types":",origin,phase-data,","nst":13,"dmin":0.333,"rms":0.58,"gap":175,"magType":"ml","type":"earthquake","title":"M 2.9 - Rat Islands, Aleutian Islands, Alaska"},"geometry":{"type":"Point","coordinates":[178.3674,52.2891,155.908]},"id":"us6000tyht"},
{"type":"Feature","properties":{"mag":3,"place":"2 km SSW of Bogue, Kansas","time":1790636085216,"updated":1790648445925,"tz":null,"url":"https://earthquake.usgs.gov/earthquakes/eventpage/us6000ty8z","detail":"https://earthquake.usgs.gov/earthquakes/feed/v1.0/detail/us6000ty8z.geojson","felt":8,"cdi":4.4,"mmi":null,"alert":null,"status":"reviewed","tsunami":0,"sig":142,"net":"us","code":"6000ty8z","ids":",us6000ty8z,","sources":",us,","types":",dyfi,origin,phase-data,","nst":22,"dmin":1.201,"rms":0.35,"gap":48,"magType":"mb_lg","type":"earthquake","title":"M 3.0 - 2 km SSW of Bogue, Kansas"},"geometry":{"type":"Point","coordinates":[-99.7052,39.3409,5]},"id":"us6000ty8z"},
{"type":"Feature","properties":{"mag":2.5,"place":"80 km SSW of Nikolski, Alaska","time":1790635990787,"updated":1790746338555,"tz":null,"url":"https://earthquake.usgs.gov/earthquakes/eventpage/aka2026tglryr","detail":"https://earthquake.usgs.gov/earthquakes/feed/v1.0/detail/aka2026tglryr.geojson","felt":null,"cdi":null,"mmi":null,"alert":null,"status":"reviewed","tsunami":0,"sig":96,"net":"ak","code":"a2026tglryr","ids":",aka2026tglryr,","sources":",ak,","types":",origin,phase-data,","nst":9,"dmin":0.6,"rms":0.3,"gap":293,"magType":"ml","type":"earthquake","title":"M 2.5 - 80 km SSW of Nikolski, Alaska"},"geometry":{"type":"Point","coordinates":[-169.273,52.265,20.5]},"id":"aka2026tglryr"},
{"type":"Feature","properties":{"mag":2.5,"place":"9 km S of Bogue, Kansas","time":1790635825589,"updated":1790647896040,"tz":null,"url":"https://earthquake.usgs.gov/earthquakes/eventpage/us6000ty8y","detail":"https://earthquake.usgs.gov/earthquakes/feed/v1.0/detail/us6000ty8y.geojson","felt":null,"cdi":null,"mmi":null,"alert":null,"status":"reviewed","tsunami":0,"sig":96,"net":"us","code":"6000ty8y","ids":",us6000ty8y,","sources":",us,","types":",origin,phase-data,","nst":11,"dmin":1.153,"rms":0.65,"gap":75,"magType":"mb_lg","type":"earthquake","title":"M 2.5 - 9 km S of Bogue, Kansas"},"geometry":{"type":"Point","coordinates":[-99.6976,39.2812,10]},"id":"us6000ty8y"},
{"type":"Feature","properties":{"mag":3,"place":"Rat Islands, Aleutian Islands, Alaska","time":1790634571108,"updated":1790890321040,"tz":null,"url":"https://earthquake.usgs.gov/earthquakes/eventpage/us6000tyhm","detail":"https://earthquake.usgs.gov/earthquakes/feed/v1.0/detail/us6000tyhm.geojson","felt":null,"cdi":null,"mmi":null,"alert":null,"status":"reviewed","tsunami":0,"sig":138,"net":"us","code":"6000tyhm","ids":",aka2026tgkxkv,us6000tyhm,","sources":",ak,us,","types":",origin,phase-data,","nst":29,"dmin":0.356,"rms":0.39,"gap":253,"magType":"ml","type":"earthquake","title":"M 3.0 - Rat Islands, Aleutian Islands, Alaska"},"geometry":{"type":"Point","coordinates":[178.7348,51.3963,35]},"id":"us6000tyhm"},
{"type":"Feature","properties":{"mag":4.4,"place":"south of the Fiji Islands","time":1790634349241,"updated":1790642204040,"tz":null,"url":"https://earthquake.usgs.gov/earthquakes/eventpage/us6000ty8v","detail":"https://earthquake.usgs.gov/earthquakes/feed/v1.0/detail/us6000ty8v.geojson","felt":null,"cdi":null,"mmi":null,"alert":null,"status":"reviewed","tsunami":0,"sig":298,"net":"us","code":"6000ty8v","ids":",us6000ty8v,","sources":",us,","types":",origin,phase-data,","nst":34,"dmin":13.691,"rms":0.66,"gap":134,"magType":"mb","type":"earthquake","title":"M 4.4 - south of the Fiji Islands"},"geometry":{"type":"Point","coordinates":[-179.2457,-24.7523,465.399]},"id":"us6000ty8v"},
{"type":"Feature","properties":{"mag":2.7,"place":"22 km SSW of Susitna, Alaska","time":1790630557091,"updated":1790888003040,"tz":null,"url":"https://earthquake.usgs.gov/earthquakes/eventpage/aka2026tgirii","detail":"https://earthquake.usgs.gov/earthquakes/feed/v1.0/detail/aka2026tgirii.geojson","felt":1,"cdi":1,"mmi":null,"alert":null,"status":"reviewed","tsunami":0,"sig":112,"net":"ak","code":"a2026tgirii","ids":",aka2026tgirii,us6000ty8g,","sources":",ak,us,","types":",dyfi,origin,phase-data,","nst":88,"dmin":0.1,"rms":0.7,"gap":21,"magType":"ml","type":"earthquake","title":"M 2.7 - 22 km SSW of Susitna, Alaska"},"geometry":{"type":"Point","coordinates":[-150.635,61.346,57.1]},"id":"aka2026tgirii"},
{"type":"Feature","properties":{"mag":3,"place":"112 km SSW of False Pass, Alaska","time":1790626431238,"updated":1790957012040,"tz":null,"url":"https://earthquake.usgs.gov/earthquakes/eventpage/us6000tyib","detail":"https://earthquake.usgs.gov/earthquakes/feed/v1.0/detail/us6000tyib.geojson","felt":null,"cdi":null,"mmi":null,"alert":null,"status":"reviewed","tsunami":0,"sig":138,"net":"us","code":"6000tyib","ids":",aka2026tggjvu,us6000tyib,","sources":",ak,us,","types":",origin,phase-data,","nst":30,"dmin":0.645,"rms":0.48,"gap":204,"magType":"ml","type":"earthquake","title":"M 3.0 - 112 km SSW of False Pass, Alaska"},"geometry":{"type":"Point","coordinates":[-164.0477,53.9119,35]},"id":"us6000tyib"},
{"type":"Feature","properties":{"mag":4.9,"place":"2 km SW of Sakai, Japan","time":1790624707515,"updated":1790700916626,"tz":null,"url":"https://earthquake.usgs.gov/earthquakes/eventpage/us6000ty7u","detail":"https://earthquake.usgs.gov/earthquakes/feed/v1.0/detail/us6000ty7u.geojson","felt":69,"cdi":4.3,"mmi":null,"alert":null,"status":"reviewed","tsunami":0,"sig":399,"net":"us","code":"6000ty7u","ids":",us6000ty7u,","sources":",us,","types":",dyfi,moment-tensor,origin,phase-data,","nst":89,"dmin":1.348,"rms":0.66,"gap":119,"magType":"mww","type":"earthquake","title":"M 4.9 - 2 km SW of Sakai, Japan"},"geometry":{"type":"Point","coordinates":[139.7782,36.0809,70.972]},"id":"us6000ty7u"},
{"type":"Feature","properties":{"mag":2.91,"place":"45 km N of Charlotte Amalie, U.S. Virgin Islands","time":1790623194480,"updated":1790625127200,"tz":null,"url":"https://earthquake.usgs.gov/earthquakes/eventpage/pr71535013","detail":"https://earthquake.usgs.gov/earthquakes/feed/v1.0/detail/pr71535013.geojson","felt":null,"cdi":null,"mmi":null,"alert":null,"status":"reviewed","tsunami":0,"sig":130,"net":"pr","code":"71535013","ids":",pr71535013,","sources":",pr,","types":",origin,phase-data,","nst":7,"dmin":0.3943,"rms":0.21,"gap":223,"magType":"md","type":"earthquake","title":"M 2.9 - 45 km N of Charlotte Amalie, U.S. Virgin Islands"},"geometry":{"type":"Point","coordinates":[-64.9403333333333,18.7485,23.6]},"id":"pr71535013"},
{"type":"Feature","properties":{"mag":3,"place":"78 km SE of Adak, Alaska","time":1790622640917,"updated":1790957242040,"tz":null,"url":"https://earthquake.usgs.gov/earthquakes/eventpage/us6000tyi8","detail":"https://earthquake.usgs.gov/earthquakes/feed/v1.0/detail/us6000tyi8.geojson","felt":null,"cdi":null,"mmi":null,"alert":null,"status":"reviewed","tsunami":0,"sig":138,"net":"us","code":"6000tyi8","ids":",aka2026tgehdh,us6000tyi8,","sources":",ak,us,","types":",origin,phase-data,","nst":20,"dmin":0.535,"rms":0.61,"gap":221,"magType":"ml","type":"earthquake","title":"M 3.0 - 78 km SE of Adak, Alaska"},"geometry":{"type":"Point","coordinates":[-175.6996,51.4708,35]},"id":"us6000tyi8"},
{"type":"Feature","properties":{"mag":4.6,"place":"36 km SE of Hualien City, Taiwan","time":1790619644330,"updated":1790635554390,"tz":null,"url":"https://earthquake.usgs.gov/earthquakes/eventpage/us6000ty73","detail":"https://earthquake.usgs.gov/earthquakes/feed/v1.0/detail/us6000ty73.geojson","felt":2,"cdi":4.1,"mmi":null,"alert":null,"status":"reviewed","tsunami":0,"sig":326,"net":"us","code":"6000ty73","ids":",us6000ty73,","sources":",us,","types":",dyfi,moment-tensor,origin,phase-data,","nst":74,"dmin":0.508,"rms":0.94,"gap":67,"magType":"mwr","type":"earthquake","title":"M 4.6 - 36 km SE of Hualien City, Taiwan"},"geometry":{"type":"Point","coordinates":[121.8063,23.702,19.011]},"id":"us6000ty73"},
{"type":"Feature","properties":{"mag":2.6,"place":"97 km SSE of Atka, Alaska","time":1790618169265,"updated":1790748862115,"tz":null,"url":"https://earthquake.usgs.gov/earthquakes/eventpage/aka2026tgbunv","detail":"https://earthquake.usgs.gov/earthquakes/feed/v1.0/detail/aka2026tgbunv.geojson","felt":null,"cdi":null,"mmi":null,"alert":null,"status":"reviewed","tsunami":0,"sig":104,"net":"ak","code":"a2026tgbunv","ids":",aka2026tgbunv,","sources":",ak,","types":",origin,phase-data,","nst":13,"dmin":0.9,"rms":0.5,"gap":289,"magType":"ml","type":"earthquake","title":"M 2.6 - 97 km SSE of Atka, Alaska"},"geometry":{"type":"Point","coordinates":[-173.806,51.353,40]},"id":"aka2026tgbunv"},
{"type":"Feature","properties":{"mag":2.7,"place":"13 km NNW of Ninilchik, Alaska","time":1790618153281,"updated":1790748761996,"tz":null,"url":"https://earthquake.usgs.gov/earthquakes/eventpage/aka2026tgbuia","detail":"https://earthquake.usgs.gov/earthquakes/feed/v1.0/detail/aka2026tgbuia.geojson","felt":1,"cdi":1,"mmi":null,"alert":null,"status":"reviewed","tsunami":0,"sig":112,"net":"ak","code":"a2026tgbuia","ids":",aka2026tgbuia,","sources":",ak,","types":",dyfi,origin,phase-data,","nst":99,"dmin":0.5,"rms":0.7,"gap":56,"magType":"ml","type":"earthquake","title":"M 2.7 - 13 km NNW of Ninilchik, Alaska"},"geometry":{"type":"Point","coordinates":[-151.729,60.168,71.4]},"id":"aka2026tgbuia"},
{"type":"Feature","properties":{"mag":4.8,"place":"155 km NNW of Kilmia, Yemen","time":1790617075108,"updated":1790617908040,"tz":null,"url":"https://earthquake.usgs.gov/earthquakes/eventpage/us6000ty71","detail":"https://earthquake.usgs.gov/earthquakes/feed/v1.0/detail/us6000ty71.geojson","felt":null,"cdi":null,"mmi":null,"alert":null,"status":"reviewed","tsunami":0,"sig":354,"net":"us","code":"6000ty71","ids":",us6000ty71,","sources":",us,","types":",origin,phase-data,","nst":44,"dmin":6.996,"rms":0.94,"gap":133,"magType":"mb","type":"earthquake","title":"M 4.8 - 155 km NNW of Kilmia, Yemen"},"geometry":{"type":"Point","coordinates":[51.4935,13.3879,10]},"id":"us6000ty71"},
{"type":"Feature","properties":{"mag":2.8,"place":"41 km N of Chase, Alaska","time":1790616906456,"updated":1791134373040,"tz":null,"url":"https://earthquake.usgs.gov/earthquakes/eventpage/aka2026tgbcma","detail":"https://earthquake.usgs.gov/earthquakes/feed/v1.0/detail/aka2026tgbcma.geojson","felt":null,"cdi":null,"mmi":null,"alert":null,"status":"reviewed","tsunami":0,"sig":121,"net":"ak","code":"a2026tgbcma","ids":",us6000ty6z,aka2026tgbcma,","sources":",us,ak,","types":",origin,phase-data,","nst":111,"dmin":0.4,"rms":0.7,"gap":25,"magType":"ml","type":"earthquake","title":"M 2.8 - 41 km N of Chase, Alaska"},"geometry":{"type":"Point","coordinates":[-150.092,62.822,71]},"id":"aka2026tgbcma"},
{"type":"Feature","properties":{"mag":2.9,"place":"34 km NW of Atka, Alaska","time":1790615975642,"updated":1790958240040,"tz":null,"url":"https://earthquake.usgs.gov/earthquakes/eventpage/us6000tyi0","detail":"https://earthquake.usgs.gov/earthquakes/feed/v1.0/detail/us6000tyi0.geojson","felt":null,"cdi":null,"mmi":null,"alert":null,"status":"reviewed","tsunami":0,"sig":129,"net":"us","code":"6000tyi0","ids":",aka2026tgaoxh,us6000tyi0,","sources":",ak,us,","types":",origin,phase-data,","nst":21,"dmin":0.22,"rms":0.28,"gap":136,"magType":"ml","type":"earthquake","title":"M 2.9 - 34 km NW of Atka, Alaska"},"geometry":{"type":"Point","coordinates":[-174.6107,52.3736,213.76]},"id":"us6000tyi0"},
{"type":"Feature","properties":{"mag":2.5,"place":"292 km WSW of Adak, Alaska","time":1790614767730,"updated":1790747878428,"tz":null,"url":"https://earthquake.usgs.gov/earthquakes/eventpage/aka2026tfzxlg","detail":"https://earthquake.usgs.gov/earthquakes/feed/v1.0/detail/aka2026tfzxlg.geojson","felt":null,"cdi":null,"mmi":null,"alert":null,"status":"reviewed","tsunami":0,"sig":96,"net":"ak","code":"a2026tfzxlg","ids":",aka2026tfzxlg,","sources":",ak,","types":",origin,phase-data,","nst":7,"dmin":0.3,"rms":0.2,"gap":316,"magType":"ml","type":"earthquake","title":"M 2.5 - 292 km WSW of Adak, Alaska"},"geometry":{"type":"Point","coordinates":[179.345,51.099,29.7]},"id":"aka2026tfzxlg"},
{"type":"Feature","properties":{"mag":3.6,"place":"42 km WSW of Anchor Point, Alaska","time":1790613840406,"updated":1790814216582,"tz":null,"url":"https://earthquake.usgs.gov/earthquakes/eventpage/aka2026tfzjzc","detail":"https://earthquake.usgs.gov/earthquakes/feed/v1.0/detail/aka2026tfzjzc.geojson","felt":null,"cdi":null,"mmi":2.212,"alert":null,"status":"reviewed","tsunami":0,"sig":199,"net":"ak","code":"a2026tfzjzc","ids":",us6000ty6p,aka2026tfzjzc,","sources":",us,ak,","types":",origin,phase-data,shakemap,","nst":225,"dmin":0.3,"rms":0.9,"gap":75,"magType":"ml","type":"earthquake","title":"M 3.6 - 42 km WSW of Anchor Point, Alaska"},"geometry":{"type":"Point","coordinates":[-152.565,59.674,86.6]},"id":"aka2026tfzjzc"},
{"type":"Feature","properties":{"mag":4.9,"place":"124 km SE of Pondaguitan, Philippines","time":1790607699183,"updated":1790609295040,"tz":null,"url":"https://earthquake.usgs.gov/earthquakes/eventpage/us6000ty5m","detail":"https://earthquake.usgs.gov/earthquakes/feed/v1.0/detail/us6000ty5m.geojson","felt":null,"cdi":null,"mmi":null,"alert":null,"status":"reviewed","tsunami":0,"sig":369,"net":"us","code":"6000ty5m","ids":",us6000ty5m,","sources":",us,","types":",origin,phase-data,","nst":65,"dmin":2.031,"rms":0.67,"gap":77,"magType":"mb","type":"earthquake","title":"M 4.9 - 124 km SE of Pondaguitan, Philippines"},"geometry":{"type":"Point","coordinates":[127.0338,5.634,78.202]},"id":"us6000ty5m"},
{"type":"Feature","properties":{"mag":4.2,"place":"7 km SE of Denali National Park, Alaska","time":1790607355260,"updated":1790889809920,"tz":null,"url":"https://earthquake.usgs.gov/earthquakes/eventpage/aka2026tfvugv","detail":"https://earthquake.usgs.gov/earthquakes/feed/v1.0/detail/aka2026tfvugv.geojson","felt":2,"cdi":2.7,"mmi":4.558,"alert":null,"status":"reviewed","tsunami":0,"sig":272,"net":"ak","code":"a2026tfvugv","ids":",aka2026tfvugv,us6000ty5k,","sources":",ak,us,","types":",dyfi,moment-tensor,origin,phase-data,shakemap,","nst":194,"dmin":0.2,"rms":1.4,"gap":28,"magType":"ml","type":"earthquake","title":"M 4.2 - 7 km SE of Denali National Park, Alaska"},"geometry":{"type":"Point","coordinates":[-151.62,63.492,5]},"id":"aka2026tfvugv"},
{"type":"Feature","properties":{"mag":4.7,"place":"115 km WSW of Banda Aceh, Indonesia","time":1790606590687,"updated":1790614071040,"tz":null,"url":"https://earthquake.usgs.gov/earthquakes/eventpage/us6000ty5h","detail":"https://earthquake.usgs.gov/earthquakes/feed/v1.0/detail/us6000ty5h.geojson","felt":null,"cdi":null,"mmi":null,"alert":null,"status":"reviewed","tsunami":0,"sig":340,"net":"us","code":"6000ty5h","ids":",us6000ty5h,","sources":",us,","types":",origin,phase-data,","nst":54,"dmin":6.196,"rms":0.5,"gap":73,"magType":"mb","type":"earthquake","title":"M 4.7 - 115 km WSW of Banda Aceh, Indonesia"},"geometry":{"type":"Point","coordinates":[94.3303,5.2548,45.734]},"id":"us6000ty5h"},
{"type":"Feature","properties":{"mag":4.3,"place":"6 km NNE of Cepitá, Colombia","time":1790606551470,"updated":1790613321040,"tz":null,"url":"https://earthquake.usgs.gov/earthquakes/eventpage/us6000ty5f","detail":"https://earthquake.usgs.gov/earthquakes/feed/v1.0/detail/us6000ty5f.geojson","felt":null,"cdi":null,"mmi":null,"alert":null,"status":"reviewed","tsunami":0,"sig":284,"net":"us","code":"6000ty5f","ids":",us6000ty5f,","sources":",us,","types":",origin,phase-data,","nst":100,"dmin":0.918,"rms":0.72,"gap":103,"magType":"mb","type":"earthquake","title":"M 4.3 - 6 km NNE of Cepitá, Colombia"},"geometry":{"type":"Point","coordinates":[-72.9604,6.8087,155.23]},"id":"us6000ty5f"},
{"type":"Feature","properties":{"mag":2.5,"place":"55 km SW of Nikolski, Alaska","time":1790605800072,"updated":1790724664099,"tz":null,"url":"https://earthquake.usgs.gov/earthquakes/eventpage/aka2026tfuxum","detail":"https://earthquake.usgs.gov/earthquakes/feed/v1.0/detail/aka2026tfuxum.geojson","felt":null,"cdi":null,"mmi":null,"alert":null,"status":"reviewed","tsunami":0,"sig":96,"net":"ak","code":"a2026tfuxum","ids":",aka2026tfuxum,","sources":",ak,","types":",origin,phase-data,","nst":11,"dmin":0.3,"rms":0.3,"gap":264,"magType":"ml","type":"earthquake","title":"M 2.5 - 55 km SW of Nikolski, Alaska"},"geometry":{"type":"Point","coordinates":[-169.347,52.535,16.3]},"id":"aka2026tfuxum"},
{"type":"Feature","properties":{"mag":4.3,"place":"Izu Islands, Japan region","time":1790604041104,"updated":1790612163040,"tz":null,"url":"https://earthquake.usgs.gov/earthquakes/eventpage/us6000ty5c","detail":"https://earthquake.usgs.gov/earthquakes/feed/v1.0/detail/us6000ty5c.geojson","felt":null,"cdi":null,"mmi":null,"alert":null,"status":"reviewed","tsunami":0,"sig":284,"net":"us","code":"6000ty5c","ids":",us6000ty5c,","sources":",us,","types":",origin,phase-data,","nst":44,"dmin":3.973,"rms":1.12,"gap":65,"magType":"mb","type":"earthquake","title":"M 4.3 - Izu Islands, Japan region"},"geometry":{"type":"Point","coordinates":[138.8008,31.8082,290.166]},"id":"us6000ty5c"},
{"type":"Feature","properties":{"mag":4.9,"place":"22 km WNW of Malango, Solomon Islands","time":1790602720724,"updated":1790607384040,"tz":null,"url":"https://earthquake.usgs.gov/earthquakes/eventpage/us6000ty5b","detail":"https://earthquake.usgs.gov/earthquakes/feed/v1.0/detail/us6000ty5b.geojson","felt":null,"cdi":null,"mmi":null,"alert":null,"status":"reviewed","tsunami":0,"sig":369,"net":"us","code":"6000ty5b","ids":",us6000ty5b,","sources":",us,","types":",origin,phase-data,","nst":45,"dmin":14.035,"rms":0.94,"gap":97,"magType":"mb","type":"earthquake","title":"M 4.9 - 22 km WNW of Malango, Solomon Islands"},"geometry":{"type":"Point","coordinates":[159.5458,-9.5835,10]},"id":"us6000ty5b"},
{"type":"Feature","properties":{"mag":3.2,"place":"275 km W of Indianola, California","time":1790602232105,"updated":1790611261040,"tz":null,"url":"https://earthquake.usgs.gov/earthquakes/eventpage/us6000ty59","detail":"https://earthquake.usgs.gov/earthquakes/feed/v1.0/detail/us6000ty59.geojson","felt":null,"cdi":null,"mmi":null,"alert":null,"status":"reviewed","tsunami":0,"sig":158,"net":"us","code":"6000ty59","ids":",us6000ty59,","sources":",us,","types":",origin,phase-data,","nst":22,"dmin":2.589,"rms":0.67,"gap":277,"magType":"ml","type":"earthquake","title":"M 3.2 - 275 km W of Indianola, California"},"geometry":{"type":"Point","coordinates":[-127.4517,41.1377,10]},"id":"us6000ty59"},
{"type":"Feature","properties":{"mag":5.4,"place":"north of Svalbard","time":1790601759769,"updated":1790688457360,"tz":null,"url":"https://earthquake.usgs.gov/earthquakes/eventpage/us6000ty57","detail":"https://earthquake.usgs.gov/earthquakes/feed/v1.0/detail/us6000ty57.geojson","felt":null,"cdi":null,"mmi":3.424,"alert":"green","status":"reviewed","tsunami":0,"sig":449,"net":"us","code":"6000ty57","ids":",us6000ty57,","sources":",us,","types":",losspager,moment-tensor,origin,phase-data,shakemap,","nst":81,"dmin":1.667,"rms":0.56,"gap":60,"magType":"mww","type":"earthquake","title":"M 5.4 - north of Svalbard"},"geometry":{"type":"Point","coordinates":[-7.1923,82.6385,10]},"id":"us6000ty57"},
{"type":"Feature","properties":{"mag":3,"place":"7 km ENE of Denali Park, Alaska","time":1790601328123,"updated":1790723993003,"tz":null,"url":"https://earthquake.usgs.gov/earthquakes/eventpage/aka2026tfsled","detail":"https://earthquake.usgs.gov/earthquakes/feed/v1.0/detail/aka2026tfsled.geojson","felt":null,"cdi":null,"mmi":null,"alert":null,"status":"reviewed","tsunami":0,"sig":138,"net":"ak","code":"a2026tfsled","ids":",us6000ty56,aka2026tfsled,","sources":",us,ak,","types":",origin,phase-data,","nst":128,"dmin":0.1,"rms":0.6,"gap":20,"magType":"ml","type":"earthquake","title":"M 3.0 - 7 km ENE of Denali Park, Alaska"},"geometry":{"type":"Point","coordinates":[-148.775,63.758,109.5]},"id":"aka2026tfsled"},
{"type":"Feature","properties":{"mag":2.6,"place":"285 km WSW of Adak, Alaska","time":1790598922189,"updated":1790723529618,"tz":null,"url":"https://earthquake.usgs.gov/earthquakes/eventpage/aka2026tfrckv","detail":"https://earthquake.usgs.gov/earthquakes/feed/v1.0/detail/aka2026tfrckv.geojson","felt":null,"cdi":null,"mmi":null,"alert":null,"status":"reviewed","tsunami":0,"sig":104,"net":"ak","code":"a2026tfrckv","ids":",aka2026tfrckv,","sources":",ak,","types":",origin,phase-data,","nst":13,"dmin":0.4,"rms":0.3,"gap":268,"magType":"ml","type":"earthquake","title":"M 2.6 - 285 km WSW of Adak, Alaska"},"geometry":{"type":"Point","coordinates":[179.521,50.965,16.7]},"id":"aka2026tfrckv"},
{"type":"Feature","properties":{"mag":4.7,"place":"Fiji region","time":1790597664032,"updated":1790598745040,"tz":null,"url":"https://earthquake.usgs.gov/earthquakes/eventpage/us6000ty4w","detail":"https://earthquake.usgs.gov/earthquakes/feed/v1.0/detail/us6000ty4w.geojson","felt":null,"cdi":null,"mmi":null,"alert":null,"status":"reviewed","tsunami":0,"sig":340,"net":"us","code":"6000ty4w","ids":",us6000ty4w,","sources":",us,","types":",origin,phase-data,","nst":75,"dmin":8.223,"rms":0.99,"gap":53,"magType":"mb","type":"earthquake","title":"M 4.7 - Fiji region"},"geometry":{"type":"Point","coordinates":[-178.4971,-20.6932,573.114]},"id":"us6000ty4w"},
{"type":"Feature","properties":{"mag":3.9,"place":"65 km SE of Cantwell, Alaska","time":1790595988611,"updated":1790889677967,"tz":null,"url":"https://earthquake.usgs.gov/earthquakes/eventpage/aka2026tfplzt","detail":"https://earthquake.usgs.gov/earthquakes/feed/v1.0/detail/aka2026tfplzt.geojson","felt":0,"cdi":1,"mmi":2.872,"alert":null,"status":"reviewed","tsunami":0,"sig":234,"net":"ak","code":"a2026tfplzt","ids":",aka2026tfplzt,us6000ty4q,","sources":",ak,us,","types":",dyfi,moment-tensor,origin,phase-data,shakemap,","nst":209,"dmin":0.2,"rms":1.2,"gap":14,"magType":"ml","type":"earthquake","title":"M 3.9 - 65 km SE of Cantwell, Alaska"},"geometry":{"type":"Point","coordinates":[-148.093,62.952,52.1]},"id":"aka2026tfplzt"},
{"type":"Feature","properties":{"mag":2.78,"place":"6 km SW of Pāhala, Hawaii","time":1790595325710,"updated":1790616044170,"tz":null,"url":"https://earthquake.usgs.gov/earthquakes/eventpage/hv75044597","detail":"https://earthquake.usgs.gov/earthquakes/feed/v1.0/detail/hv75044597.geojson","felt":null,"cdi":null,"mmi":null,"alert":null,"status":"reviewed","tsunami":0,"sig":119,"net":"hv","code":"75044597","ids":",us6000ty4m,hv75044597,","sources":",us,hv,","types":",origin,phase-data,","nst":56,"dmin":0.05237,"rms":0.12,"gap":128,"magType":"ml","type":"earthquake","title":"M 2.8 - 6 km SW of Pāhala, Hawaii"},"geometry":{"type":"Point","coordinates":[-155.5175,19.1566666666667,34.58]},"id":"hv75044597"},
{"type":"Feature","properties":{"mag":3.3,"place":"97 km SSW of Atka, Alaska","time":1790594015798,"updated":1790722552521,"tz":null,"url":"https://earthquake.usgs.gov/earthquakes/eventpage/aka2026tfojkt","detail":"https://earthquake.usgs.gov/earthquakes/feed/v1.0/detail/aka2026tfojkt.geojson","felt":null,"cdi":null,"mmi":null,"alert":null,"status":"reviewed","tsunami":0,"sig":168,"net":"ak","code":"a2026tfojkt","ids":",aka2026tfojkt,","sources":",ak,","types":",origin,phase-data,","nst":27,"dmin":0.8,"rms":0.5,"gap":241,"magType":"ml","type":"earthquake","title":"M 3.3 - 97 km SSW of Atka, Alaska"},"geometry":{"type":"Point","coordinates":[-174.908,51.442,6.8]},"id":"aka2026tfojkt"},
{"type":"Feature","properties":{"mag":3,"place":"60 km SE of False Pass, Alaska","time":1790593425276,"updated":1790722462122,"tz":null,"url":"https://earthquake.usgs.gov/earthquakes/eventpage/aka2026tfoaya","detail":"https://earthquake.usgs.gov/earthquakes/feed/v1.0/detail/aka2026tfoaya.geojson","felt":null,"cdi":null,"mmi":null,"alert":null,"status":"reviewed","tsunami":0,"sig":138,"net":"ak","code":"a2026tfoaya","ids":",aka2026tfoaya,","sources":",ak,","types":",origin,phase-data,","nst":29,"dmin":0.5,"rms":0.5,"gap":219,"magType":"ml","type":"earthquake","title":"M 3.0 - 60 km SE of False Pass, Alaska"},"geometry":{"type":"Point","coordinates":[-162.69,54.502,67.4]},"id":"aka2026tfoaya"},
{"type":"Feature","properties":{"mag":3.8,"place":"5 km WSW of San Rafael del Yuma, Dominican Republic","time":1790592845830,"updated":1790595887305,"tz":null,"url":"https://earthquake.usgs.gov/earthquakes/eventpage/pr2026271000","detail":"https://earthquake.usgs.gov/earthquakes/feed/v1.0/detail/pr2026271000.geojson","felt":null,"cdi":null,"mmi":null,"alert":null,"status":"reviewed","tsunami":0,"sig":222,"net":"pr","code":"2026271000","ids":",pr2026271000,","sources":",pr,","types":",origin,phase-data,","nst":8,"dmin":0.352,"rms":0.43,"gap":197,"magType":"md","type":"earthquake","title":"M 3.8 - 5 km WSW of San Rafael del Yuma, Dominican Republic"},"geometry":{"type":"Point","coordinates":[-68.7173,18.4086,153]},"id":"pr2026271000"},
{"type":"Feature","properties":{"mag":2.86,"place":"41 km NNE of Luquillo, Puerto Rico","time":1790590418810,"updated":1790592407060,"tz":null,"url":"https://earthquake.usgs.gov/earthquakes/eventpage/pr71534978","detail":"https://earthquake.usgs.gov/earthquakes/feed/v1.0/detail/pr71534978.geojson","felt":null,"cdi":null,"mmi":null,"alert":null,"status":"reviewed","tsunami":0,"sig":126,"net":"pr","code":"71534978","ids":",pr71534978,","sources":",pr,","types":",origin,phase-data,","nst":17,"dmin":0.4767,"rms":0.31,"gap":201,"magType":"md","type":"earthquake","title":"M 2.9 - 41 km NNE of Luquillo, Puerto Rico"},"geometry":{"type":"Point","coordinates":[-65.604,18.7321666666667,24.11]},"id":"pr71534978"},
{"type":"Feature","properties":{"mag":2.6,"place":"106 km SW of Adak, Alaska","time":1790589799995,"updated":1790722166930,"tz":null,"url":"https://earthquake.usgs.gov/earthquakes/eventpage/aka2026tfmapb","detail":"https://earthquake.usgs.gov/earthquakes/feed/v1.0/detail/aka2026tfmapb.geojson","felt":null,"cdi":null,"mmi":null,"alert":null,"status":"reviewed","tsunami":0,"sig":104,"net":"ak","code":"a2026tfmapb","ids":",aka2026tfmapb,","sources":",ak,","types":",origin,phase-data,","nst":22,"dmin":0.6,"rms":0.4,"gap":250,"magType":"ml","type":"earthquake","title":"M 2.6 - 106 km SW of Adak, Alaska"},"geometry":{"type":"Point","coordinates":[-177.664,51.17,20.8]},"id":"aka2026tfmapb"},
{"type":"Feature","properties":{"mag":2.5,"place":"23 km SSW of Susitna, Alaska","time":1790587767218,"updated":1790722107917,"tz":null,"url":"https://earthquake.usgs.gov/earthquakes/eventpage/aka2026tfkxeo","detail":"https://earthquake.usgs.gov/earthquakes/feed/v1.0/detail/aka2026tfkxeo.geojson","felt":1,"cdi":1,"mmi":null,"alert":null,"status":"reviewed","tsunami":0,"sig":96,"net":"ak","code":"a2026tfkxeo","ids":",aka2026tfkxeo,","sources":",ak,","types":",dyfi,origin,phase-data,","nst":79,"dmin":0.1,"rms":0.7,"gap":35,"magType":"ml","type":"earthquake","title":"M 2.5 - 23 km SSW of Susitna, Alaska"},"geometry":{"type":"Point","coordinates":[-150.684,61.354,52.9]},"id":"aka2026tfkxeo"},
{"type":"Feature","properties":{"mag":5.2,"place":"190 km WSW of Port McNeill, Canada","time":1790586819402,"updated":1790587837040,"tz":null,"url":"https://earthquake.usgs.gov/earthquakes/eventpage/us6000ty43","detail":"https://earthquake.usgs.gov/earthquakes/feed/v1.0/detail/us6000ty43.geojson","felt":null,"cdi":null,"mmi":null,"alert":null,"status":"reviewed","tsunami":1,"sig":416,"net":"us","code":"6000ty43","ids":",attm2hmu,us6000ty43,","sources":",at,us,","types":",impact-link,moment-tensor,origin,phase-data,","nst":92,"dmin":1.095,"rms":1.11,"gap":147,"magType":"mww","type":"earthquake","title":"M 5.2 - 190 km WSW of Port McNeill, Canada"},"geometry":{"type":"Point","coordinates":[-129.6785,50.171,10]},"id":"us6000ty43"},
{"type":"Feature","properties":{"mag":2.7,"place":"199 km W of Gold Beach, Oregon","time":1790585120234,"updated":1790632956070,"tz":null,"url":"https://earthquake.usgs.gov/earthquakes/eventpage/us6000ty40","detail":"https://earthquake.usgs.gov/earthquakes/feed/v1.0/detail/us6000ty40.geojson","felt":null,"cdi":null,"mmi":null,"alert":null,"status":"reviewed","tsunami":0,"sig":112,"net":"us","code":"6000ty40","ids":",uw714110792,us6000ty40,","sources":",uw,us,","types":",origin,phase-data,","nst":26,"dmin":1.848,"rms":0.26,"gap":292,"magType":"ml","type":"earthquake","title":"M 2.7 - 199 km W of Gold Beach, Oregon"},"geometry":{"type":"Point","coordinates":[-126.8377,42.2555,10]},"id":"us6000ty40"},
{"type":"Feature","properties":{"mag":4.3,"place":"26 km WNW of Chaparral, Colombia","time":1790584795313,"updated":1790670436040,"tz":null,"url":"https://earthquake.usgs.gov/earthquakes/eventpage/us6000ty3z","detail":"https://earthquake.usgs.gov/earthquakes/feed/v1.0/detail/us6000ty3z.geojson","felt":null,"cdi":null,"mmi":null,"alert":null,"status":"reviewed","tsunami":0,"sig":284,"net":"us","code":"6000ty3z","ids":",us6000ty3z,","sources":",us,","types":",origin,phase-data,","nst":77,"dmin":1.738,"rms":0.71,"gap":90,"magType":"mb","type":"earthquake","title":"M 4.3 - 26 km WNW of Chaparral, Colombia"},"geometry":{"type":"Point","coordinates":[-75.7141,3.7929,10]},"id":"us6000ty3z"},
{"type":"Feature","properties":{"mag":4.7,"place":"65 km E of Pilar, Philippines","time":1790583373363,"updated":1790591914253,"tz":null,"url":"https://earthquake.usgs.gov/earthquakes/eventpage/us6000ty3w","detail":"https://earthquake.usgs.gov/earthquakes/feed/v1.0/detail/us6000ty3w.geojson","felt":1,"cdi":2.5,"mmi":null,"alert":null,"status":"reviewed","tsunami":0,"sig":340,"net":"us","code":"6000ty3w","ids":",us6000ty3w,","sources":",us,","types":",dyfi,origin,phase-data,","nst":37,"dmin":3.072,"rms":0.65,"gap":102,"magType":"mb","type":"earthquake","title":"M 4.7 - 65 km E of Pilar, Philippines"},"geometry":{"type":"Point","coordinates":[126.6861,9.9585,10]},"id":"us6000ty3w"},
{"type":"Feature","properties":{"mag":2.7,"place":"153 km S of Atka, Alaska","time":1790583191876,"updated":1790721492628,"tz":null,"url":"https://earthquake.usgs.gov/earthquakes/eventpage/aka2026tfijdt","detail":"https://earthquake.usgs.gov/earthquakes/feed/v1.0/detail/aka2026tfijdt.geojson","felt":null,"cdi":null,"mmi":null,"alert":null,"status":"reviewed","tsunami":0,"sig":112,"net":"ak","code":"a2026tfijdt","ids":",aka2026tfijdt,","sources":",ak,","types":",origin,phase-data,","nst":10,"dmin":1.4,"rms":0.5,"gap":299,"magType":"ml","type":"earthquake","title":"M 2.7 - 153 km S of Atka, Alaska"},"geometry":{"type":"Point","coordinates":[-173.956,50.824,20]},"id":"aka2026tfijdt"},
{"type":"Feature","properties":{"mag":2.7,"place":"201 km WSW of Adak, Alaska","time":1790581637931,"updated":1790721154561,"tz":null,"url":"https://earthquake.usgs.gov/earthquakes/eventpage/aka2026tfhmir","detail":"https://earthquake.usgs.gov/earthquakes/feed/v1.0/detail/aka2026tfhmir.geojson","felt":null,"cdi":null,"mmi":null,"alert":null,"status":"reviewed","tsunami":0,"sig":112,"net":"ak","code":"a2026tfhmir","ids":",aka2026tfhmir,","sources":",ak,","types":",origin,phase-data,","nst":22,"dmin":0.6,"rms":0.4,"gap":226,"magType":"ml","type":"earthquake","title":"M 2.7 - 201 km WSW of Adak, Alaska"},"geometry":{"type":"Point","coordinates":[-179.218,51.053,19.8]},"id":"aka2026tfhmir"},
{"type":"Feature","properties":{"mag":3.37,"place":"23 km SSE of Boca de Yuma, Dominican Republic","time":1790580909620,"updated":1790583129340,"tz":null,"url":"https://earthquake.usgs.gov/earthquakes/eventpage/pr71534948","detail":"https://earthquake.usgs.gov/earthquakes/feed/v1.0/detail/pr71534948.geojson","felt":null,"cdi":null,"mmi":null,"alert":null,"status":"reviewed","tsunami":0,"sig":175,"net":"pr","code":"71534948","ids":",pr71534948,","sources":",pr,","types":",origin,phase-data,","nst":7,"dmin":0.35,"rms":0.29,"gap":209,"magType":"md","type":"earthquake","title":"M 3.4 - 23 km SSE of Boca de Yuma, Dominican Republic"},"geometry":{"type":"Point","coordinates":[-68.5103333333333,18.185,86.48]},"id":"pr71534948"},
{"type":"Feature","properties":{"mag":4.4,"place":"20 km SW of El Colomo, Mexico","time":1790580115131,"updated":1790666566082,"tz":null,"url":"https://earthquake.usgs.gov/earthquakes/eventpage/us6000ty3k","detail":"https://earthquake.usgs.gov/earthquakes/feed/v1.0/detail/us6000ty3k.geojson","felt":1,"cdi":3.1,"mmi":null,"alert":null,"status":"reviewed","tsunami":0,"sig":298,"net":"us","code":"6000ty3k","ids":",us6000ty3k,","sources":",us,","types":",dyfi,origin,phase-data,","nst":86,"dmin":3.064,"rms":0.83,"gap":162,"magType":"mb","type":"earthquake","title":"M 4.4 - 20 km SW of El Colomo, Mexico"},"geometry":{"type":"Point","coordinates":[-104.3766,18.9102,51.814]},"id":"us6000ty3k"},
{"type":"Feature","properties":{"mag":2.6,"place":"83 km ESE of Akutan, Alaska","time":1790579787915,"updated":1790720636898,"tz":null,"url":"https://earthquake.usgs.gov/earthquakes/eventpage/aka2026tfglxg","detail":"https://earthquake.usgs.gov/earthquakes/feed/v1.0/detail/aka2026tfglxg.geojson","felt":null,"cdi":null,"mmi":null,"alert":null,"status":"reviewed","tsunami":0,"sig":104,"net":"ak","code":"a2026tfglxg","ids":",aka2026tfglxg,","sources":",ak,","types":",origin,phase-data,","nst":27,"dmin":0.6,"rms":0.3,"gap":220,"magType":"ml","type":"earthquake","title":"M 2.6 - 83 km ESE of Akutan, Alaska"},"geometry":{"type":"Point","coordinates":[-164.561,53.907,24.3]},"id":"aka2026tfglxg"},
{"type":"Feature","properties":{"mag":4.7,"place":"149 km NE of Hicks Bay, New Zealand","time":1790577476356,"updated":1790584668040,"tz":null,"url":"https://earthquake.usgs.gov/earthquakes/eventpage/us6000ty3c","detail":"https://earthquake.usgs.gov/earthquakes/feed/v1.0/detail/us6000ty3c.geojson","felt":null,"cdi":null,"mmi":null,"alert":null,"status":"reviewed","tsunami":0,"sig":340,"net":"us","code":"6000ty3c","ids":",us6000ty3c,","sources":",us,","types":",origin,phase-data,","nst":29,"dmin":1.316,"rms":0.42,"gap":237,"magType":"mb","type":"earthquake","title":"M 4.7 - 149 km NE of Hicks Bay, New Zealand"},"geometry":{"type":"Point","coordinates":[179.6666,-36.8177,10]},"id":"us6000ty3c"},
{"type":"Feature","properties":{"mag":2.6,"place":"91 km SE of Akutan, Alaska","time":1790575026596,"updated":1790720202006,"tz":null,"url":"https://earthquake.usgs.gov/earthquakes/eventpage/aka2026tfduzs","detail":"https://earthquake.usgs.gov/earthquakes/feed/v1.0/detail/aka2026tfduzs.geojson","felt":null,"cdi":null,"mmi":null,"alert":null,"status":"reviewed","tsunami":0,"sig":104,"net":"ak","code":"a2026tfduzs","ids":",aka2026tfduzs,","sources":",ak,","types":",origin,phase-data,","nst":12,"dmin":0.8,"rms":0.6,"gap":321,"magType":"ml","type":"earthquake","title":"M 2.6 - 91 km SE of Akutan, Alaska"},"geometry":{"type":"Point","coordinates":[-164.966,53.464,20]},"id":"aka2026tfduzs"},
{"type":"Feature","properties":{"mag":3.3,"place":"20 km W of Preston, Nevada","time":1790574791730,"updated":1790661171040,"tz":null,"url":"https://earthquake.usgs.gov/earthquakes/eventpage/nn00924977","detail":"https://earthquake.usgs.gov/earthquakes/feed/v1.0/detail/nn00924977.geojson","felt":null,"cdi":null,"mmi":null,"alert":null,"status":"reviewed","tsunami":0,"sig":168,"net":"nn","code":"00924977","ids":",us6000ty39,nn00924977,","sources":",us,nn,","types":",origin,phase-data,","nst":8,"dmin":0.389,"rms":0.1453,"gap":194,"magType":"ml","type":"earthquake","title":"M 3.3 - 20 km W of Preston, Nevada"},"geometry":{"type":"Point","coordinates":[-115.2938,38.896,0]},"id":"nn00924977"},
{"type":"Feature","properties":{"mag":5.2,"place":"67 km ENE of Tadine, New Caledonia","time":1790574329689,"updated":1790575340040,"tz":null,"url":"https://earthquake.usgs.gov/earthquakes/eventpage/us6000ty38","detail":"https://earthquake.usgs.gov/earthquakes/feed/v1.0/detail/us6000ty38.geojson","felt":null,"cdi":null,"mmi":null,"alert":null,"status":"reviewed","tsunami":0,"sig":416,"net":"us","code":"6000ty38","ids":",us6000ty38,","sources":",us,","types":",origin,phase-data,","nst":43,"dmin":1.655,"rms":0.58,"gap":101,"magType":"mb","type":"earthquake","title":"M 5.2 - 67 km ENE of Tadine, New Caledonia"},"geometry":{"type":"Point","coordinates":[168.4274,-21.2247,10]},"id":"us6000ty38"},
{"type":"Feature","properties":{"mag":4.9,"place":"39 km ENE of Tadine, New Caledonia","time":1790574152024,"updated":1790578772040,"tz":null,"url":"https://earthquake.usgs.gov/earthquakes/eventpage/us6000ty36","detail":"https://earthquake.usgs.gov/earthquakes/feed/v1.0/detail/us6000ty36.geojson","felt":null,"cdi":null,"mmi":null,"alert":null,"status":"reviewed","tsunami":0,"sig":369,"net":"us","code":"6000ty36","ids":",us6000ty36,","sources":",us,","types":",origin,phase-data,","nst":42,"dmin":1.411,"rms":0.82,"gap":126,"magType":"mb","type":"earthquake","title":"M 4.9 - 39 km ENE of Tadine, New Caledonia"},"geometry":{"type":"Point","coordinates":[168.2294,-21.3968,10]},"id":"us6000ty36"},
{"type":"Feature","properties":{"mag":4.6,"place":"63 km ENE of Tadine, New Caledonia","time":1790574141379,"updated":1790577318040,"tz":null,"url":"https://earthquake.usgs.gov/earthquakes/eventpage/us6000ty3a","detail":"https://earthquake.usgs.gov/earthquakes/feed/v1.0/detail/us6000ty3a.geojson","felt":null,"cdi":null,"mmi":null,"alert":null,"status":"reviewed","tsunami":0,"sig":326,"net":"us","code":"6000ty3a","ids":",us6000ty3a,","sources":",us,","types":",origin,phase-data,","nst":35,"dmin":1.628,"rms":0.51,"gap":115,"magType":"mb","type":"earthquake","title":"M 4.6 - 63 km ENE of Tadine, New Caledonia"},"geometry":{"type":"Point","coordinates":[168.3953,-21.2372,10]},"id":"us6000ty3a"},
{"type":"Feature","properties":{"mag":2.8,"place":"62 km ESE of King Salmon, Alaska","time":1790573933403,"updated":1790719871411,"tz":null,"url":"https://earthquake.usgs.gov/earthquakes/eventpage/aka2026tfdfhc","detail":"https://earthquake.usgs.gov/earthquakes/feed/v1.0/detail/aka2026tfdfhc.geojson","felt":null,"cdi":null,"mmi":null,"alert":null,"status":"reviewed","tsunami":0,"sig":121,"net":"ak","code":"a2026tfdfhc","ids":",us6000ty35,aka2026tfdfhc,","sources":",us,ak,","types":",origin,phase-data,","nst":79,"dmin":0,"rms":0.5,"gap":37,"magType":"ml","type":"earthquake","title":"M 2.8 - 62 km ESE of King Salmon, Alaska"},"geometry":{"type":"Point","coordinates":[-155.688,58.45,151.8]},"id":"aka2026tfdfhc"},
{"type":"Feature","properties":{"mag":5.1,"place":"78 km ENE of Tadine, New Caledonia","time":1790573288891,"updated":1790574508040,"tz":null,"url":"https://earthquake.usgs.gov/earthquakes/eventpage/us6000ty33","detail":"https://earthquake.usgs.gov/earthquakes/feed/v1.0/detail/us6000ty33.geojson","felt":null,"cdi":null,"mmi":null,"alert":null,"status":"reviewed","tsunami":0,"sig":400,"net":"us","code":"6000ty33","ids":",us6000ty33,","sources":",us,","types":",origin,phase-data,","nst":41,"dmin":1.732,"rms":0.67,"gap":120,"magType":"mb","type":"earthquake","title":"M 5.1 - 78 km ENE of Tadine, New Caledonia"},"geometry":{"type":"Point","coordinates":[168.5459,-21.2065,10]},"id":"us6000ty33"},
{"type":"Feature","properties":{"mag":4.6,"place":"northwest of the Kuril Islands","time":1790570576780,"updated":1790571469040,"tz":null,"url":"https://earthquake.usgs.gov/earthquakes/eventpage/us6000ty2w","detail":"https://earthquake.usgs.gov/earthquakes/feed/v1.0/detail/us6000ty2w.geojson","felt":null,"cdi":null,"mmi":null,"alert":null,"status":"reviewed","tsunami":0,"sig":326,"net":"us","code":"6000ty2w","ids":",us6000ty2w,","sources":",us,","types":",origin,phase-data,","nst":56,"dmin":5.623,"rms":0.92,"gap":135,"magType":"mb","type":"earthquake","title":"M 4.6 - northwest of the Kuril Islands"},"geometry":{"type":"Point","coordinates":[151.5708,49.0259,258.706]},"id":"us6000ty2w"},
{"type":"Feature","properties":{"mag":4.9,"place":"South Sandwich Islands region","time":1790570493467,"updated":1790572032040,"tz":null,"url":"https://earthquake.usgs.gov/earthquakes/eventpage/us6000ty2y","detail":"https://earthquake.usgs.gov/earthquakes/feed/v1.0/detail/us6000ty2y.geojson","felt":null,"cdi":null,"mmi":null,"alert":null,"status":"reviewed","tsunami":0,"sig":369,"net":"us","code":"6000ty2y","ids":",us6000ty2y,","sources":",us,","types":",origin,phase-data,","nst":43,"dmin":7.103,"rms":0.95,"gap":88,"magType":"mb","type":"earthquake","title":"M 4.9 - South Sandwich Islands region"},"geometry":{"type":"Point","coordinates":[-25.347,-57.6502,35]},"id":"us6000ty2y"},
{"type":"Feature","properties":{"mag":5.4,"place":"231 km WSW of Port McNeill, Canada","time":1790570481639,"updated":1790706725040,"tz":null,"url":"https://earthquake.usgs.gov/earthquakes/eventpage/us6000ty2u","detail":"https://earthquake.usgs.gov/earthquakes/feed/v1.0/detail/us6000ty2u.geojson","felt":3,"cdi":1,"mmi":0,"alert":"green","status":"reviewed","tsunami":1,"sig":449,"net":"us","code":"6000ty2u","ids":",us6000ty2u,attm2513,","sources":",us,at,","types":",dyfi,impact-link,losspager,moment-tensor,origin,phase-data,shakemap,","nst":40,"dmin":1.461,"rms":1.07,"gap":175,"magType":"mww","type":"earthquake","title":"M 5.4 - 231 km WSW of Port McNeill, Canada"},"geometry":{"type":"Point","coordinates":[-130.2208,50.0527,10]},"id":"us6000ty2u"},
{"type":"Feature","properties":{"mag":3.4,"place":"7 km SE of Almaty, Kazakhstan","time":1790570290605,"updated":1790632264310,"tz":null,"url":"https://earthquake.usgs.gov/earthquakes/eventpage/us6000ty55","detail":"https://earthquake.usgs.gov/earthquakes/feed/v1.0/detail/us6000ty55.geojson","felt":5,"cdi":3.2,"mmi":null,"alert":null,"status":"reviewed","tsunami":0,"sig":179,"net":"us","code":"6000ty55","ids":",us6000ty55,","sources":",us,","types":",dyfi,origin,phase-data,","nst":10,"dmin":1.831,"rms":0.68,"gap":131,"magType":"ml","type":"earthquake","title":"M 3.4 - 7 km SE of Almaty, Kazakhstan"},"geometry":{"type":"Point","coordinates":[76.9838,43.2073,10]},"id":"us6000ty55"},
{"type":"Feature","properties":{"mag":2.59,"place":"3 km SE of Galateo, Puerto Rico","time":1790567731610,"updated":1790569493360,"tz":null,"url":"https://earthquake.usgs.gov/earthquakes/eventpage/pr71534903","detail":"https://earthquake.usgs.gov/earthquakes/feed/v1.0/detail/pr71534903.geojson","felt":null,"cdi":null,"mmi":null,"alert":null,"status":"reviewed","tsunami":0,"sig":103,"net":"pr","code":"71534903","ids":",pr71534903,","sources":",pr,","types":",origin,phase-data,","nst":15,"dmin":0.1238,"rms":0.21,"gap":173,"magType":"md","type":"earthquake","title":"M 2.6 - 3 km SE of Galateo, Puerto Rico"},"geometry":{"type":"Point","coordinates":[-66.2358333333333,18.3465,66.53]},"id":"pr71534903"},
{"type":"Feature","properties":{"mag":2.8,"place":"45 km W of Salamatof, Alaska","time":1790567282866,"updated":1790750609154,"tz":null,"url":"https://earthquake.usgs.gov/earthquakes/eventpage/aka2026tezneu","detail":"https://earthquake.usgs.gov/earthquakes/feed/v1.0/detail/aka2026tezneu.geojson","felt":null,"cdi":null,"mmi":null,"alert":null,"status":"reviewed","tsunami":0,"sig":121,"net":"ak","code":"a2026tezneu","ids":",us6000ty2d,aka2026tezneu,","sources":",us,ak,","types":",origin,phase-data,","nst":120,"dmin":0.3,"rms":0.7,"gap":36,"magType":"ml","type":"earthquake","title":"M 2.8 - 45 km W of Salamatof, Alaska"},"geometry":{"type":"Point","coordinates":[-152.143,60.559,91.2]},"id":"aka2026tezneu"},
{"type":"Feature","properties":{"mag":5.1,"place":"South Sandwich Islands region","time":1790567024172,"updated":1790567822040,"tz":null,"url":"https://earthquake.usgs.gov/earthquakes/eventpage/us6000ty2e","detail":"https://earthquake.usgs.gov/earthquakes/feed/v1.0/detail/us6000ty2e.geojson","felt":null,"cdi":null,"mmi":null,"alert":null,"status":"reviewed","tsunami":0,"sig":400,"net":"us","code":"6000ty2e","ids":",us6000ty2e,","sources":",us,","types":",origin,phase-data,","nst":59,"dmin":7.145,"rms":0.76,"gap":69,"magType":"mb","type":"earthquake","title":"M 5.1 - South Sandwich Islands region"},"geometry":{"type":"Point","coordinates":[-25.2785,-57.6701,35]},"id":"us6000ty2e"},
{"type":"Feature","properties":{"mag":5.3,"place":"60 km NE of Tadine, New Caledonia","time":1790565906893,"updated":1790573174040,"tz":null,"url":"https://earthquake.usgs.gov/earthquakes/eventpage/us6000ty2b","detail":"https://earthquake.usgs.gov/earthquakes/feed/v1.0/detail/us6000ty2b.geojson","felt":null,"cdi":null,"mmi":null,"alert":null,"status":"reviewed","tsunami":0,"sig":432,"net":"us","code":"6000ty2b","ids":",us6000ty2b,","sources":",us,","types":",moment-tensor,origin,phase-data,","nst":65,"dmin":1.618,"rms":0.83,"gap":72,"magType":"mww","type":"earthquake","title":"M 5.3 - 60 km NE of Tadine, New Caledonia"},"geometry":{"type":"Point","coordinates":[168.3545,-21.2245,10]},"id":"us6000ty2b"},
{"type":"Feature","properties":{"mag":4.7,"place":"59 km NE of Tadine, New Caledonia","time":1790565354201,"updated":1790894431040,"tz":null,"url":"https://earthquake.usgs.gov/earthquakes/eventpage/us6000ty3j","detail":"https://earthquake.usgs.gov/earthquakes/feed/v1.0/detail/us6000ty3j.geojson","felt":null,"cdi":null,"mmi":null,"alert":null,"status":"reviewed","tsunami":0,"sig":340,"net":"us","code":"6000ty3j","ids":",us6000ty3j,","sources":",us,","types":",origin,phase-data,","nst":23,"dmin":1.653,"rms":0.54,"gap":198,"magType":"mb","type":"earthquake","title":"M 4.7 - 59 km NE of Tadine, New Caledonia"},"geometry":{"type":"Point","coordinates":[168.2188,-21.1166,10]},"id":"us6000ty3j"},
{"type":"Feature","properties":{"mag":4.9,"place":"195 km WSW of Port McNeill, Canada","time":1790564023974,"updated":1790567560040,"tz":null,"url":"https://earthquake.usgs.gov/earthquakes/eventpage/us6000ty27","detail":"https://earthquake.usgs.gov/earthquakes/feed/v1.0/detail/us6000ty27.geojson","felt":null,"cdi":null,"mmi":null,"alert":null,"status":"reviewed","tsunami":0,"sig":369,"net":"us","code":"6000ty27","ids":",us6000ty27,","sources":",us,","types":",origin,phase-data,","nst":58,"dmin":1.126,"rms":0.94,"gap":183,"magType":"mww","type":"earthquake","title":"M 4.9 - 195 km WSW of Port McNeill, Canada"},"geometry":{"type":"Point","coordinates":[-129.7765,50.2372,10]},"id":"us6000ty27"},
{"type":"Feature","properties":{"mag":2.5,"place":"52 km SSW of Whites City, New Mexico","time":1790558129698,"updated":1790579144945,"tz":null,"url":"https://earthquake.usgs.gov/earthquakes/eventpage/tx2026tbsorg","detail":"https://earthquake.usgs.gov/earthquakes/feed/v1.0/detail/tx2026tbsorg.geojson","felt":null,"cdi":null,"mmi":null,"alert":null,"status":"reviewed","tsunami":0,"sig":96,"net":"tx","code":"2026tbsorg","ids":",tx2026tbsorg,","sources":",tx,","types":",origin,phase-data,","nst":36,"dmin":0,"rms":0.2,"gap":71,"magType":"ml","type":"earthquake","title":"M 2.5 - 52 km SSW of Whites City, New Mexico"},"geometry":{"type":"Point","coordinates":[-104.505,31.717,5.7922]},"id":"tx2026tbsorg"},
{"type":"Feature","properties":{"mag":3.43,"place":"19 km SE of La Romana, Dominican Republic","time":1790557511190,"updated":1790578004702,"tz":null,"url":"https://earthquake.usgs.gov/earthquakes/eventpage/pr71534883","detail":"https://earthquake.usgs.gov/earthquakes/feed/v1.0/detail/pr71534883.geojson","felt":1,"cdi":2,"mmi":null,"alert":null,"status":"reviewed","tsunami":0,"sig":181,"net":"pr","code":"71534883","ids":",pr71534883,us6000ty1z,","sources":",pr,us,","types":",dyfi,origin,phase-data,","nst":28,"dmin":0.4865,"rms":0.43,"gap":180,"magType":"md","type":"earthquake","title":"M 3.4 - 19 km SE of La Romana, Dominican Republic"},"geometry":{"type":"Point","coordinates":[-68.8423333333333,18.3016666666667,156.59]},"id":"pr71534883"},
{"type":"Feature","properties":{"mag":3.1,"place":"44 km E of Pedro Bay, Alaska","time":1790557419347,"updated":1790630407748,"tz":null,"url":"https://earthquake.usgs.gov/earthquakes/eventpage/aka2026teuaqx","detail":"https://earthquake.usgs.gov/earthquakes/feed/v1.0/detail/aka2026teuaqx.geojson","felt":null,"cdi":null,"mmi":null,"alert":null,"status":"reviewed","tsunami":0,"sig":148,"net":"ak","code":"a2026teuaqx","ids":",us6000ty1p,aka2026teuaqx,","sources":",us,ak,","types":",origin,phase-data,","nst":155,"dmin":0.1,"rms":0.9,"gap":54,"magType":"ml","type":"earthquake","title":"M 3.1 - 44 km E of Pedro Bay, Alaska"},"geometry":{"type":"Point","coordinates":[-153.311,59.819,138.3]},"id":"aka2026teuaqx"},
{"type":"Feature","properties":{"mag":4.9,"place":"43 km W of Palauig, Philippines","time":1790556883108,"updated":1790570770040,"tz":null,"url":"https://earthquake.usgs.gov/earthquakes/eventpage/us6000ty1l","detail":"https://earthquake.usgs.gov/earthquakes/feed/v1.0/detail/us6000ty1l.geojson","felt":null,"cdi":null,"mmi":null,"alert":null,"status":"reviewed","tsunami":0,"sig":369,"net":"us","code":"6000ty1l","ids":",us6000ty1l,","sources":",us,","types":",origin,phase-data,","nst":77,"dmin":7.894,"rms":0.66,"gap":120,"magType":"mb","type":"earthquake","title":"M 4.9 - 43 km W of Palauig, Philippines"},"geometry":{"type":"Point","coordinates":[119.503,15.4374,10]},"id":"us6000ty1l"},
{"type":"Feature","properties":{"mag":4.8,"place":"80 km E of Tadine, New Caledonia","time":1790556453083,"updated":1790568372040,"tz":null,"url":"https://earthquake.usgs.gov/earthquakes/eventpage/us6000ty1m","detail":"https://earthquake.usgs.gov/earthquakes/feed/v1.0/detail/us6000ty1m.geojson","felt":null,"cdi":null,"mmi":null,"alert":null,"status":"reviewed","tsunami":0,"sig":354,"net":"us","code":"6000ty1m","ids":",us6000ty1m,","sources":",us,","types":",origin,phase-data,","nst":30,"dmin":1.608,"rms":0.51,"gap":137,"magType":"mb","type":"earthquake","title":"M 4.8 - 80 km E of Tadine, New Caledonia"},"geometry":{"type":"Point","coordinates":[168.6452,-21.4457,10]},"id":"us6000ty1m"},
{"type":"Feature","properties":{"mag":4.5,"place":"74 km SE of Ossora, Russia","time":1790555879117,"updated":1790565651040,"tz":null,"url":"https://earthquake.usgs.gov/earthquakes/eventpage/us6000ty1j","detail":"https://earthquake.usgs.gov/earthquakes/feed/v1.0/detail/us6000ty1j.geojson","felt":null,"cdi":null,"mmi":null,"alert":null,"status":"reviewed","tsunami":0,"sig":312,"net":"us","code":"6000ty1j","ids":",us6000ty1j,","sources":",us,","types":",origin,phase-data,","nst":75,"dmin":6.63,"rms":0.91,"gap":76,"magType":"mb","type":"earthquake","title":"M 4.5 - 74 km SE of Ossora, Russia"},"geometry":{"type":"Point","coordinates":[163.9027,58.7371,10]},"id":"us6000ty1j"},
{"type":"Feature","properties":{"mag":2.56,"place":"23 km N of Trout Lake, Washington","time":1790554329330,"updated":1790887455040,"tz":null,"url":"https://earthquake.usgs.gov/earthquakes/eventpage/uw714110692","detail":"https://earthquake.usgs.gov/earthquakes/feed/v1.0/detail/uw714110692.geojson","felt":2,"cdi":2.2,"mmi":null,"alert":null,"status":"reviewed","tsunami":0,"sig":101,"net":"uw","code":"714110692","ids":",uw714110692,us6000ty1d,","sources":",uw,us,","types":",dyfi,origin,phase-data,","nst":77,"dmin":0.09122,"rms":0.18,"gap":44,"magType":"ml","type":"earthquake","title":"M 2.6 - 23 km N of Trout Lake, Washington"},"geometry":{"type":"Point","coordinates":[-121.518666666667,46.2126666666667,-1.07]},"id":"uw714110692"},
{"type":"Feature","properties":{"mag":3,"place":"73 km WSW of Adak, Alaska","time":1790553743459,"updated":1790634444040,"tz":null,"url":"https://earthquake.usgs.gov/earthquakes/eventpage/us6000ty8e","detail":"https://earthquake.usgs.gov/earthquakes/feed/v1.0/detail/us6000ty8e.geojson","felt":null,"cdi":null,"mmi":null,"alert":null,"status":"reviewed","tsunami":0,"sig":138,"net":"us","code":"6000ty8e","ids":",aka2026terzmg,us6000ty8e,","sources":",ak,us,","types":",origin,phase-data,","nst":36,"dmin":0.302,"rms":0.93,"gap":195,"magType":"ml","type":"earthquake","title":"M 3.0 - 73 km WSW of Adak, Alaska"},"geometry":{"type":"Point","coordinates":[-177.551,51.5332,28.498]},"id":"us6000ty8e"},
{"type":"Feature","properties":{"mag":4.5,"place":"Fiji region","time":1790553348800,"updated":1790563830040,"tz":null,"url":"https://earthquake.usgs.gov/earthquakes/eventpage/us6000ty1a","detail":"https://earthquake.usgs.gov/earthquakes/feed/v1.0/detail/us6000ty1a.geojson","felt":null,"cdi":null,"mmi":null,"alert":null,"status":"reviewed","tsunami":0,"sig":312,"net":"us","code":"6000ty1a","ids":",us6000ty1a,","sources":",us,","types":",origin,phase-data,","nst":31,"dmin":4.692,"rms":0.69,"gap":133,"magType":"mb","type":"earthquake","title":"M 4.5 - Fiji region"},"geometry":{"type":"Point","coordinates":[-179.7824,-21.9936,602.188]},"id":"us6000ty1a"},
{"type":"Feature","properties":{"mag":2.5,"place":"59 km NW of Toyah, Texas","time":1790552752397,"updated":1790887643040,"tz":null,"url":"https://earthquake.usgs.gov/earthquakes/eventpage/tx2026tbppja","detail":"https://earthquake.usgs.gov/earthquakes/feed/v1.0/detail/tx2026tbppja.geojson","felt":null,"cdi":null,"mmi":null,"alert":null,"status":"reviewed","tsunami":0,"sig":96,"net":"tx","code":"2026tbppja","ids":",us6000ty16,tx2026tbppja,","sources":",us,tx,","types":",origin,phase-data,","nst":40,"dmin":0.1,"rms":0.1,"gap":73,"magType":"ml","type":"earthquake","title":"M 2.5 - 59 km NW of Toyah, Texas"},"geometry":{"type":"Point","coordinates":[-104.312,31.617,8.4583]},"id":"tx2026tbppja"},
{"type":"Feature","properties":{"mag":3.5,"place":"73 km SSW of Atka, Alaska","time":1790546942880,"updated":1790571950040,"tz":null,"url":"https://earthquake.usgs.gov/earthquakes/eventpage/us6000ty2n","detail":"https://earthquake.usgs.gov/earthquakes/feed/v1.0/detail/us6000ty2n.geojson","felt":null,"cdi":null,"mmi":2.335,"alert":null,"status":"reviewed","tsunami":0,"sig":188,"net":"us","code":"6000ty2n","ids":",aka2026teoffn,us6000ty2n,","sources":",ak,us,","types":",origin,phase-data,shakemap,","nst":34,"dmin":0.664,"rms":0.4,"gap":203,"magType":"ml","type":"earthquake","title":"M 3.5 - 73 km SSW of Atka, Alaska"},"geometry":{"type":"Point","coordinates":[-174.5615,51.5777,10]},"id":"us6000ty2n"},
{"type":"Feature","properties":{"mag":4.6,"place":"19 km SW of Sipí, Colombia","time":1790546272827,"updated":1790549090040,"tz":null,"url":"https://earthquake.usgs.gov/earthquakes/eventpage/us6000ty0u","detail":"https://earthquake.usgs.gov/earthquakes/feed/v1.0/detail/us6000ty0u.geojson","felt":null,"cdi":null,"mmi":null,"alert":null,"status":"reviewed","tsunami":0,"sig":326,"net":"us","code":"6000ty0u","ids":",us6000ty0u,","sources":",us,","types":",origin,phase-data,","nst":43,"dmin":2.063,"rms":0.67,"gap":89,"magType":"mb","type":"earthquake","title":"M 4.6 - 19 km SW of Sipí, Colombia"},"geometry":{"type":"Point","coordinates":[-76.7753,4.5313,70.497]},"id":"us6000ty0u"},
{"type":"Feature","properties":{"mag":2.6,"place":"37 km ENE of Chase, Alaska","time":1790546016911,"updated":1790547428040,"tz":null,"url":"https://earthquake.usgs.gov/earthquakes/eventpage/aka2026tenrvu","detail":"https://earthquake.usgs.gov/earthquakes/feed/v1.0/detail/aka2026tenrvu.geojson","felt":null,"cdi":null,"mmi":null,"alert":null,"status":"automatic","tsunami":0,"sig":104,"net":"ak","code":"a2026tenrvu","ids":",us6000ty0r,aka2026tenrvu,","sources":",us,ak,","types":",origin,phase-data,","nst":87,"dmin":0.4,"rms":0.9,"gap":27,"magType":"ml","type":"earthquake","title":"M 2.6 - 37 km ENE of Chase, Alaska"},"geometry":{"type":"Point","coordinates":[-149.453,62.611,61.7]},"id":"aka2026tenrvu"},
{"type":"Feature","properties":{"mag":4.8,"place":"2 km W of Guaymate, Dominican Republic","time":1790545788024,"updated":1790604218523,"tz":null,"url":"https://earthquake.usgs.gov/earthquakes/eventpage/us6000ty0q","detail":"https://earthquake.usgs.gov/earthquakes/feed/v1.0/detail/us6000ty0q.geojson","felt":216,"cdi":3.8,"mmi":null,"alert":null,"status":"reviewed","tsunami":0,"sig":437,"net":"us","code":"6000ty0q","ids":",pt26270050,us6000ty0q,","sources":",pt,us,","types":",dyfi,moment-tensor,origin,phase-data,","nst":77,"dmin":0.59,"rms":0.71,"gap":57,"magType":"mww","type":"earthquake","title":"M 4.8 - 2 km W of Guaymate, Dominican Republic"},"geometry":{"type":"Point","coordinates":[-68.9986,18.5869,119.235]},"id":"us6000ty0q"},
{"type":"Feature","properties":{"mag":3.3,"place":"271 km SE of Sand Point, Alaska","time":1790544980167,"updated":1790571615040,"tz":null,"url":"https://earthquake.usgs.gov/earthquakes/eventpage/us6000ty2m","detail":"https://earthquake.usgs.gov/earthquakes/feed/v1.0/detail/us6000ty2m.geojson","felt":null,"cdi":null,"mmi":null,"alert":null,"status":"reviewed","tsunami":0,"sig":168,"net":"us","code":"6000ty2m","ids":",aka2026tencgw,us6000ty2m,","sources":",ak,us,","types":",origin,phase-data,","nst":52,"dmin":2.698,"rms":0.82,"gap":244,"magType":"ml","type":"earthquake","title":"M 3.3 - 271 km SE of Sand Point, Alaska"},"geometry":{"type":"Point","coordinates":[-157.7326,53.511,10]},"id":"us6000ty2m"},
{"type":"Feature","properties":{"mag":2.6,"place":"73 km NNE of Petersville, Alaska","time":1790543833242,"updated":1790544059286,"tz":null,"url":"https://earthquake.usgs.gov/earthquakes/eventpage/aka2026temmhr","detail":"https://earthquake.usgs.gov/earthquakes/feed/v1.0/detail/aka2026temmhr.geojson","felt":null,"cdi":null,"mmi":null,"alert":null,"status":"automatic","tsunami":0,"sig":104,"net":"ak","code":"a2026temmhr","ids":",aka2026temmhr,","sources":",ak,","types":",origin,phase-data,","nst":78,"dmin":0.6,"rms":0.6,"gap":30,"magType":"ml","type":"earthquake","title":"M 2.6 - 73 km NNE of Petersville, Alaska"},"geometry":{"type":"Point","coordinates":[-150.41,63.139,111.7]},"id":"aka2026temmhr"},
{"type":"Feature","properties":{"mag":4.5,"place":"0 km ESE of Naisano Dua, Indonesia","time":1790543691832,"updated":1790557295040,"tz":null,"url":"https://earthquake.usgs.gov/earthquakes/eventpage/us6000ty0k","detail":"https://earthquake.usgs.gov/earthquakes/feed/v1.0/detail/us6000ty0k.geojson","felt":null,"cdi":null,"mmi":null,"alert":null,"status":"reviewed","tsunami":0,"sig":312,"net":"us","code":"6000ty0k","ids":",us6000ty0k,","sources":",us,","types":",origin,phase-data,","nst":19,"dmin":6.056,"rms":0.69,"gap":163,"magType":"mb","type":"earthquake","title":"M 4.5 - 0 km ESE of Naisano Dua, Indonesia"},"geometry":{"type":"Point","coordinates":[123.7756,-9.5995,35]},"id":"us6000ty0k"},
{"type":"Feature","properties":{"mag":5,"place":"South Sandwich Islands region","time":1790543613366,"updated":1790545669040,"tz":null,"url":"https://earthquake.usgs.gov/earthquakes/eventpage/us6000ty0j","detail":"https://earthquake.usgs.gov/earthquakes/feed/v1.0/detail/us6000ty0j.geojson","felt":null,"cdi":null,"mmi":null,"alert":null,"status":"reviewed","tsunami":0,"sig":385,"net":"us","code":"6000ty0j","ids":",us6000ty0j,","sources":",us,","types":",origin,phase-data,","nst":73,"dmin":7.542,"rms":0.57,"gap":39,"magType":"mb","type":"earthquake","title":"M 5.0 - South Sandwich Islands region"},"geometry":{"type":"Point","coordinates":[-25.8945,-59.0586,103.838]},"id":"us6000ty0j"},
{"type":"Feature","properties":{"mag":4.4,"place":"269 km S of Severo-Kuril’sk, Russia","time":1790542161865,"updated":1791048846040,"tz":null,"url":"https://earthquake.usgs.gov/earthquakes/eventpage/us6000ty0g","detail":"https://earthquake.usgs.gov/earthquakes/feed/v1.0/detail/us6000ty0g.geojson","felt":null,"cdi":null,"mmi":null,"alert":null,"status":"reviewed","tsunami":0,"sig":298,"net":"us","code":"6000ty0g","ids":",us6000ty0g,","sources":",us,","types":",origin,phase-data,","nst":42,"dmin":4.859,"rms":0.61,"gap":136,"magType":"mb","type":"earthquake","title":"M 4.4 - 269 km S of Severo-Kuril’sk, Russia"},"geometry":{"type":"Point","coordinates":[156.778,48.2909,10]},"id":"us6000ty0g"},
{"type":"Feature","properties":{"mag":4,"place":"32 km N of Whakatane, New Zealand","time":1790542160522,"updated":1791048674040,"tz":null,"url":"https://earthquake.usgs.gov/earthquakes/eventpage/us6000ty0e","detail":"https://earthquake.usgs.gov/earthquakes/feed/v1.0/detail/us6000ty0e.geojson","felt":null,"cdi":null,"mmi":null,"alert":null,"status":"reviewed","tsunami":0,"sig":246,"net":"us","code":"6000ty0e","ids":",us6000ty0e,","sources":",us,","types":",origin,phase-data,","nst":20,"dmin":0.949,"rms":0.85,"gap":142,"magType":"mb","type":"earthquake","title":"M 4.0 - 32 km N of Whakatane, New Zealand"},"geometry":{"type":"Point","coordinates":[177.0077,-37.6646,151.349]},"id":"us6000ty0e"}],"bbox":[-179.9859,-63.5619,-3.19,179.6666,82.6385,637.906]}